track,lon,lat
0,-48.0000,13.4000
0,-49.5000,13.7000
0,-51.0000,14.0000
0,-52.8000,14.4000
0,-54.6000,14.9000
0,-56.5000,15.4000
0,-58.5000,15.9000
0,-60.4000,16.1000
0,-62.5000,16.6000
0,-64.1000,16.9000
0,-66.0000,17.2000
0,-67.6000,17.6000
0,-69.3000,18.0000
0,-71.1000,18.4000
0,-72.6000,18.9000
0,-74.3000,19.4000
0,-75.9000,19.9000
0,-77.6000,20.5000
0,-79.0000,21.2000
0,-80.4000,21.9000
0,-81.4000,22.6000
0,-82.5000,23.2000
0,-83.6000,23.9000
0,-84.3000,24.4000
0,-84.9000,25.0000
0,-85.5000,25.6000
0,-86.0000,26.2000
0,-86.3000,26.8000
0,-86.5000,27.4000
0,-86.6000,28.0000
0,-86.6000,28.5000
0,-86.1000,29.6000
0,-85.7000,30.1000
0,-85.1000,30.7000
0,-84.1000,31.6000
0,-83.0000,32.5000
0,-81.4000,33.4000
0,-80.0000,34.0000
0,-78.6000,34.8000
0,-77.0000,35.8000
0,-75.1000,36.8000
0,-73.6000,37.8000
0,-71.8000,38.9000
0,-70.0000,40.0000
0,-66.8000,41.3000
0,-63.3000,42.8000
0,-60.2000,44.5000
0,-57.2000,46.4000
0,-54.2000,48.5000
1,-67.1000,20.5000
1,-68.0000,20.7000
1,-68.8000,20.9000
1,-69.6000,21.1000
1,-70.6000,21.2000
1,-71.9000,21.5000
1,-73.0000,21.7000
1,-74.0000,21.9000
1,-74.9000,22.1000
1,-76.1000,22.2000
1,-77.1000,22.6000
1,-78.1000,22.9000
1,-79.3000,23.2000
1,-80.1000,23.5000
1,-81.1000,23.8000
1,-82.1000,24.2000
1,-83.1000,24.7000
1,-83.9000,25.2000
1,-84.6000,25.7000
1,-85.3000,26.2000
1,-86.0000,26.7000
1,-86.6000,27.2000
1,-87.1000,27.7000
1,-87.5000,28.2000
1,-87.8000,28.6000
1,-88.0000,28.8000
1,-88.2000,29.1000
1,-88.4000,29.4000
1,-88.6000,29.8000
1,-88.6000,30.2000
1,-88.5000,30.6000
1,-88.1000,31.2000
1,-87.4000,31.8000
1,-86.3000,32.3000
1,-84.8000,32.8000
1,-82.8000,33.2000
1,-80.5000,33.5000
1,-78.2000,33.8000
1,-76.0000,34.0000
1,-74.2000,34.4000
1,-72.8000,35.2000
1,-71.8000,36.4000
1,-70.8000,38.0000
1,-69.6000,39.6000
1,-68.0000,41.0000
2,-76.6000,26.4000
2,-77.6000,27.2000
2,-78.6000,28.0000
2,-79.6000,28.8000
2,-80.3000,29.6000
2,-80.6000,30.4000
2,-80.9000,31.1000
2,-81.1000,31.6000
2,-81.1000,31.7000
2,-81.3000,32.0000
2,-81.5000,32.5000
2,-81.5000,33.2000
2,-80.5000,34.3000
2,-78.1000,35.5000
2,-75.9000,36.8000
2,-74.0000,37.8000
2,-71.9000,38.4000
2,-69.5000,38.8000
2,-67.3000,39.0000
2,-65.0000,39.4000
2,-61.8000,39.5000
2,-58.3000,39.8000
2,-55.1000,40.0000
2,-52.0000,40.0000
2,-48.0000,40.2000
3,-89.1000,26.7000
3,-89.1000,27.1000
3,-89.3000,27.5000
3,-89.4000,28.1000
3,-89.5000,28.8000
3,-89.5000,29.2000
3,-89.5000,29.6000
3,-89.4000,30.2000
3,-89.1000,31.0000
3,-88.8000,32.0000
3,-88.3000,33.0000
4,-83.9000,25.0000
4,-85.1000,25.7000
4,-86.5000,26.3000
4,-87.8000,27.0000
4,-89.1000,27.7000
4,-89.8000,28.2000
4,-90.5000,28.7000
4,-91.1000,29.2000
4,-91.6000,29.7000
4,-91.8000,30.0000
4,-91.9000,30.3000
4,-91.8000,30.6000
4,-91.6000,30.9000
4,-91.0000,31.3000
5,-69.8000,21.0000
5,-70.8000,21.0000
5,-71.9000,21.1000
5,-72.8000,21.2000
5,-73.9000,21.6000
5,-74.8000,21.7000
5,-75.9000,22.0000
5,-76.6000,22.2000
5,-77.6000,22.4000
5,-78.6000,22.6000
5,-79.5000,22.7000
5,-80.6000,22.7000
5,-81.6000,22.9000
5,-82.9000,23.0000
5,-84.0000,23.2000
5,-84.6000,23.6000
5,-85.1000,23.9000
5,-85.6000,24.2000
5,-86.4000,24.7000
5,-86.8000,24.9000
5,-87.1000,25.2000
5,-87.3000,25.6000
5,-87.4000,26.2000
5,-87.3000,27.5000
5,-86.6000,28.9000
5,-85.9000,30.2000
5,-84.8000,31.1000
5,-83.3000,32.2000
5,-81.6000,33.0000
5,-79.6000,34.0000
5,-77.9000,34.7000
5,-75.3000,35.5000
5,-72.8000,36.3000
5,-70.0000,36.8000
5,-67.3000,37.2000
5,-64.6000,37.7000
5,-61.8000,38.2000
5,-58.6000,38.8000
5,-56.0000,39.0000
5,-52.3000,39.5000
6,-84.1000,27.9000
6,-84.5000,27.8000
6,-84.8000,27.8000
6,-85.3000,27.7000
6,-85.9000,27.6000
6,-86.3000,27.5000
6,-86.8000,27.5000
6,-87.5000,27.4000
6,-88.0000,27.4000
6,-88.5000,27.4000
6,-89.0000,27.5000
6,-89.5000,27.5000
6,-89.9000,27.6000
6,-90.1000,27.9000
6,-90.3000,28.4000
6,-90.1000,29.0000
6,-90.0000,29.2000
6,-89.8000,29.7000
6,-88.9000,30.5000
6,-88.0000,31.0000
6,-86.8000,31.3000
6,-85.6000,31.4000
6,-84.6000,31.5000
6,-83.6000,31.7000
6,-82.6000,31.8000
6,-81.6000,31.9000
6,-80.6000,32.0000
6,-79.6000,32.0000
6,-78.6000,32.0000
6,-77.6000,32.0000
6,-76.6000,32.3000
6,-75.6000,32.5000
6,-74.6000,32.7000
6,-73.5000,33.0000
6,-72.0000,33.3000
7,-35.0000,13.2000
7,-36.0000,13.3000
7,-37.0000,13.4000
7,-38.0000,13.6000
7,-39.4000,13.9000
7,-40.7000,14.2000
7,-42.0000,14.5000
7,-43.2000,14.8000
7,-44.3000,15.1000
7,-45.7000,15.5000
7,-47.0000,15.8000
7,-48.0000,16.0000
7,-49.5000,16.2000
7,-50.9000,16.6000
7,-52.5000,17.0000
7,-53.9000,17.2000
7,-55.1000,17.5000
7,-56.7000,17.9000
7,-58.2000,18.2000
7,-59.5000,18.5000
7,-60.7000,18.7000
7,-62.3000,19.1000
7,-63.7000,19.4000
7,-64.9000,19.7000
7,-66.3000,20.2000
7,-67.6000,20.6000
7,-69.0000,20.9000
7,-70.4000,21.2000
7,-71.9000,21.6000
7,-73.6000,22.0000
7,-75.0000,22.5000
7,-76.1000,23.4000
7,-77.1000,24.5000
7,-77.6000,25.9000
7,-77.9000,27.3000
7,-77.8000,28.0000
7,-77.6000,28.5000
7,-77.1000,29.3000
7,-76.3000,30.5000
7,-75.0000,32.0000
7,-73.1000,33.5000
7,-71.0000,34.7000
7,-68.5000,36.0000
7,-65.3000,37.5000
7,-62.1000,39.0000
7,-58.4000,40.7000
7,-54.5000,42.0000
7,-50.0000,43.0000
8,-74.0000,17.5000
8,-75.0000,18.1000
8,-76.0000,18.7000
8,-77.0000,19.1000
8,-78.0000,19.5000
8,-79.1000,20.0000
8,-80.0000,20.5000
8,-80.4000,21.0000
8,-80.9000,21.4000
8,-81.3000,21.7000
8,-81.6000,22.1000
8,-81.9000,22.4000
8,-82.1000,22.7000
8,-82.1000,23.1000
8,-82.0000,23.4000
8,-81.9000,23.7000
8,-81.8000,23.9000
8,-81.6000,24.1000
8,-81.4000,24.2000
8,-81.1000,24.4000
8,-81.0000,24.5000
8,-80.8000,24.6000
8,-80.6000,24.7000
8,-80.3000,24.9000
8,-80.0000,25.1000
8,-79.8000,25.2000
8,-79.5000,25.5000
8,-79.0000,25.8000
8,-78.6000,26.2000
8,-78.1000,26.5000
8,-77.6000,26.8000
8,-77.0000,27.3000
8,-76.3000,27.8000
8,-75.6000,28.3000
8,-74.9000,28.9000
8,-74.0000,29.5000
8,-72.9000,30.1000
8,-71.8000,30.7000
8,-70.5000,31.4000
8,-69.1000,32.2000
9,-72.4000,26.5000
9,-73.0000,26.6000
9,-73.6000,26.7000
9,-74.3000,26.7000
9,-75.0000,26.8000
9,-75.8000,26.8000
9,-76.7000,26.8000
9,-77.7000,26.8000
9,-78.5000,26.8000
9,-79.1000,26.8000
9,-79.5000,26.8000
9,-79.8000,26.9000
9,-80.1000,27.0000
9,-80.2000,27.1000
9,-80.5000,27.2000
9,-81.1000,27.6000
9,-81.7000,28.3000
9,-82.1000,29.0000
9,-82.5000,29.7000
9,-82.3000,30.4000
9,-81.9000,30.8000
9,-81.4000,31.3000
9,-80.8000,31.8000
9,-80.2000,32.1000
9,-79.6000,32.3000
9,-78.8000,32.5000
9,-77.6000,32.7000
9,-76.8000,32.6000
9,-76.4000,32.4000
9,-76.1000,32.0000
9,-76.3000,31.7000
9,-76.5000,31.4000
9,-77.1000,31.2000
9,-78.0000,31.1000
9,-78.6000,31.0000
9,-79.5000,31.0000
9,-80.4000,31.1000
9,-81.4000,31.2000
9,-82.4000,31.3000
9,-83.5000,31.4000
9,-84.5000,31.4000
10,-62.3000,14.7000
10,-63.1000,14.8000
10,-64.0000,15.0000
10,-65.1000,15.3000
10,-66.5000,15.7000
10,-67.6000,16.0000
10,-69.0000,16.2000
10,-70.1000,16.6000
10,-71.1000,16.9000
10,-72.3000,17.4000
10,-73.0000,18.0000
10,-73.9000,19.0000
10,-74.5000,19.7000
10,-75.5000,20.2000
10,-76.5000,20.2000
10,-77.1000,20.2000
10,-77.8000,20.1000
10,-78.4000,20.0000
10,-79.0000,20.0000
10,-79.6000,20.1000
10,-80.1000,20.1000
10,-80.6000,20.1000
10,-81.0000,20.0000
10,-81.4000,20.0000
10,-81.8000,20.0000
10,-82.1000,20.0000
10,-82.5000,20.0000
10,-82.8000,20.0000
10,-83.1000,20.0000
10,-83.6000,20.0000
10,-84.0000,20.0000
10,-84.6000,20.0000
10,-85.1000,20.0000
10,-85.6000,20.1000
10,-86.0000,20.2000
10,-86.1000,20.4000
10,-86.4000,20.8000
10,-86.5000,21.2000
10,-86.5000,21.5000
10,-86.4000,21.9000
10,-86.1000,22.4000
10,-85.9000,23.0000
10,-85.5000,23.7000
10,-84.1000,24.7000
10,-82.5000,26.2000
10,-82.2000,26.5000
10,-80.3000,28.1000
10,-78.6000,29.7000
10,-77.1000,31.1000
10,-75.6000,32.4000
10,-74.1000,33.7000
10,-72.6000,35.0000
10,-70.9000,36.3000
10,-68.5000,37.5000
10,-66.1000,38.8000
10,-64.5000,39.5000
10,-63.0000,40.0000
10,-61.5000,40.5000
10,-60.0000,41.0000
11,-79.0000,12.0000
11,-79.0000,12.2000
11,-79.0000,12.4000
11,-79.0000,12.6000
11,-79.0000,12.8000
11,-79.1000,13.0000
11,-79.2000,13.2000
11,-79.2000,13.5000
11,-79.4000,13.8000
11,-79.5000,14.1000
11,-79.6000,14.4000
11,-79.7000,14.7000
11,-79.8000,15.0000
11,-79.9000,15.4000
11,-80.0000,15.8000
11,-80.1000,16.2000
11,-80.2000,16.6000
11,-80.3000,17.0000
11,-80.4000,17.4000
11,-80.5000,17.8000
11,-80.6000,18.2000
11,-80.7000,18.6000
11,-80.8000,19.0000
11,-80.9000,19.4000
11,-81.1000,19.7000
11,-81.3000,20.2000
11,-81.5000,20.7000
11,-81.7000,21.2000
11,-81.9000,21.7000
11,-82.2000,22.3000
11,-82.3000,22.7000
11,-82.3000,23.6000
11,-81.9000,24.7000
11,-81.4000,25.8000
11,-81.3000,26.0000
11,-80.5000,27.5000
11,-79.6000,28.8000
11,-78.8000,30.0000
11,-77.9000,31.0000
11,-76.7000,31.9000
11,-74.9000,32.5000
11,-72.6000,33.0000
11,-69.8000,33.3000
11,-67.8000,33.5000
11,-66.6000,33.5000
11,-65.6000,33.8000
11,-64.6000,33.9000
11,-63.5000,34.0000
11,-62.0000,34.2000
12,-55.5000,11.7000
12,-56.5000,11.7000
12,-57.7000,11.7000
12,-59.1000,11.8000
12,-60.5000,11.8000
12,-62.0000,11.8000
12,-63.3000,11.7000
12,-64.4000,11.6000
12,-65.8000,11.6000
12,-67.0000,11.6000
12,-68.0000,11.7000
12,-69.1000,11.8000
12,-70.3000,12.1000
12,-71.4000,12.3000
12,-72.5000,12.7000
12,-73.6000,13.0000
12,-74.6000,13.3000
12,-75.9000,13.7000
12,-77.0000,14.0000
12,-78.0000,14.3000
12,-79.1000,14.7000
12,-80.1000,15.0000
12,-81.0000,15.3000
12,-81.6000,15.7000
12,-82.1000,16.1000
12,-82.6000,16.7000
12,-83.1000,17.1000
12,-83.6000,17.7000
12,-84.3000,18.2000
12,-85.1000,18.9000
12,-85.5000,19.5000
12,-85.9000,20.1000
12,-86.1000,20.6000
12,-86.4000,21.2000
12,-86.8000,21.9000
12,-87.0000,22.4000
12,-87.1000,22.9000
12,-87.3000,23.4000
12,-87.5000,23.9000
12,-87.7000,24.4000
12,-87.8000,24.9000
12,-87.8000,25.4000
12,-87.7000,26.0000
12,-87.6000,26.5000
12,-87.5000,27.1000
12,-87.3000,27.5000
12,-87.0000,28.0000
12,-86.4000,28.8000
12,-85.9000,29.5000
12,-85.5000,30.0000
12,-85.3000,30.1000
12,-84.5000,30.7000
12,-83.3000,31.7000
12,-82.1000,32.8000
12,-80.8000,33.9000
12,-79.3000,35.0000
12,-77.4000,36.9000
12,-74.9000,39.3000
12,-72.4000,40.8000
12,-69.5000,42.0000
12,-66.0000,43.5000
13,-58.0000,19.0000
13,-59.0000,19.0000
13,-60.0000,19.0000
13,-61.3000,19.0000
13,-62.9000,19.1000
13,-64.5000,19.2000
13,-65.6000,19.2000
13,-66.8000,19.5000
13,-68.0000,19.7000
13,-69.0000,20.1000
13,-70.0000,20.5000
13,-71.1000,21.2000
13,-72.1000,21.7000
13,-72.9000,22.5000
13,-73.6000,23.2000
13,-74.6000,24.2000
13,-75.6000,25.2000
13,-76.9000,26.5000
13,-77.6000,27.7000
13,-78.4000,29.3000
13,-78.4000,31.2000
13,-77.9000,32.8000
13,-76.8000,34.5000
13,-75.4000,37.3000
13,-73.4000,39.5000
13,-70.8000,41.4000
13,-68.0000,43.3000
13,-65.4000,44.8000
13,-61.7000,46.5000
13,-58.3000,48.2000
13,-55.0000,49.3000
13,-51.5000,50.2000
14,-88.5000,23.5000
14,-88.8000,23.7000
14,-89.1000,24.0000
14,-89.3000,24.2000
14,-89.6000,24.4000
14,-90.0000,24.7000
14,-90.3000,25.0000
14,-90.6000,25.4000
14,-91.0000,25.8000
14,-91.3000,26.2000
14,-91.5000,26.8000
14,-91.6000,27.3000
14,-91.7000,27.8000
14,-91.6000,28.3000
14,-91.5000,28.8000
14,-91.4000,29.5000
14,-91.1000,29.9000
14,-90.5000,31.2000
14,-89.9000,32.4000
14,-88.5000,33.5000
14,-87.1000,34.8000
15,-67.5000,19.5000
15,-68.5000,19.7000
15,-69.3000,20.2000
15,-70.1000,20.7000
15,-70.9000,21.2000
15,-71.8000,21.7000
15,-72.5000,22.0000
15,-73.4000,22.2000
15,-74.3000,22.5000
15,-75.1000,22.5000
15,-76.1000,22.5000
15,-77.0000,22.4000
15,-77.8000,22.4000
15,-78.6000,22.4000
15,-79.5000,22.4000
15,-80.9000,22.4000
15,-82.0000,22.4000
15,-82.9000,22.4000
15,-83.8000,22.4000
15,-84.6000,22.4000
15,-85.8000,22.6000
15,-86.6000,23.1000
15,-87.3000,23.7000
15,-87.6000,24.2000
15,-88.0000,24.7000
15,-88.3000,25.4000
15,-88.6000,26.0000
15,-88.7000,26.4000
15,-88.8000,26.8000
15,-88.7000,27.2000
15,-88.4000,27.7000
15,-88.0000,28.8000
15,-87.1000,30.0000
15,-86.8000,30.4000
15,-86.1000,31.1000
15,-85.1000,31.9000
15,-84.1000,33.0000
15,-83.3000,33.7000
15,-82.1000,34.5000
15,-80.8000,35.3000
15,-78.3000,36.7000
15,-74.9000,38.4000
15,-71.5000,40.0000
15,-68.1000,41.7000
15,-64.5000,43.7000
15,-61.0000,45.2000
15,-57.5000,46.5000
16,-81.6000,14.2000
16,-81.9000,14.6000
16,-82.0000,15.0000
16,-82.1000,15.4000
16,-82.1000,15.8000
16,-82.3000,16.2000
16,-82.4000,16.6000
16,-82.5000,17.0000
16,-82.6000,17.2000
16,-82.8000,17.7000
16,-82.9000,18.0000
16,-83.0000,18.4000
16,-83.1000,18.7000
16,-83.2000,19.1000
16,-83.3000,19.5000
16,-83.5000,20.2000
16,-83.7000,21.2000
16,-83.9000,22.2000
16,-84.0000,23.5000
16,-84.1000,24.4000
16,-84.1000,25.4000
16,-84.1000,26.5000
16,-84.0000,27.5000
16,-83.8000,28.3000
16,-83.6000,29.1000
16,-83.3000,29.5000
16,-83.1000,29.8000
16,-82.6000,30.5000
16,-81.5000,31.2000
16,-80.4000,32.0000
16,-79.0000,33.0000
16,-77.5000,33.8000
16,-76.0000,34.2000
16,-74.8000,34.7000
16,-73.3000,35.0000
16,-72.0000,35.5000
16,-71.1000,35.8000
16,-70.4000,36.0000
16,-69.6000,36.2000
16,-69.0000,36.5000
16,-68.3000,36.7000
16,-67.6000,37.0000
16,-67.0000,37.2000
16,-66.1000,37.5000
16,-65.1000,37.8000
17,-58.0000,10.5000
17,-58.9000,11.1000
17,-59.8000,11.8000
17,-60.7000,12.5000
17,-61.7000,13.2000
17,-62.7000,14.0000
17,-63.9000,14.6000
17,-65.2000,15.2000
17,-66.2000,15.7000
17,-67.3000,16.3000
17,-68.3000,16.9000
17,-69.3000,17.4000
17,-70.2000,17.9000
17,-71.3000,18.3000
17,-72.6000,18.6000
17,-73.9000,18.8000
17,-75.2000,19.1000
17,-76.5000,19.5000
17,-77.3000,20.4000
17,-78.1000,21.3000
17,-79.0000,22.1000
17,-79.7000,22.5000
17,-80.5000,23.1000
17,-81.7000,23.8000
17,-83.0000,24.3000
17,-84.3000,24.7000
17,-86.1000,25.3000
17,-87.9000,25.6000
17,-89.7000,25.9000
17,-91.9000,26.3000
17,-93.3000,26.5000
17,-94.5000,26.8000
17,-95.6000,27.4000
17,-96.6000,28.0000
17,-96.8000,28.1000
17,-98.0000,29.0000
17,-99.0000,30.0000
17,-99.6000,31.0000
17,-100.7000,32.0000
17,-101.3000,33.5000
18,-82.5000,19.9000
18,-83.0000,20.3000
18,-83.3000,20.8000
18,-83.7000,21.2000
18,-84.1000,21.7000
18,-84.4000,22.2000
18,-84.8000,22.7000
18,-85.1000,23.3000
18,-85.4000,23.9000
18,-85.7000,24.6000
18,-86.0000,25.2000
18,-86.4000,25.7000
18,-86.9000,26.2000
18,-87.5000,26.7000
18,-88.1000,27.2000
18,-89.0000,27.6000
18,-90.3000,27.9000
18,-91.7000,28.2000
18,-92.7000,28.6000
18,-93.3000,29.2000
18,-93.5000,29.8000
18,-93.6000,30.1000
18,-93.7000,31.1000
18,-93.5000,32.3000
18,-92.9000,33.2000
19,-59.0000,17.0000
19,-60.0000,18.0000
19,-61.0000,19.0000
19,-62.2000,20.0000
19,-63.4000,21.0000
19,-64.6000,21.8000
19,-65.8000,22.4000
19,-66.9000,22.9000
19,-68.0000,23.4000
19,-69.1000,23.8000
19,-70.2000,24.2000
19,-71.3000,24.6000
19,-72.5000,25.0000
19,-73.8000,25.5000
19,-74.9000,26.0000
19,-75.8000,26.5000
19,-76.7000,27.0000
19,-77.5000,27.6000
19,-78.2000,28.1000
19,-78.8000,28.6000
19,-79.0000,29.5000
19,-78.8000,30.9000
19,-78.0000,32.4000
19,-76.7000,33.6000
19,-75.0000,35.0000
19,-73.1000,36.7000
19,-70.9000,38.2000
19,-68.4000,39.8000
19,-66.0000,41.0000
19,-62.0000,42.0000
19,-57.7000,42.8000
19,-53.6000,43.4000
19,-49.5000,44.0000
19,-45.6000,44.9000
19,-42.0000,46.0000
19,-38.6000,47.6000
19,-35.0000,49.0000
19,-30.0000,50.6000
20,-60.0000,18.0000
20,-61.0000,18.8000
20,-62.0000,19.6000
20,-63.2000,20.4000
20,-64.5000,21.2000
20,-66.0000,22.0000
20,-67.5000,22.8000
20,-69.0000,23.6000
20,-70.5000,24.3000
20,-72.0000,25.0000
20,-73.3000,25.5000
20,-74.4000,25.9000
20,-75.3000,26.1000
20,-76.0000,26.3000
20,-76.6000,26.4000
20,-77.2000,26.5000
20,-77.8000,26.6000
20,-78.3000,27.0000
20,-78.6000,27.8000
20,-78.7000,28.6000
20,-78.6000,29.3000
20,-78.5000,30.0000
20,-78.4000,30.7000
20,-78.2000,31.4000
20,-78.0000,31.8000
20,-77.7000,32.3000
20,-76.7000,33.3000
20,-75.6000,34.2000
20,-74.4000,35.0000
20,-73.3000,35.7000
20,-71.3000,36.7000
20,-69.1000,37.9000
20,-66.3000,39.0000
20,-64.0000,40.0000
20,-60.3000,42.0000
20,-56.0000,44.3000
20,-51.4000,46.3000
20,-46.0000,48.5000
20,-39.7000,50.7000
21,-71.0000,23.0000
21,-72.1000,23.3000
21,-73.4000,23.8000
21,-74.5000,24.1000
21,-75.5000,24.3000
21,-76.5000,24.6000
21,-77.4000,24.8000
21,-78.2000,25.1000
21,-79.0000,25.3000
21,-79.9000,25.7000
21,-80.1000,25.8000
21,-80.9000,26.2000
21,-82.0000,26.6000
21,-83.3000,26.9000
21,-84.7000,27.1000
21,-86.2000,27.1000
21,-87.6000,27.2000
21,-88.6000,27.3000
21,-89.4000,27.6000
21,-90.0000,27.9000
21,-90.4000,28.3000
21,-90.6000,28.8000
21,-90.7000,29.1000
21,-90.8000,29.3000
21,-90.9000,29.9000
21,-91.0000,30.7000
21,-91.0000,31.8000
21,-90.8000,33.2000
21,-90.1000,34.8000
21,-87.8000,36.5000
21,-85.0000,38.0000
21,-81.3000,39.3000
21,-76.5000,40.6000
21,-71.8000,41.9000
21,-68.1000,43.2000
21,-65.3000,44.7000
21,-62.8000,46.2000
21,-60.5000,47.7000
21,-59.0000,49.2000
21,-57.1000,50.6000
21,-55.8000,51.8000
21,-55.0000,53.0000
21,-54.0000,54.0000
21,-53.0000,55.2000
22,-60.3000,19.3000
22,-61.3000,19.5000
22,-62.3000,19.7000
22,-63.7000,20.1000
22,-64.9000,20.5000
22,-66.1000,20.8000
22,-67.1000,21.0000
22,-67.9000,21.1000
22,-68.5000,21.2000
22,-69.2000,21.3000
22,-70.1000,21.4000
22,-71.3000,21.6000
22,-72.4000,21.8000
22,-73.6000,21.9000
22,-74.8000,22.1000
22,-75.9000,22.3000
22,-77.0000,22.5000
22,-78.2000,22.7000
22,-79.7000,22.9000
22,-80.8000,23.0000
22,-81.9000,23.0000
22,-82.8000,22.8000
22,-83.7000,22.5000
22,-84.9000,22.2000
22,-86.1000,21.8000
22,-87.1000,21.4000
22,-88.0000,21.1000
22,-89.0000,20.8000
22,-90.0000,20.5000
22,-91.1000,20.2000
22,-92.3000,19.9000
22,-93.3000,19.5000
22,-94.3000,19.0000
22,-95.2000,18.0000
23,-20.2000,18.1000
23,-20.9000,17.6000
23,-21.6000,17.2000
23,-22.4000,16.8000
23,-23.2000,16.5000
23,-24.1000,16.2000
23,-25.0000,16.0000
23,-26.0000,15.8000
23,-26.9000,15.6000
23,-27.8000,15.5000
23,-28.6000,15.4000
23,-29.4000,15.4000
23,-30.3000,15.5000
23,-31.3000,15.6000
23,-32.4000,15.8000
23,-33.8000,16.1000
23,-35.4000,16.5000
23,-37.4000,17.0000
23,-39.6000,17.5000
23,-41.9000,18.0000
23,-44.0000,18.6000
23,-45.8000,19.2000
23,-47.6000,19.8000
23,-49.4000,20.5000
23,-51.0000,21.0000
23,-52.5000,21.4000
23,-54.0000,21.7000
23,-55.5000,21.9000
23,-57.0000,22.0000
23,-58.5000,22.1000
23,-60.0000,22.3000
23,-61.4000,22.4000
23,-62.7000,22.5000
23,-63.9000,22.6000
23,-64.9000,22.8000
23,-65.9000,22.9000
23,-67.0000,23.0000
23,-68.1000,23.2000
23,-69.3000,23.5000
23,-70.4000,23.8000
23,-71.6000,24.1000
23,-72.9000,24.4000
23,-74.2000,24.7000
23,-75.6000,25.1000
23,-76.9000,25.5000
23,-78.0000,26.1000
23,-78.9000,27.0000
23,-79.8000,28.0000
23,-80.3000,29.0000
23,-80.6000,29.7000
23,-80.7000,30.6000
23,-81.1000,31.7000
23,-81.2000,32.1000
23,-81.1000,33.9000
23,-80.5000,35.4000
23,-79.6000,36.8000
23,-78.2000,38.4000
23,-76.0000,40.2000
23,-73.7000,42.0000
23,-70.7000,44.3000
23,-67.7000,46.6000
23,-65.0000,48.6000
23,-63.0000,50.1000
23,-60.9000,51.3000
23,-58.9000,52.2000
23,-57.0000,53.0000
23,-55.2000,53.6000
23,-53.5000,54.1000
23,-51.8000,54.5000
23,-50.0000,54.7000
23,-48.1000,54.5000
23,-46.1000,54.4000
23,-44.1000,54.2000
23,-42.0000,54.0000
23,-39.1000,53.9000
24,-25.0000,11.6000
24,-25.8000,11.6000
24,-26.7000,11.7000
24,-27.5000,11.7000
24,-28.3000,11.7000
24,-29.1000,11.7000
24,-29.8000,11.7000
24,-30.5000,11.7000
24,-31.1000,11.7000
24,-31.9000,11.7000
24,-32.8000,11.7000
24,-33.6000,11.7000
24,-34.5000,11.8000
24,-35.4000,11.8000
24,-36.3000,11.8000
24,-37.2000,11.8000
24,-38.1000,11.8000
24,-39.0000,11.8000
24,-39.8000,11.8000
24,-40.5000,11.9000
24,-41.2000,11.9000
24,-42.0000,12.0000
24,-43.0000,12.1000
24,-43.9000,12.3000
24,-44.9000,12.5000
24,-45.9000,12.8000
24,-46.9000,13.0000
24,-48.0000,13.3000
24,-49.0000,13.6000
24,-50.0000,14.0000
24,-50.9000,14.4000
24,-51.6000,14.8000
24,-52.2000,15.2000
24,-52.7000,15.7000
24,-53.2000,16.3000
24,-53.7000,16.9000
24,-54.2000,17.6000
24,-54.7000,18.2000
24,-55.2000,18.8000
24,-55.7000,19.3000
24,-56.2000,19.8000
24,-56.7000,20.3000
24,-57.2000,20.8000
24,-57.7000,21.2000
24,-58.2000,21.5000
24,-58.7000,21.8000
24,-59.2000,22.0000
24,-59.8000,22.2000
24,-60.4000,22.4000
24,-61.0000,22.6000
24,-61.7000,22.8000
24,-62.5000,22.9000
24,-63.3000,23.1000
24,-64.2000,23.3000
24,-65.1000,23.5000
24,-66.0000,23.7000
24,-66.9000,23.9000
24,-67.8000,24.1000
24,-68.7000,24.3000
24,-69.5000,24.5000
24,-70.3000,24.8000
24,-71.2000,25.0000
24,-72.2000,25.2000
24,-73.2000,25.5000
24,-74.2000,25.8000
24,-75.2000,26.1000
24,-76.2000,26.4000
24,-77.1000,26.8000
24,-78.1000,27.2000
24,-79.0000,27.6000
24,-79.7000,28.2000
24,-80.6000,29.3000
24,-80.8000,30.8000
24,-79.7000,32.6000
24,-79.5000,33.0000
24,-78.6000,35.0000
24,-78.1000,38.7000
24,-77.6000,42.7000
24,-76.4000,45.7000
24,-74.8000,48.3000
24,-72.9000,50.7000
24,-70.7000,52.9000
24,-68.2000,54.9000
24,-66.0000,57.0000
25,-81.7000,16.4000
25,-82.6000,17.0000
25,-83.4000,17.7000
25,-84.2000,18.3000
25,-85.0000,19.0000
25,-85.8000,19.7000
25,-86.5000,20.3000
25,-87.3000,21.0000
25,-88.0000,21.7000
25,-88.7000,22.4000
25,-89.2000,23.1000
25,-89.7000,23.8000
25,-90.2000,24.5000
25,-90.6000,25.1000
25,-90.8000,25.7000
25,-91.0000,26.2000
25,-91.0000,26.9000
25,-90.9000,27.6000
25,-90.5000,28.4000
25,-90.0000,29.1000
25,-89.8000,29.3000
25,-89.3000,29.9000
25,-88.9000,30.3000
25,-88.7000,30.5000
25,-87.8000,31.3000
25,-86.7000,32.0000
25,-85.5000,32.7000
25,-83.9000,33.4000
25,-81.8000,34.0000
25,-79.7000,34.6000
25,-78.0000,35.1000
25,-76.0000,35.4000
25,-74.0000,35.3000
25,-72.2000,35.2000
25,-70.4000,35.0000
26,-79.1000,12.5000
26,-79.5000,13.0000
26,-79.8000,13.5000
26,-80.2000,14.0000
26,-80.6000,14.5000
26,-80.9000,14.9000
26,-81.3000,15.4000
26,-81.6000,15.9000
26,-82.0000,16.3000
26,-82.3000,16.7000
26,-82.6000,17.2000
26,-83.0000,17.7000
26,-83.4000,18.3000
26,-83.8000,18.9000
26,-84.2000,19.5000
26,-84.5000,20.0000
26,-84.9000,20.6000
26,-85.3000,21.2000
26,-85.6000,21.7000
26,-85.9000,22.0000
26,-86.2000,22.5000
26,-86.5000,23.0000
26,-87.0000,23.7000
26,-87.5000,24.3000
26,-87.7000,24.7000
26,-88.1000,25.2000
26,-88.3000,25.7000
26,-88.4000,26.1000
26,-88.4000,26.6000
26,-88.4000,27.1000
26,-88.3000,27.7000
26,-87.7000,28.7000
26,-86.3000,29.7000
26,-85.5000,30.2000
26,-84.7000,30.7000
26,-83.0000,31.7000
26,-80.3000,33.0000
26,-77.5000,35.2000
26,-75.5000,37.4000
26,-74.0000,39.4000
26,-72.9000,40.7000
26,-71.9000,42.0000
26,-70.2000,44.8000
26,-68.9000,47.6000
26,-67.3000,50.0000
26,-66.2000,52.0000
26,-65.2000,53.7000
26,-64.3000,55.1000
26,-63.5000,56.3000
27,-59.6000,14.0000
27,-60.5000,14.5000
27,-61.4000,14.9000
27,-62.4000,15.3000
27,-63.3000,15.8000
27,-64.2000,16.3000
27,-65.1000,16.9000
27,-66.0000,17.5000
27,-66.9000,18.1000
27,-67.8000,18.6000
27,-68.6000,19.0000
27,-69.2000,19.3000
27,-69.9000,19.7000
27,-70.6000,20.0000
27,-71.4000,20.3000
27,-72.2000,20.6000
27,-73.1000,20.9000
27,-73.9000,21.2000
27,-74.7000,21.5000
27,-75.4000,21.8000
27,-76.2000,22.2000
27,-76.8000,22.7000
27,-77.2000,23.3000
27,-77.3000,23.9000
27,-77.3000,24.5000
27,-77.2000,25.2000
27,-77.0000,25.9000
27,-76.8000,26.5000
27,-76.4000,27.2000
27,-75.8000,27.8000
27,-75.0000,28.5000
27,-74.1000,29.1000
27,-73.2000,29.8000
27,-72.3000,30.4000
27,-71.5000,31.3000
27,-70.7000,32.4000
27,-70.0000,33.6000
27,-69.5000,34.6000
27,-69.2000,35.4000
27,-69.1000,36.2000
27,-69.1000,37.0000
27,-69.1000,37.8000
27,-69.3000,38.6000
27,-69.7000,39.3000
27,-70.2000,40.0000
27,-70.6000,41.0000
27,-70.6000,41.2000
27,-70.7000,42.0000
27,-70.5000,43.0000
27,-70.1000,43.9000
27,-69.6000,44.8000
27,-69.0000,45.7000
28,-61.8000,16.7000
28,-62.8000,16.7000
28,-63.8000,16.7000
28,-64.7000,16.7000
28,-65.6000,16.8000
28,-66.5000,16.8000
28,-67.3000,16.8000
28,-68.0000,16.9000
28,-68.7000,16.9000
28,-69.8000,17.0000
28,-71.1000,17.1000
28,-72.4000,17.1000
28,-73.6000,17.2000
28,-74.9000,17.3000
28,-76.2000,17.4000
28,-77.4000,17.7000
28,-78.7000,18.0000
28,-80.0000,18.5000
28,-80.9000,18.8000
28,-81.9000,19.1000
28,-82.8000,19.4000
28,-83.7000,19.7000
28,-84.2000,20.1000
28,-84.9000,20.6000
28,-85.3000,21.4000
28,-85.5000,22.3000
28,-85.3000,23.8000
28,-85.1000,25.3000
28,-84.2000,27.0000
28,-83.1000,29.2000
28,-82.9000,29.6000
28,-81.2000,32.2000
28,-79.2000,35.7000
28,-78.5000,39.5000
28,-79.0000,42.0000
29,-58.3000,16.2000
29,-58.7000,16.6000
29,-59.2000,17.1000
29,-59.8000,17.7000
29,-60.8000,18.4000
29,-61.7000,19.1000
29,-62.5000,19.7000
29,-63.4000,20.5000
29,-64.3000,21.3000
29,-65.1000,21.9000
29,-66.0000,22.5000
29,-67.0000,23.2000
29,-67.8000,23.7000
29,-68.9000,24.4000
29,-70.0000,25.0000
29,-70.6000,25.4000
29,-71.2000,25.8000
29,-71.9000,26.2000
29,-72.5000,26.5000
29,-73.0000,26.8000
29,-73.5000,27.1000
29,-73.9000,27.2000
29,-74.5000,27.5000
29,-75.2000,27.9000
29,-75.9000,28.3000
29,-76.6000,28.7000
29,-77.3000,29.0000
29,-78.0000,29.3000
29,-78.7000,29.6000
29,-79.6000,29.9000
29,-80.6000,30.4000
29,-81.4000,30.9000
29,-81.8000,31.1000
29,-83.1000,31.9000
29,-84.2000,32.7000
29,-85.2000,33.5000
29,-86.1000,34.3000
29,-86.9000,35.2000
29,-87.5000,36.4000
29,-87.9000,37.6000
29,-87.6000,39.1000
29,-86.2000,41.0000
29,-83.8000,42.9000
29,-80.8000,44.5000
29,-77.0000,45.6000
29,-72.0000,46.4000
29,-65.8000,46.8000
29,-58.8000,47.0000
29,-52.8000,48.0000
30,-31.0000,11.7000
30,-32.4000,11.8000
30,-34.0000,12.0000
30,-35.7000,12.2000
30,-37.4000,12.4000
30,-38.8000,12.6000
30,-40.3000,12.7000
30,-42.0000,13.0000
30,-44.0000,13.5000
30,-45.5000,13.7000
30,-47.0000,14.0000
30,-48.7000,14.3000
30,-50.6000,14.6000
30,-52.4000,14.8000
30,-54.2000,15.1000
30,-55.8000,15.4000
30,-57.4000,15.7000
30,-59.0000,15.9000
30,-60.5000,16.2000
30,-62.0000,16.5000
30,-63.4000,16.9000
30,-64.8000,17.4000
30,-66.2000,18.0000
30,-67.3000,18.6000
30,-68.1000,18.9000
30,-68.9000,19.3000
30,-69.8000,19.7000
30,-70.6000,20.1000
30,-71.4000,20.4000
30,-72.2000,20.7000
30,-73.0000,21.0000
30,-73.7000,21.4000
30,-74.5000,22.0000
30,-75.3000,22.5000
30,-76.0000,23.0000
30,-76.5000,23.4000
30,-77.0000,23.8000
30,-77.4000,24.2000
30,-77.7000,24.5000
30,-78.0000,25.1000
30,-78.2000,25.6000
30,-78.4000,26.2000
30,-78.6000,27.0000
30,-78.8000,27.6000
30,-79.0000,28.3000
30,-79.1000,29.0000
30,-79.0000,29.7000
30,-78.9000,30.3000
30,-78.7000,30.9000
30,-78.4000,31.3000
30,-78.0000,31.7000
30,-77.5000,32.2000
30,-76.9000,32.6000
30,-76.2000,32.8000
30,-75.5000,33.0000
30,-75.0000,33.3000
30,-74.6000,33.7000
30,-74.4000,34.1000
30,-74.5000,34.5000
30,-75.0000,34.8000
30,-75.7000,35.1000
30,-75.8000,35.2000
30,-76.0000,35.7000
30,-75.7000,36.3000
30,-75.5000,36.4000
30,-75.3000,36.4000
30,-75.0000,36.4000
30,-74.7000,36.5000
30,-74.0000,37.0000
30,-72.9000,37.7000
30,-71.9000,38.3000
30,-70.7000,38.8000
30,-69.0000,39.3000
30,-67.3000,39.4000
30,-65.4000,39.5000
30,-63.5000,39.7000
30,-61.3000,39.5000
30,-58.9000,39.3000
30,-56.5000,39.1000
30,-54.3000,38.7000
30,-52.9000,38.3000
30,-52.0000,37.9000
30,-50.9000,37.3000
30,-50.0000,36.7000
30,-49.0000,36.0000
30,-48.2000,35.4000
30,-47.2000,34.7000
30,-46.0000,34.3000
30,-45.0000,34.2000
30,-44.1000,34.3000
30,-43.3000,34.6000
30,-43.0000,35.3000
30,-43.0000,35.6000
30,-43.2000,36.0000
30,-43.3000,36.3000
30,-43.5000,36.5000
30,-43.7000,36.8000
30,-44.0000,37.2000
30,-44.2000,37.5000
30,-44.5000,37.7000
30,-44.7000,38.2000
30,-44.9000,38.7000
30,-45.0000,39.4000
30,-45.0000,40.0000
30,-44.7000,40.3000
30,-44.1000,40.6000
30,-43.5000,40.6000
30,-43.0000,40.5000
30,-42.7000,40.5000
30,-42.3000,40.5000
30,-41.9000,40.5000
30,-41.5000,40.3000
30,-41.2000,40.2000
30,-40.9000,40.1000
30,-40.5000,40.0000
30,-40.0000,40.0000
30,-39.3000,39.9000
30,-38.7000,39.9000
30,-37.9000,39.9000
30,-37.0000,40.0000
30,-35.7000,39.9000
30,-34.7000,39.7000
30,-33.3000,39.5000
30,-32.0000,39.0000
30,-31.1000,38.3000
30,-30.5000,37.9000
30,-29.6000,37.5000
30,-28.7000,37.3000
30,-27.5000,37.8000
30,-25.5000,39.0000
30,-22.5000,41.5000
30,-18.5000,45.0000
30,-15.5000,49.0000
31,-42.1000,15.0000
31,-43.4000,15.2000
31,-44.7000,15.3000
31,-45.6000,15.4000
31,-46.6000,15.6000
31,-47.9000,15.8000
31,-49.1000,16.0000
31,-50.3000,16.1000
31,-51.4000,16.3000
31,-52.4000,16.4000
31,-53.7000,16.5000
31,-55.1000,16.6000
31,-56.6000,16.8000
31,-58.0000,16.9000
31,-59.3000,17.0000
31,-60.6000,17.0000
31,-61.9000,17.1000
31,-63.3000,17.2000
31,-64.7000,17.3000
31,-65.6000,17.4000
31,-66.4000,17.5000
31,-67.4000,17.6000
31,-68.3000,17.7000
31,-69.2000,18.0000
31,-70.3000,18.3000
31,-71.3000,18.7000
31,-72.3000,19.0000
31,-73.2000,19.3000
31,-74.1000,19.5000
31,-75.0000,19.7000
31,-76.0000,20.0000
31,-76.6000,20.3000
31,-77.2000,20.6000
31,-77.7000,21.0000
31,-78.3000,21.3000
31,-78.9000,21.6000
31,-79.5000,22.0000
31,-80.1000,22.4000
31,-80.7000,23.0000
31,-81.5000,23.5000
31,-82.3000,24.1000
31,-83.2000,24.8000
31,-84.1000,25.5000
31,-85.2000,26.1000
31,-86.2000,26.5000
31,-87.4000,26.8000
31,-88.7000,27.0000
31,-89.7000,27.2000
31,-90.6000,27.4000
31,-91.5000,27.6000
31,-92.4000,27.8000
31,-93.5000,28.2000
31,-94.7000,28.9000
31,-95.1000,29.1000
31,-95.9000,29.8000
31,-96.9000,31.0000
31,-97.6000,32.2000
31,-97.8000,33.4000
31,-97.8000,34.7000
31,-97.6000,36.0000
31,-97.3000,37.4000
31,-96.5000,38.8000
31,-95.1000,40.2000
31,-92.4000,41.5000
31,-88.6000,42.6000
31,-84.2000,43.4000
31,-79.4000,44.3000
31,-74.5000,45.2000
31,-69.3000,46.3000
31,-64.0000,47.5000
31,-58.7000,48.6000
31,-53.9000,49.7000
31,-49.8000,50.6000
31,-46.2000,51.4000
31,-43.0000,52.1000
31,-40.0000,53.0000
31,-37.2000,54.1000
31,-34.6000,55.3000
31,-32.2000,56.7000
31,-30.0000,58.2000
31,-28.0000,60.0000
32,-21.0000,14.0000
32,-22.5000,14.0000
32,-24.0000,14.0000
32,-25.5000,14.0000
32,-27.0000,14.0000
32,-28.5000,14.0000
32,-30.0000,14.0000
32,-31.5000,14.0000
32,-33.0000,14.0000
32,-34.6000,14.0000
32,-36.2000,13.9000
32,-37.8000,13.9000
32,-39.5000,13.8000
32,-41.2000,13.8000
32,-42.8000,13.7000
32,-44.4000,13.7000
32,-46.0000,13.6000
32,-47.7000,13.6000
32,-49.3000,13.6000
32,-50.9000,13.5000
32,-52.5000,13.5000
32,-54.0000,13.7000
32,-55.3000,14.1000
32,-56.5000,14.5000
32,-57.5000,15.0000
32,-58.3000,15.5000
32,-59.0000,16.0000
32,-60.0000,16.5000
32,-60.7000,17.0000
32,-61.4000,17.5000
32,-62.2000,18.0000
32,-63.1000,18.5000
32,-64.0000,19.0000
32,-64.7000,19.3000
32,-65.4000,19.6000
32,-66.0000,19.8000
32,-66.7000,20.0000
32,-67.6000,20.3000
32,-68.3000,20.6000
32,-69.0000,20.9000
32,-69.6000,21.3000
32,-70.2000,21.6000
32,-70.8000,22.1000
32,-71.4000,22.5000
32,-72.0000,23.1000
32,-72.7000,23.5000
32,-73.4000,23.9000
32,-74.0000,24.4000
32,-74.7000,25.0000
32,-75.6000,25.8000
32,-76.4000,26.8000
32,-76.6000,27.9000
32,-76.0000,29.0000
32,-74.8000,29.5000
32,-73.5000,29.8000
32,-72.1000,30.0000
32,-70.5000,30.3000
32,-69.3000,30.7000
32,-68.1000,31.3000
32,-66.9000,31.9000
32,-65.7000,32.5000
32,-64.3000,33.6000
32,-62.9000,34.7000
32,-61.4000,35.8000
32,-60.0000,37.0000
32,-56.9000,38.4000
32,-52.8000,40.0000
32,-48.8000,42.2000
32,-45.0000,45.0000
32,-40.4000,47.5000
32,-35.4000,49.5000
32,-30.3000,51.3000
32,-25.0000,53.0000
32,-20.3000,54.0000
33,-77.0000,12.0000
33,-77.5000,12.1000
33,-77.9000,12.2000
33,-78.3000,12.3000
33,-78.7000,12.5000
33,-79.2000,12.8000
33,-79.7000,13.2000
33,-80.1000,13.6000
33,-80.5000,14.0000
33,-80.9000,14.6000
33,-81.3000,15.2000
33,-81.8000,15.8000
33,-82.3000,16.3000
33,-82.8000,16.9000
33,-83.2000,17.5000
33,-83.7000,18.1000
33,-84.0000,18.7000
33,-84.3000,19.3000
33,-84.6000,20.0000
33,-84.8000,20.6000
33,-85.1000,21.4000
33,-85.2000,21.9000
33,-85.5000,22.3000
33,-85.7000,22.8000
33,-86.0000,23.3000
33,-86.3000,24.0000
33,-86.6000,24.7000
33,-86.8000,25.5000
33,-87.0000,26.3000
33,-87.4000,27.3000
33,-87.9000,28.4000
33,-88.4000,29.4000
33,-88.6000,30.2000
33,-88.7000,30.4000
33,-89.0000,31.4000
33,-89.3000,32.4000
33,-89.6000,33.6000
33,-89.9000,34.7000
33,-90.2000,35.6000
33,-90.4000,36.6000
33,-90.5000,37.3000
33,-90.3000,38.0000
33,-89.4000,38.2000
33,-88.4000,38.0000
33,-87.5000,37.3000
34,-76.4000,11.3000
34,-77.3000,11.3000
34,-78.3000,11.3000
34,-79.3000,11.3000
34,-80.4000,11.3000
34,-81.5000,11.5000
34,-82.4000,11.7000
34,-83.1000,12.1000
34,-83.9000,12.6000
34,-84.6000,13.0000
34,-85.1000,13.2000
34,-85.5000,13.4000
34,-85.9000,13.7000
34,-86.3000,14.0000
34,-86.7000,14.4000
34,-86.9000,14.7000
34,-87.1000,15.1000
34,-87.3000,15.5000
34,-87.4000,15.8000
34,-87.6000,16.1000
34,-87.8000,16.4000
34,-88.0000,16.7000
34,-88.1000,16.9000
34,-88.2000,17.1000
34,-88.3000,17.4000
34,-88.3000,17.7000
34,-88.3000,17.9000
34,-88.2000,18.1000
34,-88.1000,18.3000
34,-88.0000,18.5000
34,-87.8000,18.8000
34,-87.6000,19.1000
34,-87.3000,19.3000
34,-87.0000,19.5000
34,-86.3000,19.8000
34,-85.7000,20.0000
34,-85.1000,20.3000
34,-84.0000,20.7000
34,-82.7000,21.5000
34,-82.1000,22.6000
34,-81.6000,23.9000
34,-81.1000,24.7000
34,-80.7000,25.3000
34,-79.5000,26.6000
34,-78.6000,27.9000
34,-78.1000,29.0000
34,-78.0000,30.0000
34,-78.0000,30.5000
34,-78.0000,30.9000
34,-78.1000,31.4000
34,-78.3000,31.7000
34,-79.3000,32.1000
34,-80.4000,31.7000
34,-81.2000,30.7000
34,-81.4000,30.0000
34,-81.5000,29.5000
34,-81.5000,29.0000
34,-81.6000,28.3000
34,-81.7000,27.3000
34,-82.0000,26.0000
34,-82.8000,24.9000
34,-83.8000,24.0000
34,-84.8000,23.1000
34,-85.7000,22.3000
34,-86.6000,21.5000
35,-51.7000,15.4000
35,-52.8000,15.9000
35,-53.8000,16.3000
35,-54.8000,16.7000
35,-55.8000,17.0000
35,-56.6000,17.2000
35,-57.3000,17.4000
35,-58.0000,17.6000
35,-59.5000,18.0000
35,-60.5000,18.3000
35,-63.0000,18.7000
35,-65.0000,19.0000
35,-66.8000,19.4000
35,-68.0000,19.7000
35,-69.2000,19.8000
35,-70.7000,20.1000
35,-72.0000,20.5000
35,-72.9000,21.0000
35,-73.7000,21.5000
35,-74.3000,21.9000
35,-75.0000,22.5000
35,-75.5000,22.9000
35,-75.8000,23.2000
35,-76.1000,23.8000
35,-76.1000,24.5000
35,-75.9000,25.1000
35,-75.5000,25.7000
35,-75.1000,26.2000
35,-74.5000,26.7000
35,-73.6000,27.5000
35,-72.6000,28.4000
35,-71.8000,29.1000
35,-71.0000,30.0000
35,-70.2000,30.8000
35,-69.4000,31.6000
35,-68.6000,32.5000
35,-67.7000,33.8000
35,-67.2000,35.1000
35,-66.8000,36.3000
35,-66.0000,37.8000
35,-65.0000,39.3000
35,-63.9000,40.4000
35,-62.9000,41.1000
35,-61.8000,41.9000
35,-60.0000,43.0000
35,-57.0000,45.4000
35,-53.0000,48.6000
35,-49.6000,51.5000
35,-46.5000,54.0000
35,-43.8000,56.2000
36,-55.3000,15.4000
36,-56.3000,15.5000
36,-57.3000,15.7000
36,-58.2000,15.9000
36,-59.4000,16.1000
36,-60.5000,16.3000
36,-61.9000,16.5000
36,-63.0000,16.7000
36,-64.2000,17.0000
36,-65.7000,17.3000
36,-67.5000,17.6000
36,-69.1000,17.9000
36,-70.7000,18.3000
36,-72.3000,18.8000
36,-74.0000,19.9000
36,-75.8000,20.3000
36,-77.6000,20.5000
36,-79.5000,20.6000
36,-81.1000,20.7000
36,-82.6000,20.8000
36,-84.1000,20.9000
36,-85.5000,21.0000
36,-86.9000,21.1000
36,-88.4000,21.3000
36,-89.7000,21.6000
36,-91.0000,22.0000
36,-92.5000,22.5000
36,-94.0000,22.9000
36,-95.5000,23.3000
36,-96.7000,23.7000
36,-97.3000,23.8000
36,-97.9000,23.7000
36,-98.3000,23.7000
36,-98.7000,23.7000
37,-71.0000,17.5000
37,-72.5000,17.8000
37,-73.9000,18.1000
37,-75.2000,18.3000
37,-76.5000,18.5000
37,-77.5000,18.7000
37,-78.4000,18.9000
37,-79.3000,19.1000
37,-80.0000,19.3000
37,-80.6000,19.5000
37,-81.0000,19.6000
37,-81.5000,19.9000
37,-82.0000,20.3000
37,-82.4000,20.6000
37,-82.9000,20.9000
37,-83.3000,21.3000
37,-83.7000,21.7000
37,-84.2000,22.0000
37,-84.5000,22.3000
37,-84.9000,22.6000
37,-85.4000,22.9000
37,-85.9000,23.2000
37,-86.7000,23.5000
37,-87.4000,23.9000
37,-88.0000,24.3000
37,-88.5000,24.8000
37,-89.0000,25.4000
37,-89.5000,26.1000
37,-90.1000,26.9000
37,-90.7000,27.7000
37,-91.3000,29.5000
37,-91.7000,31.4000
37,-91.5000,33.2000
37,-91.3000,35.0000
37,-91.1000,36.8000
38,-76.0000,10.7000
38,-76.3000,11.2000
38,-76.8000,12.0000
38,-77.2000,12.8000
38,-77.7000,13.7000
38,-78.2000,14.5000
38,-78.6000,15.4000
38,-79.2000,16.4000
38,-79.8000,17.2000
38,-80.5000,17.7000
38,-81.1000,18.2000
38,-81.7000,18.6000
38,-82.5000,19.0000
38,-83.2000,19.3000
38,-83.8000,19.6000
38,-84.2000,20.0000
38,-84.4000,20.5000
38,-84.5000,21.1000
38,-84.5000,21.8000
38,-84.1000,22.6000
38,-83.0000,23.7000
38,-81.0000,24.7000
38,-78.9000,26.0000
38,-76.8000,27.5000
38,-74.8000,29.0000
38,-72.6000,30.3000
38,-70.0000,31.6000
38,-67.5000,32.9000
38,-65.0000,34.0000
38,-62.9000,34.9000
39,-79.5000,11.2000
39,-79.7000,11.3000
39,-79.7000,11.3000
39,-79.8000,11.4000
39,-79.9000,11.6000
39,-80.0000,11.8000
39,-80.1000,12.1000
39,-80.3000,12.4000
39,-80.5000,12.8000
39,-80.7000,13.2000
39,-80.9000,13.8000
39,-81.1000,14.6000
39,-81.3000,15.2000
39,-81.5000,16.0000
39,-81.8000,16.9000
39,-82.1000,17.7000
39,-82.3000,18.6000
39,-82.5000,19.5000
39,-82.7000,20.4000
39,-83.0000,21.4000
39,-83.6000,22.3000
39,-84.0000,23.0000
39,-84.2000,23.3000
39,-84.4000,23.6000
39,-84.7000,23.7000
39,-85.0000,23.7000
39,-85.2000,23.6000
39,-85.3000,23.4000
39,-85.4000,23.2000
39,-85.5000,22.9000
39,-85.4000,22.4000
39,-84.9000,22.1000
39,-84.3000,22.5000
39,-83.5000,23.4000
39,-82.8000,24.4000
39,-82.2000,25.5000
39,-82.0000,26.5000
39,-81.9000,27.5000
39,-81.9000,28.3000
39,-81.9000,29.2000
39,-81.9000,30.1000
39,-81.6000,31.0000
39,-80.6000,32.0000
39,-79.8000,32.7000
39,-78.5000,33.6000
39,-77.1000,34.4000
39,-75.0000,35.3000
39,-72.3000,36.0000
39,-69.0000,36.6000
39,-66.0000,37.0000
39,-64.4000,37.0000
39,-63.2000,36.8000
39,-61.8000,36.4000
39,-61.0000,36.0000
39,-60.1000,35.8000
39,-58.9000,35.7000
39,-58.2000,35.7000
39,-57.3000,35.7000
39,-56.4000,35.7000
40,-26.0000,14.0000
40,-27.8000,14.0000
40,-29.6000,14.1000
40,-31.3000,14.1000
40,-33.0000,14.2000
40,-34.5000,14.2000
40,-36.0000,14.3000
40,-37.5000,14.4000
40,-39.0000,14.5000
40,-40.5000,14.6000
40,-42.0000,14.6000
40,-43.5000,14.7000
40,-45.0000,14.8000
40,-46.8000,14.8000
40,-48.8000,14.9000
40,-50.8000,15.0000
40,-52.5000,15.1000
40,-54.0000,15.1000
40,-55.5000,15.2000
40,-57.0000,15.2000
40,-58.5000,15.3000
40,-59.7000,15.3000
40,-60.6000,15.4000
40,-61.5000,15.5000
40,-62.7000,15.7000
40,-64.4000,16.0000
40,-66.4000,16.3000
40,-68.4000,16.6000
40,-70.4000,17.0000
40,-72.4000,17.4000
40,-74.4000,17.8000
40,-76.4000,18.3000
40,-78.2000,18.8000
40,-79.4000,19.3000
40,-80.6000,19.8000
40,-82.1000,20.4000
40,-83.4000,21.0000
40,-84.7000,21.7000
40,-85.8000,22.3000
40,-86.6000,22.9000
40,-87.5000,23.5000
40,-88.4000,24.1000
40,-89.2000,24.7000
40,-90.1000,25.4000
40,-91.1000,26.2000
40,-92.4000,27.1000
40,-93.7000,28.0000
40,-95.0000,28.9000
40,-95.1000,29.2000
40,-95.9000,29.6000
40,-96.5000,30.2000
40,-96.7000,30.6000
40,-96.6000,31.0000
40,-96.4000,31.3000
40,-96.1000,31.7000
40,-95.8000,32.3000
40,-95.3000,32.9000
40,-94.6000,33.6000
40,-93.5000,34.3000
40,-92.4000,35.2000
40,-91.2000,36.2000
40,-90.1000,37.0000
40,-89.1000,37.7000
40,-88.1000,38.2000
40,-87.1000,38.8000
40,-86.0000,39.5000
40,-84.5000,40.4000
40,-82.7000,41.5000
40,-80.7000,42.6000
40,-79.0000,43.5000
40,-77.5000,44.3000
40,-76.1000,45.0000
40,-74.7000,45.6000
40,-73.4000,46.2000
40,-72.4000,47.0000
41,-61.0000,12.3000
41,-61.5000,12.8000
41,-62.1000,13.2000
41,-62.8000,13.5000
41,-63.6000,13.8000
41,-64.6000,14.0000
41,-65.8000,14.1000
41,-66.9000,14.2000
41,-68.0000,14.3000
41,-69.0000,14.3000
41,-70.0000,14.4000
41,-71.0000,14.5000
41,-72.0000,14.5000
41,-73.1000,14.6000
41,-74.2000,14.8000
41,-75.3000,15.0000
41,-76.5000,15.3000
41,-77.7000,15.6000
41,-78.8000,15.9000
41,-79.9000,16.2000
41,-81.0000,16.6000
41,-81.9000,17.3000
41,-82.8000,18.4000
41,-83.7000,19.6000
41,-84.6000,20.7000
41,-85.3000,21.5000
41,-85.9000,22.3000
41,-86.6000,23.1000
41,-87.2000,23.8000
41,-87.8000,24.7000
41,-88.5000,25.7000
41,-89.2000,26.8000
41,-89.8000,27.9000
41,-90.3000,29.0000
41,-90.2000,30.1000
41,-90.0000,31.2000
41,-89.3000,32.3000
41,-88.4000,33.6000
41,-86.8000,35.0000
41,-84.8000,36.5000
41,-82.4000,38.2000
41,-79.8000,40.2000
42,-79.5000,12.5000
42,-79.8000,12.5000
42,-80.1000,12.5000
42,-80.5000,12.5000
42,-80.9000,12.7000
42,-81.3000,13.0000
42,-81.7000,13.5000
42,-82.1000,14.0000
42,-82.5000,14.5000
42,-82.8000,15.0000
42,-83.0000,15.5000
42,-83.1000,16.0000
42,-83.3000,16.5000
42,-83.7000,16.9000
42,-84.1000,17.2000
42,-84.6000,17.6000
42,-85.0000,18.0000
42,-85.2000,18.5000
42,-85.3000,18.9000
42,-85.5000,19.4000
42,-85.7000,20.0000
42,-86.0000,20.7000
42,-86.4000,21.5000
42,-86.7000,22.4000
42,-87.0000,23.5000
42,-87.2000,24.8000
42,-87.3000,26.3000
42,-87.5000,27.6000
42,-87.7000,28.8000
42,-88.0000,29.9000
42,-88.4000,30.4000
42,-88.6000,30.8000
42,-89.4000,31.7000
42,-90.0000,32.4000
42,-90.1000,32.8000
42,-90.2000,33.1000
42,-90.2000,33.4000
42,-90.1000,33.7000
42,-89.4000,33.8000
42,-88.5000,33.7000
42,-87.6000,33.5000
42,-86.9000,33.2000
42,-86.6000,33.2000
42,-86.4000,33.4000
42,-86.2000,33.7000
42,-86.0000,34.0000
42,-85.9000,34.3000
42,-85.8000,34.6000
42,-85.7000,34.8000
42,-85.6000,35.0000
42,-85.5000,35.2000
43,-71.2000,25.9000
43,-72.0000,26.5000
43,-72.8000,27.1000
43,-73.6000,27.7000
43,-74.4000,28.2000
43,-75.2000,28.7000
43,-76.0000,29.2000
43,-76.9000,29.7000
43,-77.7000,30.2000
43,-78.4000,30.7000
43,-78.9000,31.3000
43,-79.2000,32.0000
43,-79.4000,32.6000
43,-79.5000,32.9000
43,-79.7000,33.2000
43,-80.2000,33.7000
43,-80.9000,34.2000
43,-81.8000,34.6000
43,-82.7000,35.0000
43,-83.6000,35.4000
44,-55.0000,13.4000
44,-56.4000,13.5000
44,-57.8000,13.6000
44,-59.2000,13.8000
44,-60.6000,13.9000
44,-62.0000,14.0000
44,-63.6000,14.1000
44,-65.3000,14.2000
44,-66.9000,14.3000
44,-68.5000,14.5000
44,-70.0000,14.7000
44,-71.3000,15.0000
44,-72.6000,15.4000
44,-74.0000,16.0000
44,-75.6000,16.8000
44,-77.3000,17.8000
44,-79.0000,18.9000
44,-80.7000,19.8000
44,-82.4000,20.5000
44,-84.1000,21.0000
44,-85.8000,21.5000
44,-87.6000,22.0000
44,-89.4000,22.8000
44,-91.2000,23.7000
44,-93.0000,24.6000
44,-94.7000,25.5000
44,-96.3000,26.4000
44,-97.4000,27.0000
44,-97.8000,27.2000
44,-99.3000,28.1000
44,-100.7000,29.1000
44,-101.7000,30.1000
44,-102.5000,31.2000
45,-57.1000,13.4000
45,-58.3000,13.7000
45,-59.5000,14.0000
45,-60.7000,14.3000
45,-61.9000,14.7000
45,-63.1000,15.1000
45,-64.4000,15.5000
45,-66.1000,15.8000
45,-67.9000,16.2000
45,-69.9000,16.5000
45,-71.6000,16.9000
45,-73.1000,17.3000
45,-74.5000,17.7000
45,-75.9000,18.1000
45,-77.2000,18.4000
45,-78.2000,18.8000
45,-79.0000,19.2000
45,-79.6000,19.6000
45,-80.2000,20.1000
45,-80.8000,20.6000
45,-81.3000,21.0000
45,-81.9000,21.4000
45,-82.5000,21.8000
45,-83.2000,22.3000
45,-83.9000,22.8000
45,-84.6000,23.3000
45,-85.2000,23.9000
45,-86.0000,24.4000
45,-87.0000,24.7000
45,-88.1000,25.1000
45,-88.9000,25.7000
45,-89.2000,26.3000
45,-89.4000,27.1000
45,-89.2000,28.0000
45,-88.8000,28.8000
45,-87.9000,29.5000
45,-86.9000,30.2000
45,-86.6000,30.4000
45,-86.0000,30.9000
45,-85.2000,31.5000
45,-84.4000,31.9000
45,-83.2000,32.0000
45,-82.5000,32.0000
46,-58.5000,12.6000
46,-60.3000,12.8000
46,-62.0000,13.0000
46,-63.8000,13.2000
46,-65.5000,13.4000
46,-67.3000,13.7000
46,-69.0000,14.0000
46,-70.8000,14.4000
46,-72.5000,14.9000
46,-74.3000,15.4000
46,-76.0000,16.0000
46,-77.6000,16.8000
46,-79.3000,17.7000
46,-80.9000,18.6000
46,-82.5000,19.5000
46,-84.0000,20.5000
46,-85.5000,21.5000
46,-86.9000,22.5000
46,-88.3000,23.5000
46,-89.4000,24.6000
46,-90.4000,25.8000
46,-91.4000,27.1000
46,-92.3000,28.5000
46,-93.2000,29.8000
46,-94.0000,31.0000
46,-94.6000,32.2000
46,-95.0000,33.7000
46,-95.2000,35.5000
47,-61.0000,16.0000
47,-62.3000,16.3000
47,-63.6000,16.7000
47,-64.8000,17.1000
47,-66.0000,17.5000
47,-67.0000,18.0000
47,-68.0000,18.6000
47,-69.0000,19.1000
47,-70.0000,19.5000
47,-70.8000,19.8000
47,-71.6000,20.0000
47,-72.2000,20.2000
47,-72.5000,20.5000
47,-72.6000,20.9000
47,-72.6000,21.4000
47,-72.7000,21.8000
47,-72.8000,22.2000
47,-73.1000,22.5000
47,-73.5000,22.8000
47,-74.0000,23.0000
47,-74.5000,23.2000
47,-75.1000,23.4000
47,-75.8000,23.5000
47,-76.5000,23.6000
47,-77.3000,23.7000
47,-78.1000,23.8000
47,-78.9000,23.9000
47,-79.7000,24.0000
47,-80.5000,24.0000
47,-81.3000,24.1000
47,-82.1000,24.3000
47,-82.8000,24.6000
47,-82.9000,24.6000
47,-83.4000,24.8000
47,-84.0000,24.9000
47,-84.5000,25.0000
47,-85.0000,25.0000
47,-85.5000,25.1000
47,-86.1000,25.3000
47,-86.7000,25.6000
47,-87.3000,25.9000
47,-88.0000,26.2000
47,-89.0000,26.4000
47,-90.0000,26.5000
47,-91.0000,26.5000
47,-92.0000,26.5000
47,-92.9000,26.6000
47,-93.8000,26.7000
47,-94.6000,26.8000
47,-95.5000,27.0000
47,-96.6000,27.2000
47,-97.3000,27.2000
47,-98.0000,27.4000
47,-99.5000,27.8000
47,-101.0000,28.2000
47,-102.4000,28.9000
47,-103.8000,29.7000
47,-105.0000,30.6000
47,-106.0000,31.5000
48,-80.1000,12.7000
48,-80.4000,13.1000
48,-80.6000,13.5000
48,-80.9000,13.8000
48,-81.2000,14.2000
48,-81.5000,14.6000
48,-81.8000,15.0000
48,-82.2000,15.5000
48,-82.6000,16.0000
48,-83.0000,16.5000
48,-83.5000,17.0000
48,-84.0000,17.6000
48,-84.5000,18.3000
48,-85.0000,19.1000
48,-85.3000,20.0000
48,-85.4000,20.9000
48,-85.5000,21.8000
48,-85.5000,22.8000
48,-85.5000,23.8000
48,-85.2000,24.7000
48,-84.8000,25.6000
48,-84.4000,26.4000
48,-83.9000,27.1000
48,-83.1000,27.8000
48,-82.8000,28.1000
48,-82.2000,28.5000
48,-81.0000,29.0000
48,-79.6000,29.5000
48,-78.0000,29.5000
48,-76.3000,29.4000
48,-74.6000,29.2000
48,-73.1000,29.0000
48,-71.8000,28.7000
48,-70.7000,28.4000
48,-69.7000,28.1000
48,-68.8000,27.8000
48,-67.8000,27.3000
48,-66.7000,26.8000
48,-65.5000,26.6000
48,-64.0000,26.5000
48,-62.0000,27.0000
48,-59.0000,28.5000
48,-55.0000,30.5000
49,-54.6000,10.5000
49,-56.0000,11.0000
49,-57.5000,11.6000
49,-59.0000,12.3000
49,-60.4000,13.0000
49,-61.5000,13.8000
49,-62.3000,14.5000
49,-62.9000,15.2000
49,-63.5000,16.0000
49,-64.0000,16.8000
49,-64.6000,17.6000
49,-65.3000,18.5000
49,-66.0000,19.4000
49,-66.7000,20.2000
49,-67.3000,21.0000
49,-67.9000,21.7000
49,-68.5000,22.5000
49,-69.2000,23.2000
49,-70.1000,24.0000
49,-71.2000,25.0000
49,-72.2000,25.9000
49,-73.1000,26.7000
49,-73.7000,27.3000
49,-74.2000,27.6000
49,-74.5000,27.9000
49,-74.8000,28.0000
49,-75.0000,28.1000
49,-75.3000,28.2000
49,-75.7000,28.2000
49,-76.2000,28.3000
49,-76.6000,28.3000
49,-77.0000,28.2000
49,-77.3000,28.2000
49,-77.5000,28.2000
49,-77.7000,28.6000
49,-77.9000,29.4000
49,-77.7000,30.2000
49,-77.0000,31.2000
49,-76.3000,32.7000
49,-75.5000,34.4000
49,-74.3000,36.3000
49,-72.9000,38.5000
49,-70.3000,40.9000
49,-67.2000,43.5000
49,-63.1000,46.3000
49,-59.8000,49.0000
49,-56.0000,51.0000
49,-52.6000,52.5000
49,-48.8000,54.0000
49,-45.2000,55.3000
50,-83.5000,15.7000
50,-83.9000,16.1000
50,-84.2000,16.5000
50,-84.4000,16.9000
50,-84.6000,17.3000
50,-84.8000,17.7000
50,-85.0000,18.0000
50,-85.2000,18.3000
50,-85.5000,18.6000
50,-85.8000,18.9000
50,-86.0000,19.0000
50,-86.2000,18.9000
50,-86.4000,18.8000
50,-86.5000,18.6000
50,-86.5000,18.4000
50,-86.4000,18.3000
50,-86.2000,18.3000
50,-86.0000,18.4000
50,-85.8000,18.6000
50,-85.6000,19.1000
50,-85.3000,19.7000
50,-85.0000,20.4000
50,-84.7000,21.3000
50,-84.4000,22.4000
50,-84.0000,23.4000
50,-83.5000,24.4000
50,-83.0000,25.2000
50,-82.5000,25.5000
50,-81.9000,25.8000
50,-81.8000,25.8000
50,-81.0000,25.9000
50,-80.1000,26.0000
50,-78.9000,26.3000
50,-77.4000,26.8000
50,-75.6000,27.3000
50,-73.5000,28.0000
50,-71.4000,28.7000
50,-69.3000,29.4000
50,-67.2000,30.1000
50,-65.0000,31.0000
51,-56.5000,12.8000
51,-58.0000,13.5000
51,-59.6000,14.2000
51,-61.3000,14.9000
51,-62.9000,15.6000
51,-64.5000,16.3000
51,-65.8000,17.1000
51,-67.1000,17.9000
51,-68.2000,18.7000
51,-69.3000,19.5000
51,-70.3000,20.2000
51,-71.3000,21.0000
51,-72.4000,21.8000
51,-73.5000,22.5000
51,-74.4000,23.1000
51,-75.3000,23.7000
51,-76.2000,24.3000
51,-77.0000,24.8000
51,-77.6000,25.2000
51,-78.1000,25.6000
51,-78.5000,25.9000
51,-79.0000,26.3000
51,-79.5000,26.9000
51,-80.0000,27.7000
51,-80.5000,28.5000
51,-80.8000,29.0000
51,-81.1000,29.2000
51,-81.8000,29.8000
51,-82.6000,30.5000
51,-83.5000,31.3000
51,-84.5000,32.0000
51,-85.5000,32.4000
51,-86.6000,32.7000
51,-87.8000,32.9000
51,-88.8000,33.0000
51,-89.6000,33.2000
51,-90.1000,33.5000
51,-90.4000,33.9000
51,-90.5000,34.5000
51,-90.0000,35.5000
51,-88.7000,37.0000
51,-87.1000,38.4000
51,-85.5000,39.5000
51,-83.9000,40.6000
51,-82.2000,41.8000
51,-80.6000,42.9000
51,-78.8000,44.0000
52,-75.5000,12.5000
52,-77.0000,13.5000
52,-78.5000,14.5000
52,-80.0000,15.5000
52,-81.5000,16.5000
52,-82.5000,17.7000
52,-83.3000,19.1000
52,-84.1000,20.4000
52,-85.0000,21.5000
52,-86.0000,22.2000
52,-87.0000,22.7000
52,-88.0000,23.0000
52,-88.8000,23.5000
52,-89.5000,24.1000
52,-90.1000,24.8000
52,-90.6000,25.4000
52,-90.8000,26.0000
52,-90.8000,26.4000
52,-90.8000,26.8000
52,-90.8000,27.2000
52,-90.8000,27.7000
52,-90.8000,28.5000
52,-90.9000,29.2000
52,-90.9000,29.3000
52,-91.0000,29.9000
52,-91.3000,30.4000
52,-91.8000,30.7000
52,-92.8000,30.8000
52,-94.0000,31.0000
52,-95.5000,31.5000
52,-97.0000,32.0000
53,-46.0000,15.4000
53,-47.1000,15.7000
53,-48.2000,16.1000
53,-49.4000,16.4000
53,-50.6000,16.7000
53,-51.9000,17.0000
53,-53.3000,17.3000
53,-54.7000,17.5000
53,-56.0000,17.8000
53,-57.3000,18.1000
53,-58.6000,18.4000
53,-59.9000,18.8000
53,-61.1000,19.1000
53,-62.2000,19.4000
53,-63.0000,19.6000
53,-63.6000,19.8000
53,-64.2000,20.1000
53,-65.0000,20.5000
53,-66.0000,20.7000
53,-67.0000,20.9000
53,-68.0000,21.0000
53,-69.3000,21.3000
53,-71.0000,21.7000
53,-72.7000,22.1000
53,-74.3000,22.5000
53,-75.8000,23.2000
53,-77.3000,24.2000
53,-78.8000,25.0000
53,-80.3000,25.6000
53,-81.6000,26.2000
53,-82.5000,26.8000
53,-83.3000,27.3000
53,-84.1000,27.8000
53,-84.8000,28.4000
53,-85.5000,29.0000
53,-86.2000,29.6000
53,-86.8000,30.1000
53,-87.3000,30.3000
53,-87.5000,30.3000
53,-87.7000,30.3000
53,-88.1000,30.3000
53,-88.6000,30.3000
53,-89.4000,30.4000
53,-90.5000,30.5000
53,-91.7000,30.6000
53,-92.9000,30.7000
54,-81.2000,11.5000
54,-81.0000,11.5000
54,-80.9000,11.6000
54,-80.8000,11.7000
54,-80.7000,11.8000
54,-80.7000,12.0000
54,-80.6000,12.1000
54,-80.6000,12.2000
54,-80.5000,12.4000
54,-80.5000,12.6000
54,-80.5000,12.9000
54,-80.5000,13.2000
54,-80.6000,13.5000
54,-80.7000,13.9000
54,-80.9000,14.3000
54,-81.2000,14.8000
54,-81.5000,15.3000
54,-81.8000,15.8000
54,-82.3000,16.5000
54,-82.7000,17.3000
54,-83.0000,18.2000
54,-82.9000,19.1000
54,-82.9000,19.8000
54,-82.9000,20.5000
54,-82.8000,21.3000
54,-82.7000,22.3000
54,-82.1000,23.4000
54,-81.0000,24.5000
54,-79.7000,25.6000
54,-78.0000,26.9000
54,-75.5000,28.0000
54,-73.0000,29.1000
54,-70.3000,30.1000
54,-67.5000,31.2000
54,-64.7000,32.4000
54,-62.2000,33.8000
54,-59.7000,35.1000
54,-57.2000,36.0000
54,-54.7000,36.4000
54,-52.2000,36.6000
54,-50.0000,36.8000
54,-48.0000,37.0000
54,-46.5000,37.2000
54,-45.5000,37.3000
54,-44.8000,37.4000
54,-44.5000,37.3000
54,-44.2000,36.8000
54,-44.6000,35.6000
54,-45.6000,34.0000
54,-47.0000,32.5000
54,-48.5000,31.3000
54,-50.0000,30.3000
54,-51.5000,29.5000
54,-53.0000,29.0000
54,-54.2000,28.8000
54,-55.0000,29.0000
54,-55.5000,29.7000
55,-17.0000,14.2000
55,-18.5000,14.1000
55,-20.0000,14.0000
55,-21.6000,13.8000
55,-23.2000,13.7000
55,-24.8000,13.6000
55,-26.5000,13.5000
55,-28.2000,13.5000
55,-30.0000,13.5000
55,-31.7000,13.6000
55,-33.5000,13.7000
55,-35.2000,13.8000
55,-37.0000,13.9000
55,-38.7000,14.0000
55,-40.5000,14.2000
55,-42.2000,14.3000
55,-44.0000,14.4000
55,-45.7000,14.5000
55,-47.5000,14.7000
55,-49.2000,14.9000
55,-50.9000,15.2000
55,-52.6000,15.5000
55,-54.2000,15.8000
55,-55.8000,15.9000
55,-57.3000,15.9000
55,-58.8000,15.9000
55,-60.3000,16.0000
55,-61.5000,16.2000
55,-62.6000,16.5000
55,-63.6000,17.0000
55,-64.8000,17.5000
55,-65.9000,18.0000
55,-66.9000,18.4000
55,-68.0000,18.9000
55,-69.0000,19.4000
55,-70.0000,19.9000
55,-70.8000,20.7000
55,-71.7000,21.5000
55,-72.7000,22.2000
55,-73.8000,22.9000
55,-75.0000,23.7000
55,-76.3000,24.5000
55,-77.6000,25.3000
55,-78.8000,26.0000
55,-80.0000,26.7000
55,-81.1000,27.2000
55,-82.0000,27.8000
55,-82.2000,28.6000
55,-82.0000,29.4000
55,-81.7000,30.1000
55,-81.1000,31.1000
55,-80.5000,32.4000
55,-80.3000,32.5000
55,-79.2000,33.8000
55,-78.3000,34.8000
55,-77.5000,35.8000
55,-77.3000,36.8000
55,-77.5000,38.0000
55,-78.0000,39.7000
55,-79.0000,41.5000
55,-79.2000,43.5000
55,-79.0000,45.5000
56,-63.6000,23.0000
56,-63.8000,23.0000
56,-64.0000,23.0000
56,-64.2000,23.0000
56,-64.4000,23.1000
56,-64.7000,23.1000
56,-65.0000,23.2000
56,-65.5000,23.2000
56,-66.0000,23.3000
56,-66.5000,23.4000
56,-67.0000,23.5000
56,-67.5000,23.6000
56,-68.0000,23.7000
56,-68.5000,23.8000
56,-69.0000,24.0000
56,-69.5000,24.4000
56,-70.0000,25.0000
56,-70.6000,25.6000
56,-71.2000,26.0000
56,-71.9000,26.4000
56,-72.8000,26.7000
56,-73.7000,26.9000
56,-74.4000,27.0000
56,-74.9000,27.0000
56,-75.4000,26.7000
56,-75.9000,26.3000
56,-76.3000,25.9000
56,-76.6000,25.6000
56,-77.0000,25.2000
56,-77.3000,24.9000
56,-77.7000,24.6000
56,-78.0000,24.4000
56,-78.4000,24.2000
56,-78.8000,24.1000
56,-79.1000,24.2000
56,-79.4000,24.3000
56,-79.7000,24.5000
56,-80.0000,24.7000
56,-80.4000,24.9000
56,-80.5000,25.0000
56,-81.0000,25.1000
56,-81.7000,25.4000
56,-82.5000,25.9000
56,-83.5000,26.4000
56,-84.5000,27.0000
56,-85.3000,27.6000
56,-85.7000,28.2000
56,-86.0000,28.8000
56,-86.2000,29.4000
56,-86.0000,29.9000
56,-85.7000,30.2000
56,-85.4000,30.4000
56,-84.2000,31.0000
56,-82.7000,32.0000
56,-81.1000,33.5000
56,-79.5000,35.2000
56,-78.0000,36.7000
56,-77.0000,38.3000
56,-76.3000,39.9000
56,-75.5000,41.5000
56,-74.5000,42.8000
56,-73.4000,44.1000
56,-72.1000,45.3000
56,-70.6000,46.3000
56,-69.1000,47.2000
56,-67.1000,48.0000
56,-64.5000,48.8000
57,-63.6000,18.8000
57,-64.4000,19.3000
57,-65.2000,19.8000
57,-66.0000,20.2000
57,-66.6000,20.4000
57,-67.1000,20.6000
57,-67.6000,20.7000
57,-68.0000,20.9000
57,-68.3000,21.1000
57,-68.6000,21.3000
57,-68.9000,21.5000
57,-69.2000,21.7000
57,-69.7000,21.9000
57,-70.3000,22.0000
57,-71.0000,22.2000
57,-71.5000,22.4000
57,-71.9000,22.7000
57,-72.2000,23.0000
57,-72.6000,23.5000
57,-73.2000,24.0000
57,-74.0000,24.4000
57,-74.8000,24.7000
57,-75.6000,25.1000
57,-76.4000,25.5000
57,-77.0000,26.0000
57,-77.4000,26.5000
57,-77.6000,27.0000
57,-77.4000,27.5000
57,-77.2000,28.1000
57,-76.9000,28.7000
57,-76.5000,29.3000
57,-76.0000,29.8000
57,-75.0000,30.5000
57,-73.6000,31.7000
57,-71.8000,33.5000
57,-70.1000,35.5000
57,-69.5000,37.2000
57,-69.2000,38.6000
57,-68.2000,39.5000
57,-67.0000,40.3000
57,-65.0000,41.4000
57,-62.5000,42.4000
57,-61.0000,42.9000
57,-59.6000,43.4000
57,-58.6000,43.7000
57,-57.8000,43.8000
57,-57.0000,44.0000
57,-56.0000,44.7000
57,-54.0000,46.0000
57,-51.0000,47.8000
57,-47.0000,50.0000
57,-43.0000,52.0000
57,-40.2000,53.7000
57,-38.5000,55.2000
57,-36.8000,56.5000
57,-35.0000,57.8000
57,-32.5000,59.3000
57,-30.0000,61.0000
57,-27.0000,63.0000
57,-24.0000,65.0000
57,-19.0000,67.0000
57,-12.0000,69.0000
57,-4.0000,70.8000
57,5.0000,72.0000
57,14.0000,72.5000
57,22.0000,72.5000
57,28.0000,72.3000
57,32.0000,72.0000
57,35.0000,71.5000
57,37.0000,71.0000
57,38.5000,70.5000
57,40.0000,70.0000
57,41.5000,69.5000
58,-55.4000,15.0000
58,-56.3000,15.0000
58,-57.2000,15.0000
58,-58.2000,14.9000
58,-59.3000,14.9000
58,-60.5000,14.8000
58,-61.7000,14.8000
58,-63.0000,14.7000
58,-64.5000,14.6000
58,-66.0000,14.5000
58,-67.2000,14.3000
58,-68.2000,14.1000
58,-69.0000,13.9000
58,-69.5000,13.7000
58,-70.0000,13.5000
58,-70.5000,13.4000
58,-71.0000,13.3000
58,-71.5000,13.3000
58,-72.1000,13.4000
58,-72.9000,13.5000
58,-73.7000,13.7000
58,-74.4000,13.8000
58,-75.0000,13.8000
58,-75.8000,13.8000
58,-76.8000,13.9000
58,-77.8000,14.0000
58,-78.5000,14.1000
58,-78.9000,14.2000
58,-79.2000,14.3000
58,-79.5000,14.4000
58,-79.8000,14.6000
58,-80.1000,14.9000
58,-80.4000,15.2000
58,-80.7000,15.5000
58,-80.9000,15.8000
58,-81.1000,16.2000
58,-81.1000,16.7000
58,-81.0000,17.3000
58,-80.8000,18.1000
58,-80.6000,19.1000
58,-79.8000,20.0000
58,-78.9000,20.8000
58,-77.7000,21.5000
58,-76.5000,22.1000
58,-75.3000,23.0000
58,-74.0000,23.8000
58,-72.5000,24.6000
58,-71.3000,25.4000
58,-70.3000,26.3000
58,-69.3000,27.3000
58,-68.2000,28.3000
58,-67.0000,29.3000
58,-65.7000,30.3000
58,-64.3000,31.3000
58,-62.3000,32.6000
58,-60.0000,34.5000
58,-56.8000,37.0000
58,-53.3000,39.3000
58,-50.0000,40.2000
58,-47.0000,40.3000
58,-43.5000,40.2000
58,-40.0000,40.0000
58,-36.0000,39.8000
59,-24.9000,12.6000
59,-26.0000,12.7000
59,-27.1000,12.8000
59,-28.2000,12.9000
59,-29.3000,13.0000
59,-30.4000,13.1000
59,-31.5000,13.2000
59,-32.5000,13.4000
59,-33.5000,13.6000
59,-34.6000,13.8000
59,-35.8000,14.0000
59,-37.1000,14.3000
59,-38.4000,14.5000
59,-39.7000,14.7000
59,-41.0000,14.9000
59,-42.3000,15.1000
59,-43.6000,15.3000
59,-44.9000,15.6000
59,-46.2000,15.8000
59,-47.5000,16.1000
59,-48.8000,16.4000
59,-50.1000,16.7000
59,-51.6000,17.0000
59,-53.1000,17.3000
59,-54.7000,17.7000
59,-56.3000,18.1000
59,-57.9000,18.5000
59,-59.5000,18.8000
59,-61.1000,19.1000
59,-62.7000,19.5000
59,-64.4000,20.0000
59,-66.1000,20.6000
59,-67.8000,21.2000
59,-69.5000,21.7000
59,-70.9000,21.9000
59,-72.1000,22.2000
59,-73.2000,22.4000
59,-74.3000,22.5000
59,-75.7000,22.6000
59,-77.3000,22.8000
59,-78.9000,23.0000
59,-80.4000,23.1000
59,-81.9000,23.3000
59,-83.1000,23.5000
59,-84.1000,23.7000
59,-85.1000,24.2000
59,-86.1000,24.6000
59,-87.2000,24.9000
59,-88.6000,25.1000
59,-89.9000,25.3000
59,-91.2000,25.6000
59,-92.4000,25.9000
59,-93.7000,26.0000
59,-94.9000,26.1000
59,-95.8000,26.2000
59,-96.6000,26.2000
59,-97.2000,26.1000
59,-97.5000,26.1000
59,-98.4000,25.9000
59,-99.3000,25.7000
60,-56.4000,18.1000
60,-58.3000,18.5000
60,-60.2000,18.9000
60,-62.0000,19.3000
60,-63.8000,19.9000
60,-65.5000,20.5000
60,-67.0000,21.1000
60,-68.2000,21.8000
60,-69.4000,22.3000
60,-70.7000,22.7000
60,-72.2000,23.2000
60,-73.8000,23.8000
60,-75.4000,24.5000
60,-76.8000,25.4000
60,-77.9000,25.8000
60,-79.0000,26.3000
60,-80.1000,26.9000
60,-80.3000,27.0000
60,-81.6000,27.7000
60,-82.3000,28.3000
60,-82.7000,28.8000
60,-82.9000,29.2000
60,-83.1000,29.4000
60,-83.4000,30.0000
60,-83.5000,30.5000
60,-83.3000,30.9000
60,-82.9000,31.3000
60,-82.5000,31.7000
60,-82.5000,32.1000
60,-82.5000,32.4000
60,-82.5000,32.7000
60,-82.5000,33.0000
60,-82.5000,33.4000
61,-81.4000,15.3000
61,-81.5000,15.5000
61,-81.5000,15.7000
61,-81.5000,15.9000
61,-81.5000,16.2000
61,-81.5000,16.6000
61,-81.6000,17.3000
61,-81.7000,18.1000
61,-81.7000,18.9000
61,-81.7000,19.7000
61,-81.8000,20.5000
61,-81.9000,21.3000
61,-82.0000,22.0000
61,-82.1000,22.7000
61,-82.3000,23.3000
61,-82.0000,23.7000
61,-81.0000,24.2000
61,-79.7000,24.8000
61,-78.1000,25.9000
61,-76.3000,27.2000
61,-74.6000,28.5000
61,-73.1000,29.8000
61,-71.2000,31.5000
61,-69.4000,33.6000
61,-68.0000,35.5000
61,-67.0000,37.4000
61,-66.1000,39.3000
61,-65.2000,41.2000
61,-64.3000,42.9000
61,-63.3000,44.0000
61,-62.1000,44.5000
61,-60.0000,44.5000
61,-55.5000,44.0000
62,-68.8000,23.3000
62,-69.3000,23.5000
62,-69.8000,23.8000
62,-70.4000,24.1000
62,-70.9000,24.2000
62,-71.4000,24.2000
62,-72.1000,24.1000
62,-72.9000,24.1000
62,-73.7000,24.0000
62,-74.5000,23.9000
62,-75.2000,23.8000
62,-75.9000,23.7000
62,-76.6000,23.7000
62,-77.3000,23.7000
62,-77.9000,23.7000
62,-78.5000,23.7000
62,-79.0000,23.7000
62,-79.5000,23.8000
62,-80.0000,24.1000
62,-80.5000,24.6000
62,-80.8000,24.8000
62,-81.1000,25.1000
62,-81.6000,25.7000
62,-82.2000,26.4000
62,-82.8000,27.1000
62,-83.2000,27.8000
62,-83.4000,28.4000
62,-83.4000,29.1000
62,-83.4000,29.6000
62,-83.4000,29.9000
62,-83.1000,30.9000
62,-82.5000,32.0000
62,-81.5000,33.2000
62,-80.0000,34.6000
62,-78.0000,36.1000
62,-75.1000,37.5000
62,-70.9000,38.7000
62,-65.4000,39.8000
62,-60.2000,40.9000
62,-55.0000,42.0000
62,-50.0000,43.1000
62,-45.0000,44.2000
62,-40.0000,45.5000
62,-35.2000,46.9000
62,-32.7000,48.5000
62,-31.5000,50.2000
62,-31.2000,52.0000
62,-31.2000,54.0000
62,-32.0000,55.5000
62,-34.0000,56.5000
62,-36.5000,56.8000
62,-39.0000,57.0000
63,-74.7000,14.8000
63,-75.0000,14.6000
63,-75.3000,14.4000
63,-75.7000,14.2000
63,-76.1000,14.1000
63,-76.5000,14.1000
63,-77.0000,14.1000
63,-77.7000,14.2000
63,-78.4000,14.3000
63,-79.0000,14.5000
63,-79.4000,14.7000
63,-79.7000,14.9000
63,-79.8000,15.1000
63,-79.8000,15.3000
63,-79.8000,15.7000
63,-79.8000,16.2000
63,-79.8000,16.7000
63,-79.8000,17.2000
63,-79.9000,18.0000
63,-80.1000,19.2000
63,-80.3000,21.4000
63,-80.4000,22.7000
63,-80.2000,24.0000
63,-79.6000,25.2000
63,-79.0000,26.0000
63,-78.2000,26.7000
63,-77.0000,27.7000
63,-75.2000,28.8000
63,-72.9000,30.1000
63,-70.4000,31.4000
63,-68.4000,32.7000
63,-67.0000,34.3000
63,-65.5000,36.5000
63,-63.5000,38.8000
63,-61.5000,40.7000
63,-59.0000,43.0000
63,-56.5000,45.8000
63,-53.6000,48.7000
63,-50.5000,49.9000
64,-74.0000,14.8000
64,-75.1000,15.0000
64,-76.1000,15.2000
64,-77.1000,15.4000
64,-78.0000,15.7000
64,-78.6000,15.8000
64,-79.2000,16.0000
64,-79.9000,16.4000
64,-80.5000,16.8000
64,-80.9000,17.0000
64,-81.4000,17.2000
64,-81.8000,17.4000
64,-82.2000,17.6000
64,-82.8000,17.8000
64,-83.5000,18.0000
64,-84.1000,18.3000
64,-84.6000,18.8000
64,-85.4000,19.4000
64,-86.3000,20.3000
64,-87.6000,21.2000
64,-88.8000,22.2000
64,-89.6000,23.0000
64,-90.5000,23.8000
64,-91.7000,24.6000
64,-92.8000,25.5000
64,-93.9000,26.3000
64,-95.0000,27.1000
64,-96.1000,27.9000
64,-96.6000,28.3000
64,-97.2000,28.8000
64,-98.6000,29.4000
64,-100.0000,30.2000
64,-101.4000,31.0000
64,-102.5000,31.7000
64,-103.6000,32.2000
64,-104.0000,32.3000
64,-104.3000,32.5000
64,-104.5000,33.0000
65,-80.5000,16.0000
65,-80.6000,16.4000
65,-80.7000,16.8000
65,-80.8000,17.1000
65,-80.9000,17.4000
65,-80.9000,17.6000
65,-80.8000,17.8000
65,-80.7000,17.9000
65,-80.6000,18.0000
65,-80.6000,18.1000
65,-80.5000,18.2000
65,-80.5000,18.3000
65,-80.8000,18.5000
65,-81.3000,18.7000
65,-81.7000,19.0000
65,-82.1000,19.2000
65,-82.4000,19.4000
65,-82.7000,19.5000
65,-82.9000,19.6000
65,-82.9000,19.7000
65,-82.9000,20.0000
65,-82.9000,20.6000
65,-82.9000,21.4000
65,-82.9000,22.2000
65,-83.0000,23.1000
65,-82.9000,24.0000
65,-82.9000,24.6000
65,-82.7000,25.3000
65,-82.6000,26.9000
65,-82.5000,27.2000
65,-82.1000,28.4000
65,-81.7000,29.8000
65,-81.4000,31.2000
65,-81.0000,32.4000
65,-80.5000,33.7000
65,-79.0000,35.4000
65,-76.9000,37.1000
65,-75.0000,38.3000
65,-73.3000,39.4000
65,-70.8000,40.7000
65,-67.4000,42.7000
65,-63.5000,44.9000
65,-59.5000,47.5000
65,-56.5000,50.5000
65,-54.0000,54.0000
65,-52.0000,57.0000
65,-50.0000,59.5000
65,-47.0000,61.5000
65,-43.5000,63.0000
65,-39.0000,64.5000
65,-34.0000,66.0000
66,-58.5000,19.0000
66,-59.9000,19.1000
66,-61.3000,19.2000
66,-62.6000,19.3000
66,-63.8000,19.5000
66,-64.9000,19.8000
66,-66.2000,20.2000
66,-68.0000,20.6000
66,-70.0000,21.0000
66,-71.7000,21.3000
66,-73.0000,21.6000
66,-74.4000,22.0000
66,-75.8000,22.6000
66,-77.2000,23.4000
66,-78.6000,24.2000
66,-80.0000,25.1000
66,-80.3000,25.3000
66,-80.4000,25.4000
66,-80.9000,25.9000
66,-81.5000,26.6000
66,-81.8000,27.5000
66,-81.7000,28.5000
66,-81.5000,29.6000
66,-81.2000,31.0000
66,-80.9000,32.1000
66,-80.8000,32.3000
66,-80.3000,33.4000
66,-79.9000,34.4000
66,-79.3000,35.6000
66,-78.5000,36.8000
66,-77.0000,38.3000
66,-75.0000,40.3000
66,-72.4000,42.3000
66,-69.0000,44.1000
66,-65.0000,45.1000
66,-60.6000,45.6000
66,-54.8000,46.3000
66,-49.0000,47.0000
66,-46.1000,47.9000
67,-20.1000,14.5000
67,-21.5000,14.3000
67,-22.8000,14.2000
67,-24.0000,14.1000
67,-25.0000,14.0000
67,-26.1000,14.0000
67,-27.1000,14.0000
67,-28.2000,14.1000
67,-29.3000,14.2000
67,-30.4000,14.3000
67,-31.5000,14.3000
67,-32.6000,14.2000
67,-33.7000,14.1000
67,-34.8000,14.0000
67,-36.0000,13.9000
67,-37.2000,13.8000
67,-38.5000,13.7000
67,-39.8000,13.6000
67,-41.0000,13.5000
67,-42.0000,13.4000
67,-42.9000,13.3000
67,-43.8000,13.2000
67,-44.8000,13.2000
67,-45.7000,13.3000
67,-46.7000,13.5000
67,-47.6000,13.8000
67,-48.4000,14.1000
67,-49.0000,14.4000
67,-49.8000,14.8000
67,-51.0000,15.2000
67,-52.5000,15.7000
67,-54.5000,16.3000
67,-56.5000,16.9000
67,-58.4000,17.6000
67,-60.3000,18.6000
67,-62.2000,19.6000
67,-64.0000,20.6000
67,-65.4000,21.4000
67,-66.4000,22.0000
67,-67.4000,22.6000
67,-68.4000,23.2000
67,-69.4000,23.7000
67,-70.4000,24.2000
67,-71.6000,24.8000
67,-72.8000,25.4000
67,-73.7000,26.0000
67,-74.5000,26.5000
67,-75.2000,26.7000
67,-75.7000,26.8000
67,-76.2000,26.9000
67,-76.9000,26.7000
67,-77.1000,26.7000
67,-77.8000,26.6000
67,-78.6000,26.5000
67,-79.5000,26.3000
67,-80.1000,26.1000
67,-80.4000,26.1000
67,-81.3000,26.2000
67,-82.3000,26.5000
67,-83.4000,26.8000
67,-84.5000,27.2000
67,-85.7000,27.7000
67,-87.3000,28.4000
67,-89.0000,29.4000
67,-89.5000,29.6000
67,-90.7000,30.1000
67,-92.2000,30.8000
67,-93.7000,31.6000
67,-95.2000,32.7000
67,-95.9000,33.7000
67,-95.0000,35.0000
67,-93.3000,36.4000
67,-91.5000,38.0000
68,-79.2000,18.2000
68,-79.8000,18.2000
68,-80.4000,18.3000
68,-80.8000,18.5000
68,-81.1000,18.8000
68,-81.5000,19.2000
68,-81.9000,19.6000
68,-82.2000,20.0000
68,-82.3000,20.5000
68,-82.3000,21.2000
68,-82.3000,21.9000
68,-82.1000,22.3000
68,-82.1000,22.6000
68,-82.0000,22.7000
68,-81.9000,23.3000
68,-81.7000,24.0000
68,-81.6000,24.6000
68,-81.5000,24.7000
68,-81.4000,25.4000
68,-81.3000,25.8000
68,-81.2000,26.0000
68,-80.8000,26.5000
68,-80.1000,27.3000
68,-78.9000,27.9000
68,-77.6000,28.5000
68,-75.7000,29.6000
68,-73.6000,31.0000
68,-71.6000,33.0000
68,-69.5000,35.1000
68,-66.9000,37.1000
68,-62.0000,39.3000
68,-57.5000,41.5000
68,-52.8000,43.3000
68,-48.6000,44.6000
68,-43.7000,46.0000
68,-39.0000,47.5000
69,-83.5000,16.7000
69,-84.3000,17.4000
69,-84.7000,18.1000
69,-85.0000,18.8000
69,-85.2000,19.5000
69,-85.0000,20.2000
69,-84.2000,21.2000
69,-83.3000,22.3000
69,-83.2000,22.4000
69,-82.3000,23.5000
69,-81.2000,24.7000
69,-80.9000,25.1000
69,-80.2000,25.8000
69,-79.2000,26.8000
69,-77.9000,27.7000
69,-76.4000,28.7000
69,-74.7000,29.7000
69,-72.8000,30.7000
69,-70.0000,31.4000
69,-67.0000,31.9000
69,-64.9000,32.3000
69,-63.6000,32.4000
69,-60.1000,32.5000
69,-56.6000,32.4000
69,-53.2000,32.1000
69,-51.0000,31.8000
69,-49.2000,31.4000
69,-47.5000,31.0000
69,-45.8000,31.0000
69,-44.1000,31.2000
69,-42.4000,31.5000
69,-41.0000,31.8000
69,-40.0000,31.8000
69,-39.3000,32.0000
69,-38.7000,31.8000
69,-38.2000,31.5000
69,-38.0000,31.0000
69,-38.2000,30.6000
69,-38.5000,30.3000
69,-39.0000,30.2000
69,-39.6000,30.2000
69,-40.3000,30.3000
69,-40.7000,30.5000
69,-41.3000,30.8000
69,-42.6000,31.2000
69,-43.9000,31.6000
69,-45.2000,32.1000
69,-46.4000,32.6000
69,-47.0000,33.4000
69,-47.5000,34.4000
69,-47.8000,35.4000
69,-47.7000,36.4000
69,-47.9000,38.0000
69,-46.6000,40.7000
69,-43.0000,43.7000
69,-37.5000,46.5000
70,-60.0000,18.0000
70,-61.4000,18.2000
70,-62.7000,18.5000
70,-64.2000,19.0000
70,-65.8000,19.7000
70,-67.3000,20.5000
70,-68.6000,21.3000
70,-69.8000,22.1000
70,-71.1000,23.0000
70,-72.4000,23.6000
70,-73.7000,24.0000
70,-75.0000,24.2000
70,-76.4000,24.6000
70,-77.8000,25.2000
70,-79.0000,25.9000
70,-80.0000,26.6000
70,-80.1000,26.6000
70,-81.2000,27.3000
70,-82.2000,28.2000
70,-82.8000,29.1000
70,-82.9000,30.3000
70,-82.9000,31.8000
70,-82.7000,33.2000
70,-82.2000,34.7000
70,-80.6000,36.4000
70,-78.2000,38.6000
70,-76.6000,40.8000
70,-72.5000,43.8000
70,-68.2000,46.8000
70,-64.9000,49.5000
70,-62.5000,52.2000
70,-59.2000,54.1000
70,-54.7000,54.8000
70,-51.0000,54.8000
70,-46.9000,54.9000
70,-42.0000,54.7000
70,-35.0000,54.0000
70,-25.0000,53.5000
70,-19.0000,53.2000
70,-17.0000,53.0000
71,-83.2000,19.7000
71,-83.2000,19.9000
71,-83.2000,20.1000
71,-83.2000,20.3000
71,-83.3000,20.5000
71,-83.3000,20.7000
71,-83.2000,20.9000
71,-82.7000,21.4000
71,-82.6000,21.5000
71,-82.4000,22.4000
71,-82.3000,22.7000
71,-82.3000,23.8000
71,-82.6000,24.9000
71,-82.8000,26.2000
71,-83.3000,27.1000
71,-83.5000,27.7000
71,-83.8000,28.0000
71,-83.7000,28.1000
71,-83.3000,28.5000
71,-83.0000,28.8000
71,-82.8000,29.1000
71,-82.8000,29.1000
71,-82.8000,28.7000
71,-82.7000,28.5000
71,-82.6000,28.4000
71,-82.1000,28.2000
71,-81.7000,28.6000
71,-81.6000,29.3000
71,-81.9000,30.2000
71,-83.0000,31.2000
71,-84.8000,32.0000
71,-85.9000,33.1000
71,-87.0000,33.9000
71,-88.3000,35.2000
71,-88.5000,35.2000
71,-89.3000,35.3000
71,-89.8000,35.0000
71,-89.9000,35.6000
71,-90.2000,35.9000
72,-84.2000,16.0000
72,-83.9000,16.0000
72,-83.8000,16.0000
72,-83.7000,16.0000
72,-83.6000,16.1000
72,-83.5000,16.2000
72,-83.3000,16.3000
72,-82.7000,16.6000
72,-82.0000,16.9000
72,-81.0000,17.2000
72,-80.0000,17.7000
72,-79.3000,18.4000
72,-79.0000,18.9000
72,-78.7000,19.3000
72,-78.3000,20.0000
72,-78.3000,20.9000
72,-78.2000,21.1000
72,-78.3000,22.2000
72,-79.0000,23.2000
72,-79.5000,24.0000
72,-79.8000,24.7000
72,-80.2000,25.7000
72,-80.3000,25.9000
72,-81.0000,27.1000
72,-81.5000,28.6000
72,-82.4000,30.0000
72,-83.5000,31.1000
72,-84.5000,31.7000
72,-85.3000,32.1000
72,-86.0000,32.5000
72,-86.5000,32.9000
73,-77.7000,11.4000
73,-78.5000,12.5000
73,-79.3000,13.6000
73,-80.2000,14.7000
73,-81.1000,15.7000
73,-81.8000,16.6000
73,-82.0000,17.0000
73,-82.0000,17.1000
73,-82.0000,17.2000
73,-82.0000,17.3000
73,-82.0000,17.6000
73,-82.0000,17.9000
73,-82.0000,18.3000
73,-82.0000,18.8000
73,-81.9000,19.4000
73,-81.6000,20.0000
73,-81.3000,21.0000
73,-80.9000,22.0000
73,-80.5000,22.8000
73,-79.9000,23.4000
73,-79.3000,23.9000
73,-78.4000,24.4000
73,-78.3000,24.4000
73,-77.5000,24.7000
73,-76.6000,24.8000
73,-76.2000,24.7000
73,-75.9000,24.6000
73,-75.6000,24.5000
73,-75.2000,24.4000
73,-74.5000,24.4000
73,-74.3000,25.3000
73,-74.2000,26.4000
73,-73.8000,27.6000
73,-72.8000,28.8000
73,-71.7000,30.0000
73,-70.4000,31.4000
74,-78.0000,15.0000
74,-79.5000,16.3000
74,-81.0000,17.6000
74,-82.5000,18.9000
74,-84.0000,20.2000
74,-85.4000,21.3000
74,-86.4000,22.4000
74,-87.0000,23.4000
74,-87.6000,24.6000
74,-87.5000,25.9000
74,-87.2000,27.4000
74,-86.8000,28.9000
74,-86.4000,29.9000
74,-86.2000,30.3000
74,-86.1000,30.7000
74,-85.6000,31.0000
74,-84.7000,31.2000
74,-83.1000,31.6000
74,-81.3000,32.1000
75,-65.3000,19.8000
75,-66.2000,20.1000
75,-67.1000,20.5000
75,-68.0000,20.9000
75,-68.9000,21.2000
75,-69.7000,21.4000
75,-70.4000,21.5000
75,-71.0000,21.7000
75,-71.5000,22.0000
75,-72.1000,22.4000
75,-72.8000,22.9000
75,-73.5000,23.6000
75,-74.3000,24.2000
75,-74.8000,24.8000
75,-75.2000,25.5000
75,-75.4000,26.3000
75,-75.6000,26.9000
75,-76.0000,27.6000
75,-76.4000,28.2000
75,-76.5000,28.8000
75,-76.3000,29.6000
75,-76.1000,30.5000
75,-75.9000,31.5000
75,-75.5000,32.7000
75,-74.8000,34.0000
75,-73.8000,36.0000
75,-72.5000,38.1000
75,-70.7000,41.1000
75,-70.5000,41.4000
75,-70.3000,41.7000
75,-70.1000,41.9000
75,-68.1000,43.8000
75,-64.0000,48.7000
75,-60.5000,52.4000
75,-58.0000,54.5000
75,-56.5000,56.3000
75,-55.5000,57.9000
75,-54.5000,59.0000
75,-53.0000,59.5000
75,-51.0000,59.4000
75,-48.9000,59.0000
76,-58.5000,12.0000
76,-59.5000,12.0000
76,-60.5000,12.1000
76,-61.6000,12.2000
76,-62.9000,12.3000
76,-64.3000,12.5000
76,-65.6000,12.6000
76,-66.7000,12.7000
76,-67.7000,12.9000
76,-68.7000,13.2000
76,-69.7000,13.5000
76,-70.6000,13.6000
76,-71.3000,13.6000
76,-71.8000,13.6000
76,-72.0000,13.7000
76,-72.4000,13.8000
76,-73.2000,13.9000
76,-74.0000,14.0000
76,-74.7000,14.2000
76,-75.2000,14.4000
76,-75.5000,14.7000
76,-75.6000,15.0000
76,-75.6000,15.3000
76,-75.5000,15.6000
76,-75.3000,15.9000
76,-75.1000,16.4000
76,-74.9000,16.9000
76,-74.7000,17.4000
76,-74.3000,18.0000
76,-74.2000,18.3000
76,-74.0000,18.6000
76,-73.7000,19.1000
76,-73.4000,19.6000
76,-73.1000,20.1000
76,-73.1000,20.8000
76,-73.1000,21.0000
76,-73.3000,21.7000
76,-73.5000,22.7000
76,-73.8000,23.8000
76,-74.6000,25.2000
76,-75.7000,27.0000
76,-76.8000,28.8000
76,-78.0000,30.7000
76,-78.7000,32.7000
76,-78.6000,33.9000
76,-78.3000,36.0000
76,-77.2000,40.2000
76,-79.3000,46.0000
76,-80.0000,48.8000
76,-79.5000,51.5000
76,-79.5000,53.2000
76,-79.5000,54.5000
76,-79.5000,55.5000
76,-78.8000,56.3000
76,-77.0000,57.0000
76,-75.0000,58.1000
77,-41.4000,13.6000
77,-43.0000,14.0000
77,-44.6000,14.4000
77,-46.2000,14.8000
77,-47.8000,15.1000
77,-49.3000,15.2000
77,-50.8000,14.9000
77,-52.1000,14.6000
77,-53.4000,14.3000
77,-54.6000,14.0000
77,-55.8000,14.0000
77,-56.9000,14.4000
77,-58.0000,14.9000
77,-58.8000,15.5000
77,-59.3000,16.1000
77,-59.7000,16.7000
77,-60.1000,17.3000
77,-60.6000,17.9000
77,-61.4000,18.5000
77,-62.3000,19.3000
77,-63.3000,20.6000
77,-64.4000,21.9000
77,-65.6000,22.8000
77,-67.0000,23.3000
77,-68.3000,23.7000
77,-69.3000,24.1000
77,-70.2000,24.6000
77,-71.1000,25.1000
77,-71.9000,25.7000
77,-72.5000,26.3000
77,-73.2000,27.0000
77,-74.0000,27.9000
77,-74.7000,28.8000
77,-75.3000,29.8000
77,-75.8000,31.2000
77,-76.1000,32.6000
77,-76.5000,33.8000
77,-76.7000,34.7000
77,-76.7000,34.8000
77,-76.7000,35.3000
77,-76.4000,36.0000
77,-75.7000,36.6000
77,-74.2000,37.1000
77,-72.0000,38.0000
77,-68.3000,39.3000
77,-64.0000,41.5000
77,-59.4000,45.0000
77,-55.0000,48.5000
77,-54.5000,50.3000
77,-54.5000,50.7000
77,-53.8000,51.0000
77,-51.0000,52.5000
77,-46.8000,53.4000
77,-43.7000,53.3000
77,-40.6000,53.1000
77,-35.0000,54.6000
77,-29.3000,57.2000
77,-22.0000,60.0000
77,-15.5000,62.5000
77,-14.0000,65.0000
77,-11.5000,67.5000
77,-9.5000,69.0000
77,-8.0000,70.0000
77,-7.0000,70.9000
77,-7.0000,71.6000
77,-9.0000,72.1000
77,-12.0000,72.5000
77,-14.0000,72.8000
77,-15.0000,73.0000
78,-47.2000,13.5000
78,-48.8000,13.7000
78,-50.2000,13.9000
78,-51.6000,14.0000
78,-53.0000,14.1000
78,-54.5000,14.3000
78,-56.0000,14.7000
78,-57.6000,15.0000
78,-59.1000,15.2000
78,-60.4000,15.5000
78,-61.8000,16.0000
78,-63.2000,16.5000
78,-64.5000,17.1000
78,-65.9000,17.9000
78,-67.3000,18.8000
78,-68.7000,19.8000
78,-70.0000,20.9000
78,-71.4000,22.0000
78,-72.7000,23.0000
78,-73.9000,24.0000
78,-75.0000,24.9000
78,-76.0000,25.7000
78,-76.7000,26.5000
78,-76.9000,27.2000
78,-77.0000,27.8000
78,-76.7000,28.3000
78,-76.2000,28.8000
78,-75.7000,29.3000
78,-75.2000,29.9000
78,-74.3000,30.8000
78,-73.4000,32.2000
78,-72.4000,33.7000
78,-71.2000,35.1000
78,-69.8000,36.6000
78,-68.4000,38.0000
78,-66.7000,39.5000
78,-64.7000,40.8000
78,-62.1000,41.7000
78,-58.6000,42.4000
78,-55.0000,42.8000
78,-51.7000,43.1000
78,-48.6000,43.2000
78,-45.1000,43.1000
78,-41.6000,42.9000
78,-38.5000,42.5000
78,-36.5000,42.1000
78,-34.0000,42.0000
78,-32.0000,42.0000
78,-31.0000,42.0000
78,-30.0000,42.0000
79,-73.0000,25.0000
79,-73.3000,25.2000
79,-73.6000,25.5000
79,-74.0000,25.8000
79,-74.5000,26.1000
79,-74.9000,26.3000
79,-75.3000,26.5000
79,-75.5000,26.7000
79,-75.8000,27.1000
79,-76.3000,27.5000
79,-76.8000,27.8000
79,-77.0000,28.1000
79,-77.1000,28.5000
79,-76.9000,28.8000
79,-76.5000,29.0000
79,-76.0000,29.2000
79,-75.6000,29.6000
79,-75.0000,30.3000
79,-74.6000,31.5000
79,-74.2000,33.1000
79,-74.1000,34.7000
79,-73.9000,36.3000
79,-72.6000,38.0000
79,-70.4000,40.0000
79,-67.9000,41.5000
79,-65.0000,42.0000
79,-61.0000,42.5000
79,-57.0000,42.2000
79,-53.0000,42.2000
79,-49.0000,42.2000
80,-52.0000,17.0000
80,-54.2000,17.6000
80,-56.3000,18.3000
80,-58.4000,19.1000
80,-60.4000,20.1000
80,-62.4000,21.1000
80,-64.1000,21.9000
80,-65.2000,22.4000
80,-66.2000,23.0000
80,-67.2000,23.5000
80,-68.4000,24.0000
80,-69.6000,24.6000
80,-70.7000,25.6000
80,-71.7000,26.5000
80,-72.4000,27.2000
80,-73.0000,27.7000
80,-73.5000,28.3000
80,-73.9000,28.8000
80,-74.2000,29.2000
80,-74.7000,29.5000
80,-75.4000,29.7000
80,-76.2000,30.2000
80,-77.3000,30.9000
80,-78.3000,31.6000
80,-78.6000,32.3000
80,-78.6000,32.7000
80,-78.5000,33.1000
80,-77.6000,33.9000
80,-75.9000,34.7000
80,-73.8000,35.5000
80,-71.3000,36.6000
80,-68.3000,38.0000
80,-65.0000,40.0000
80,-62.5000,43.0000
80,-60.2000,46.5000
80,-56.0000,49.5000
80,-51.5000,51.5000
80,-48.8000,53.5000
80,-46.0000,55.0000
80,-41.5000,56.2000
80,-37.3000,57.0000
80,-34.5000,57.0000
80,-32.0000,56.5000
80,-30.0000,55.8000
80,-27.0000,55.0000
80,-23.0000,54.0000
80,-20.5000,52.3000
80,-19.0000,50.7000
80,-16.0000,51.0000
80,-13.8000,51.2000
80,-12.8000,51.2000
80,-11.5000,51.2000
80,-8.5000,51.2000
80,-5.5000,51.2000
81,-68.3000,19.8000
81,-69.6000,19.9000
81,-71.0000,20.1000
81,-72.4000,20.3000
81,-73.7000,20.6000
81,-74.1000,21.2000
81,-74.1000,21.8000
81,-73.6000,22.2000
81,-73.2000,22.6000
81,-73.0000,23.2000
81,-73.0000,23.9000
81,-73.2000,24.4000
81,-73.5000,24.9000
81,-74.0000,25.4000
81,-74.6000,25.8000
81,-75.1000,26.2000
81,-75.4000,26.5000
81,-75.5000,26.9000
81,-75.4000,27.4000
81,-75.2000,27.7000
81,-75.0000,27.9000
81,-74.8000,28.0000
81,-74.5000,27.8000
81,-74.1000,27.8000
81,-73.5000,27.8000
81,-73.0000,27.9000
81,-73.0000,28.0000
81,-73.5000,28.2000
81,-74.0000,28.4000
81,-74.5000,28.5000
81,-75.0000,28.5000
81,-75.5000,28.7000
81,-76.3000,28.9000
81,-77.1000,29.4000
81,-78.1000,30.0000
81,-79.1000,30.6000
81,-79.8000,31.6000
81,-80.4000,32.5000
81,-80.6000,32.5000
81,-80.9000,33.7000
81,-81.3000,34.8000
81,-81.6000,36.0000
81,-81.7000,37.7000
81,-81.0000,39.3000
81,-79.1000,40.6000
81,-77.0000,41.7000
81,-74.8000,42.5000
81,-72.0000,42.9000
81,-68.0000,43.0000
81,-63.4000,43.0000
82,-22.8000,10.2000
82,-24.2000,10.1000
82,-25.5000,10.2000
82,-26.9000,10.3000
82,-28.4000,10.5000
82,-30.0000,10.7000
82,-31.6000,10.9000
82,-33.1000,11.1000
82,-34.6000,11.4000
82,-36.2000,11.7000
82,-37.8000,12.0000
82,-39.4000,12.3000
82,-41.1000,12.6000
82,-42.8000,12.9000
82,-44.3000,13.3000
82,-45.8000,13.6000
82,-47.6000,13.9000
82,-49.4000,14.3000
82,-51.2000,14.7000
82,-53.1000,15.3000
82,-55.0000,15.9000
82,-56.6000,16.4000
82,-58.2000,16.6000
82,-59.7000,16.9000
82,-60.9000,17.4000
82,-61.8000,17.7000
82,-62.1000,17.8000
82,-63.0000,18.1000
82,-63.4000,18.3000
82,-64.8000,19.1000
82,-65.8000,19.7000
82,-66.5000,20.1000
82,-67.5000,20.6000
82,-68.3000,21.2000
82,-68.9000,21.5000
82,-69.7000,21.8000
82,-70.5000,22.0000
82,-71.3000,22.1000
82,-72.3000,22.1000
82,-73.4000,22.2000
82,-74.3000,22.2000
82,-75.3000,22.3000
82,-75.8000,22.4000
82,-76.1000,22.4000
82,-76.9000,22.6000
82,-77.8000,22.9000
82,-78.7000,23.2000
82,-79.4000,23.7000
82,-80.1000,24.2000
82,-80.8000,24.7000
82,-80.9000,24.8000
82,-81.3000,25.3000
82,-81.6000,25.9000
82,-81.8000,26.3000
82,-81.9000,27.3000
82,-81.7000,28.3000
82,-81.0000,29.7000
82,-79.9000,31.1000
82,-78.3000,33.0000
82,-77.3000,34.6000
82,-76.7000,35.1000
82,-74.8000,37.3000
82,-73.3000,40.1000
82,-72.9000,40.7000
82,-72.4000,41.3000
82,-71.2000,42.8000
82,-68.6000,46.8000
82,-66.0000,50.0000
82,-62.5000,53.1000
82,-58.2000,56.0000
82,-54.0000,58.5000
82,-50.0000,61.0000
83,-93.0000,22.0000
83,-92.7000,22.3000
83,-92.4000,22.4000
83,-92.1000,22.6000
83,-91.9000,22.8000
83,-91.7000,23.1000
83,-91.3000,23.4000
83,-90.8000,23.9000
83,-90.0000,25.6000
83,-89.2000,27.1000
83,-88.8000,28.4000
83,-88.7000,29.4000
83,-88.8000,30.1000
83,-89.0000,30.4000
83,-89.1000,30.6000
83,-89.0000,31.2000
83,-88.9000,32.0000
83,-88.7000,32.9000
83,-88.4000,33.9000
83,-88.0000,34.9000
83,-87.4000,35.9000
83,-86.6000,36.8000
84,-77.0000,12.5000
84,-78.0000,12.9000
84,-78.8000,13.3000
84,-79.5000,13.7000
84,-80.0000,14.2000
84,-80.5000,14.9000
84,-81.2000,15.5000
84,-82.1000,15.9000
84,-82.7000,16.3000
84,-83.1000,16.9000
84,-83.6000,17.4000
84,-84.3000,18.1000
84,-85.1000,18.7000
84,-85.6000,19.1000
84,-85.8000,19.5000
84,-85.9000,20.2000
84,-85.9000,21.0000
84,-86.3000,21.7000
84,-87.1000,22.2000
84,-87.8000,22.8000
84,-88.4000,23.2000
84,-89.0000,23.4000
84,-89.7000,23.7000
84,-90.3000,24.1000
84,-90.9000,24.6000
84,-91.7000,25.1000
84,-92.5000,25.5000
84,-93.2000,26.0000
84,-93.8000,26.2000
84,-94.4000,26.5000
84,-95.0000,26.9000
84,-95.7000,27.2000
84,-96.0000,27.6000
84,-96.3000,28.1000
84,-96.4000,28.3000
84,-96.7000,28.7000
84,-97.2000,29.5000
84,-97.6000,30.5000
84,-97.6000,31.7000
84,-97.4000,32.9000
84,-97.0000,34.3000
84,-95.3000,35.5000
84,-93.5000,36.5000
84,-90.5000,38.0000
84,-86.6000,42.1000
84,-82.8000,45.7000
84,-79.8000,47.2000
84,-76.5000,48.7000
84,-72.2000,51.2000
84,-68.0000,53.7000
84,-65.7000,56.8000
84,-65.0000,59.5000
84,-64.5000,61.0000
84,-63.0000,62.0000
84,-61.5000,63.3000
84,-60.0000,65.0000
84,-60.3000,66.4000
84,-59.5000,67.0000
84,-58.0000,67.5000
84,-54.0000,68.0000
85,-80.0000,21.2000
85,-81.1000,21.3000
85,-82.1000,21.4000
85,-83.2000,21.7000
85,-84.0000,21.9000
85,-84.2000,22.0000
85,-85.2000,22.4000
85,-86.2000,22.8000
85,-87.2000,23.1000
85,-88.2000,23.4000
85,-89.0000,23.8000
85,-89.5000,24.1000
85,-90.1000,24.3000
85,-90.6000,24.5000
85,-91.1000,24.8000
85,-91.5000,25.3000
85,-91.7000,25.8000
85,-91.7000,26.3000
85,-91.6000,26.8000
85,-91.2000,27.2000
85,-91.2000,27.7000
85,-91.3000,28.1000
85,-91.6000,28.8000
85,-91.5000,29.5000
85,-91.5000,29.7000
85,-91.3000,30.2000
85,-90.6000,30.6000
85,-89.3000,30.7000
85,-87.6000,30.5000
85,-86.0000,30.6000
85,-84.4000,30.8000
85,-82.5000,31.0000
85,-80.6000,31.0000
85,-79.0000,30.8000
85,-78.0000,30.6000
85,-77.0000,30.5000
85,-76.5000,30.4000
85,-76.2000,30.1000
85,-76.1000,29.8000
86,-83.0000,15.5000
86,-83.6000,16.0000
86,-84.2000,16.5000
86,-84.7000,17.0000
86,-85.0000,17.6000
86,-85.1000,18.1000
86,-85.2000,18.5000
86,-85.3000,18.9000
86,-85.4000,19.2000
86,-85.5000,19.4000
86,-85.5000,19.4000
86,-85.6000,19.3000
86,-85.6000,19.2000
86,-85.4000,19.3000
86,-85.2000,19.6000
86,-85.0000,20.0000
86,-84.8000,20.5000
86,-84.7000,21.0000
86,-84.5000,21.6000
86,-84.5000,21.7000
86,-84.1000,22.4000
86,-83.6000,23.2000
86,-82.9000,24.0000
86,-82.0000,25.1000
86,-81.4000,25.8000
86,-80.6000,26.4000
86,-79.1000,28.0000
86,-77.8000,29.3000
86,-76.6000,30.5000
86,-76.1000,32.0000
86,-75.8000,33.4000
86,-76.5000,34.5000
86,-76.7000,34.7000
86,-77.7000,35.5000
87,-50.5000,11.0000
87,-51.8000,11.2000
87,-53.1000,11.4000
87,-54.5000,11.7000
87,-56.1000,12.1000
87,-57.9000,12.8000
87,-59.8000,14.0000
87,-61.1000,15.1000
87,-62.0000,16.2000
87,-62.7000,17.6000
87,-62.9000,17.9000
87,-63.0000,18.2000
87,-63.5000,19.2000
87,-64.3000,20.5000
87,-64.8000,21.2000
87,-65.1000,21.8000
87,-65.5000,22.4000
87,-65.7000,22.6000
87,-65.8000,22.7000
87,-65.8000,22.8000
87,-66.0000,22.5000
87,-66.0000,22.5000
87,-66.0000,22.5000
87,-66.6000,22.3000
87,-67.4000,22.2000
87,-68.0000,22.3000
87,-68.5000,22.5000
87,-69.3000,22.6000
87,-70.2000,22.8000
87,-70.9000,23.4000
87,-71.5000,24.1000
87,-72.2000,24.7000
87,-72.9000,25.4000
87,-73.7000,26.3000
87,-74.3000,26.9000
87,-74.8000,27.4000
87,-75.3000,28.1000
87,-75.6000,28.7000
87,-75.5000,28.9000
87,-75.3000,29.0000
87,-75.3000,28.9000
87,-75.4000,28.7000
87,-75.5000,28.1000
87,-75.9000,27.5000
87,-76.3000,26.9000
87,-76.7000,26.2000
87,-76.7000,25.8000
87,-77.0000,25.6000
87,-77.2000,25.3000
87,-77.9000,25.3000
87,-78.1000,25.3000
87,-78.6000,25.2000
87,-79.5000,25.1000
87,-80.5000,25.0000
87,-80.6000,25.0000
87,-82.0000,25.2000
87,-83.6000,25.5000
87,-85.3000,25.9000
87,-86.9000,26.5000
87,-88.1000,27.4000
87,-89.2000,28.4000
87,-90.1000,29.2000
87,-90.6000,29.6000
87,-91.7000,30.7000
87,-92.2000,32.0000
87,-92.0000,33.1000
87,-91.5000,34.0000
87,-90.9000,34.7000
87,-90.0000,35.5000
87,-89.0000,36.3000
87,-87.8000,37.2000
87,-86.5000,38.0000
87,-84.8000,38.7000
87,-83.0000,39.0000
88,-84.7000,16.0000
88,-84.8000,16.1000
88,-84.8000,16.3000
88,-84.7000,16.8000
88,-84.6000,17.3000
88,-84.4000,17.6000
88,-84.2000,18.0000
88,-84.1000,18.5000
88,-84.0000,18.8000
88,-83.9000,19.0000
88,-83.9000,19.3000
88,-83.8000,19.6000
88,-83.5000,20.1000
88,-83.1000,21.1000
88,-82.9000,21.5000
88,-82.7000,22.7000
88,-82.7000,24.4000
88,-82.8000,26.0000
88,-83.4000,27.5000
88,-84.3000,28.8000
88,-84.5000,29.6000
88,-84.2000,30.1000
88,-84.0000,30.4000
88,-83.0000,31.1000
88,-82.0000,31.7000
88,-80.9000,32.2000
88,-79.6000,32.6000
88,-78.1000,33.1000
88,-76.7000,33.7000
88,-75.4000,33.9000
88,-74.2000,33.8000
88,-73.5000,34.3000
88,-73.3000,34.9000
88,-73.3000,35.6000
88,-73.4000,36.3000
88,-73.5000,37.0000
88,-73.5000,37.6000
88,-72.9000,38.2000
88,-72.1000,39.2000
88,-71.4000,40.6000
88,-70.5000,42.0000
89,-35.1000,9.9000
89,-36.1000,10.4000
89,-37.2000,10.9000
89,-38.3000,11.3000
89,-39.4000,11.7000
89,-40.6000,12.0000
89,-41.8000,12.3000
89,-43.0000,12.7000
89,-44.1000,13.1000
89,-45.1000,13.4000
89,-46.0000,13.7000
89,-46.9000,14.0000
89,-47.9000,14.4000
89,-48.9000,14.8000
89,-49.8000,15.1000
89,-50.7000,15.3000
89,-51.6000,15.5000
89,-52.5000,15.6000
89,-53.6000,15.6000
89,-54.8000,15.7000
89,-56.0000,15.8000
89,-57.0000,15.9000
89,-58.0000,15.9000
89,-59.1000,16.0000
89,-60.3000,16.1000
89,-61.6000,16.2000
89,-61.7000,16.2000
89,-63.0000,16.3000
89,-64.4000,16.5000
89,-65.7000,16.8000
89,-67.2000,17.0000
89,-68.5000,17.1000
89,-69.7000,17.2000
89,-71.0000,17.5000
89,-71.4000,17.7000
89,-72.3000,18.1000
89,-72.6000,18.2000
89,-73.5000,18.7000
89,-74.5000,19.2000
89,-75.4000,19.8000
89,-75.7000,20.0000
89,-76.3000,20.2000
89,-77.3000,20.5000
89,-78.5000,20.7000
89,-79.4000,21.3000
89,-79.5000,21.6000
89,-79.9000,22.0000
89,-80.1000,22.6000
89,-80.1000,23.1000
89,-79.9000,23.5000
89,-79.6000,24.1000
89,-79.2000,24.5000
89,-78.9000,24.9000
89,-78.6000,25.2000
89,-78.5000,25.5000
89,-78.5000,25.5000
89,-79.0000,25.5000
89,-79.6000,25.2000
89,-80.5000,25.0000
89,-81.3000,24.7000
89,-81.4000,24.6000
89,-81.8000,24.6000
89,-82.3000,24.5000
89,-83.0000,24.5000
89,-83.7000,24.3000
89,-84.3000,24.0000
89,-85.0000,23.7000
89,-85.7000,23.3000
89,-86.4000,22.8000
89,-87.2000,22.3000
89,-88.1000,22.0000
89,-89.0000,21.8000
89,-90.0000,21.6000
89,-91.0000,21.5000
89,-92.1000,21.5000
89,-93.1000,21.8000
89,-93.9000,22.0000
89,-94.7000,22.2000
89,-95.2000,22.6000
89,-95.6000,22.7000
89,-96.0000,22.9000
89,-96.4000,23.0000
89,-97.0000,23.0000
89,-97.8000,22.8000
89,-98.5000,22.4000
89,-99.2000,22.1000
89,-99.9000,21.8000
89,-100.6000,21.5000
90,-79.7000,18.3000
90,-80.5000,18.5000
90,-81.3000,18.8000
90,-82.0000,19.1000
90,-82.7000,19.5000
90,-83.3000,20.0000
90,-83.8000,20.6000
90,-84.1000,21.3000
90,-84.3000,21.9000
90,-84.4000,22.3000
90,-85.2000,23.1000
90,-86.0000,23.8000
90,-86.6000,24.3000
90,-87.2000,25.2000
90,-87.7000,26.0000
90,-88.3000,27.0000
90,-88.7000,28.2000
90,-89.0000,29.4000
90,-89.4000,30.3000
90,-89.6000,30.7000
90,-89.9000,32.0000
90,-90.1000,33.4000
90,-90.0000,34.7000
90,-89.3000,36.0000
90,-88.0000,37.0000
90,-86.0000,37.6000
90,-84.0000,37.6000
90,-80.6000,37.4000
90,-77.3000,37.2000
90,-75.3000,37.0000
90,-73.6000,36.7000
90,-70.9000,36.7000
90,-68.1000,37.1000
90,-64.7000,37.8000
90,-61.8000,39.2000
90,-58.2000,40.8000
90,-54.0000,43.0000
91,-55.8000,16.8000
91,-58.0000,16.4000
91,-60.3000,16.5000
91,-62.7000,16.6000
91,-65.0000,16.8000
91,-67.4000,17.0000
91,-69.9000,17.0000
91,-72.2000,17.0000
91,-74.2000,17.0000
91,-76.0000,17.0000
91,-77.9000,17.2000
91,-79.8000,17.3000
91,-81.5000,17.5000
91,-83.2000,17.7000
91,-84.7000,17.8000
91,-85.9000,18.0000
91,-86.8000,18.4000
91,-87.9000,18.6000
91,-88.8000,18.8000
91,-89.3000,19.1000
91,-89.7000,19.3000
91,-90.2000,19.6000
91,-90.4000,19.9000
91,-90.7000,20.0000
91,-90.8000,20.1000
91,-91.0000,20.3000
91,-91.0000,20.5000
91,-90.9000,20.7000
91,-90.9000,20.9000
91,-90.8000,21.2000
91,-90.7000,21.5000
91,-90.5000,21.9000
91,-90.5000,22.4000
91,-90.4000,22.9000
91,-90.4000,23.7000
91,-90.3000,24.6000
91,-90.3000,25.7000
91,-90.3000,26.8000
91,-90.4000,27.8000
91,-90.8000,28.7000
91,-91.3000,29.4000
91,-92.1000,30.0000
91,-92.6000,30.5000
91,-93.6000,30.8000
91,-94.4000,30.9000
91,-95.1000,31.0000
91,-95.6000,31.1000
91,-96.3000,31.2000
91,-96.7000,31.3000
92,-54.1000,17.5000
92,-55.2000,17.6000
92,-56.3000,17.7000
92,-57.3000,17.8000
92,-58.3000,17.9000
92,-59.4000,18.0000
92,-60.5000,18.1000
92,-61.7000,18.3000
92,-62.8000,18.5000
92,-63.8000,18.8000
92,-64.8000,18.9000
92,-65.6000,19.0000
92,-66.7000,19.2000
92,-67.5000,19.4000
92,-68.4000,19.5000
92,-69.2000,19.6000
92,-70.2000,19.7000
92,-71.2000,19.7000
92,-72.2000,19.8000
92,-73.3000,19.9000
92,-74.5000,19.9000
92,-75.7000,19.9000
92,-77.0000,20.0000
92,-78.2000,20.0000
92,-79.1000,19.9000
92,-79.8000,19.9000
92,-81.0000,19.8000
92,-82.2000,19.8000
92,-83.4000,19.8000
92,-84.6000,19.9000
92,-85.5000,20.0000
92,-86.4000,20.2000
92,-87.1000,20.8000
92,-87.8000,21.4000
92,-88.5000,22.4000
92,-88.9000,23.6000
92,-89.4000,24.8000
92,-89.5000,25.8000
92,-89.4000,26.5000
92,-88.5000,27.3000
92,-87.3000,28.4000
92,-86.3000,30.2000
92,-85.7000,33.0000
92,-84.3000,35.5000
92,-83.5000,36.5000
92,-82.5000,37.0000
92,-81.5000,37.5000
93,-25.5000,11.0000
93,-28.0000,11.1000
93,-30.5000,11.2000
93,-32.5000,11.3000
93,-34.2000,11.4000
93,-36.0000,11.5000
93,-37.8000,11.6000
93,-39.7000,11.7000
93,-41.6000,11.8000
93,-43.5000,11.9000
93,-45.1000,12.0000
93,-47.0000,12.5000
93,-48.7000,12.9000
93,-50.4000,13.3000
93,-52.3000,13.8000
93,-54.1000,14.3000
93,-55.5000,14.9000
93,-57.2000,15.5000
93,-58.8000,16.3000
93,-59.8000,16.7000
93,-60.8000,17.1000
93,-61.8000,17.5000
93,-62.8000,17.8000
93,-63.8000,18.0000
93,-64.8000,18.1000
93,-65.8000,18.1000
93,-66.8000,18.1000
93,-67.8000,18.0000
93,-68.7000,17.5000
93,-69.2000,17.4000
93,-69.6000,17.8000
93,-69.9000,18.5000
93,-70.7000,19.4000
93,-71.8000,19.9000
93,-73.0000,20.0000
93,-74.5000,20.1000
93,-75.8000,20.3000
93,-77.0000,20.6000
93,-78.0000,20.9000
93,-78.7000,21.1000
93,-79.3000,21.3000
93,-79.8000,21.5000
93,-80.5000,21.6000
93,-81.0000,21.7000
93,-81.5000,21.8000
93,-82.0000,21.9000
93,-82.5000,22.0000
93,-83.0000,22.4000
93,-83.3000,22.7000
93,-83.6000,22.8000
93,-83.8000,23.0000
93,-84.0000,23.3000
93,-84.4000,23.8000
93,-84.8000,24.4000
93,-85.2000,25.0000
93,-85.8000,25.7000
93,-86.4000,26.5000
93,-87.0000,27.4000
93,-87.7000,28.4000
93,-88.0000,29.7000
93,-88.5000,30.8000
93,-88.7000,32.2000
93,-88.0000,34.0000
93,-87.0000,35.2000
93,-84.5000,37.0000
93,-81.0000,39.5000
93,-76.0000,42.5000
93,-68.0000,48.0000
94,-30.0000,11.0000
94,-32.2000,10.9000
94,-34.3000,10.8000
94,-36.4000,10.7000
94,-38.6000,10.7000
94,-40.7000,10.7000
94,-42.8000,11.0000
94,-44.8000,11.4000
94,-46.9000,11.9000
94,-49.1000,12.3000
94,-51.4000,12.4000
94,-53.6000,12.6000
94,-55.6000,12.8000
94,-57.5000,12.9000
94,-59.1000,13.3000
94,-61.0000,13.6000
94,-63.0000,14.0000
94,-64.9000,14.4000
94,-66.7000,14.8000
94,-68.6000,15.4000
94,-70.5000,15.9000
94,-72.3000,16.5000
94,-73.8000,17.8000
94,-75.9000,18.3000
94,-78.0000,19.2000
94,-80.1000,20.0000
94,-81.9000,20.1000
94,-83.6000,20.4000
94,-84.8000,21.0000
94,-86.4000,21.8000
94,-87.9000,22.2000
94,-89.2000,22.8000
94,-90.5000,23.4000
94,-91.8000,23.9000
94,-93.0000,24.5000
94,-94.2000,25.0000
94,-95.4000,25.2000
94,-96.1000,25.4000
94,-96.8000,25.8000
94,-97.2000,26.1000
94,-98.1000,26.7000
94,-99.0000,27.3000
94,-99.8000,27.7000
94,-100.9000,28.0000
94,-101.9000,28.5000
94,-102.9000,28.9000
95,-77.4000,28.5000
95,-78.3000,28.6000
95,-79.2000,28.5000
95,-79.7000,28.6000
95,-79.9000,29.0000
95,-80.1000,29.4000
95,-80.4000,29.7000
95,-80.3000,30.1000
95,-80.0000,30.5000
95,-79.6000,30.8000
95,-79.1000,31.3000
95,-78.7000,31.8000
95,-78.4000,32.6000
95,-78.0000,33.4000
95,-77.7000,33.9000
95,-77.4000,34.0000
95,-77.2000,34.0000
95,-77.1000,33.9000
95,-77.4000,33.8000
95,-77.9000,33.9000
95,-78.0000,33.9000
95,-78.3000,34.0000
95,-78.5000,34.3000
95,-78.5000,34.6000
95,-78.0000,35.0000
95,-77.1000,35.3000
95,-76.0000,35.6000
95,-74.4000,36.2000
95,-72.7000,37.2000
95,-70.3000,38.5000
95,-66.0000,41.0000
95,-61.9000,43.5000
95,-57.8000,46.0000
96,-74.0000,19.8000
96,-76.0000,20.8000
96,-78.0000,21.8000
96,-80.0000,22.6000
96,-81.8000,23.2000
96,-83.5000,24.0000
96,-85.0000,25.0000
96,-85.8000,25.9000
96,-86.6000,26.6000
96,-87.2000,27.3000
96,-87.3000,27.9000
96,-86.8000,28.3000
96,-86.0000,28.4000
96,-85.3000,28.6000
96,-84.4000,28.8000
96,-84.0000,28.8000
96,-83.8000,28.8000
96,-83.9000,28.6000
96,-84.2000,28.6000
96,-84.8000,28.9000
96,-85.9000,29.4000
96,-87.3000,29.7000
96,-88.8000,30.2000
96,-89.2000,30.4000
96,-90.4000,31.0000
96,-91.8000,31.9000
96,-92.8000,32.4000
96,-93.7000,33.2000
96,-94.0000,34.5000
96,-93.9000,35.9000
96,-93.2000,37.0000
96,-92.5000,38.0000
96,-91.4000,38.8000
97,-63.8000,21.1000
97,-63.9000,21.6000
97,-64.2000,21.7000
97,-64.8000,21.5000
97,-65.3000,21.1000
97,-66.0000,20.7000
97,-66.4000,20.4000
97,-67.3000,20.7000
97,-68.8000,21.1000
97,-70.0000,21.4000
97,-71.8000,21.6000
97,-73.3000,21.6000
97,-75.1000,21.9000
97,-76.8000,22.1000
97,-78.4000,22.1000
97,-80.2000,22.7000
97,-81.9000,23.2000
97,-83.5000,23.9000
97,-84.5000,24.6000
97,-85.3000,25.2000
97,-86.0000,26.0000
97,-86.5000,26.8000
97,-86.6000,27.5000
97,-86.5000,28.3000
97,-86.1000,29.2000
97,-85.4000,30.0000
97,-85.1000,30.2000
97,-83.5000,31.5000
97,-81.5000,32.5000
97,-79.2000,33.7000
97,-76.2000,34.7000
97,-73.5000,34.4000
97,-72.0000,34.0000
97,-70.5000,33.5000
98,-20.0000,13.2000
98,-21.8000,13.3000
98,-23.7000,13.2000
98,-25.5000,13.0000
98,-27.3000,12.8000
98,-29.2000,12.5000
98,-31.0000,12.5000
98,-32.9000,12.5000
98,-34.8000,12.5000
98,-36.7000,12.6000
98,-38.2000,12.6000
98,-40.0000,12.7000
98,-41.8000,12.8000
98,-43.5000,12.8000
98,-44.9000,12.9000
98,-46.3000,13.0000
98,-47.8000,13.2000
98,-49.1000,13.6000
98,-50.5000,13.8000
98,-51.9000,14.0000
98,-53.3000,14.2000
98,-54.6000,14.6000
98,-56.1000,14.8000
98,-57.3000,15.1000
98,-58.4000,15.4000
98,-59.4000,15.8000
98,-60.4000,16.1000
98,-61.3000,16.3000
98,-61.5000,16.4000
98,-62.5000,16.6000
98,-63.5000,16.9000
98,-64.1000,17.2000
98,-64.8000,17.7000
98,-65.5000,18.2000
98,-65.6000,18.3000
98,-66.4000,19.1000
98,-66.8000,19.7000
98,-67.3000,20.7000
98,-68.0000,21.6000
98,-68.6000,22.6000
98,-69.3000,23.5000
98,-70.1000,24.4000
98,-71.0000,25.2000
98,-72.2000,26.3000
98,-73.4000,27.2000
98,-74.9000,28.0000
98,-76.1000,29.0000
98,-77.5000,30.2000
98,-78.8000,31.7000
98,-79.8000,32.8000
98,-80.3000,33.5000
98,-81.7000,35.9000
98,-81.8000,38.5000
98,-80.2000,42.2000
98,-74.5000,46.0000
98,-69.0000,49.0000
98,-65.0000,51.0000
98,-62.0000,52.0000
98,-60.5000,52.5000
98,-59.5000,53.0000
98,-58.5000,53.5000
98,-57.0000,54.0000
98,-52.0000,56.0000
98,-46.0000,58.0000
99,-35.5000,10.8000
99,-37.4000,11.2000
99,-39.6000,11.7000
99,-42.0000,12.3000
99,-44.2000,13.1000
99,-46.2000,13.6000
99,-48.0000,14.1000
99,-49.9000,14.6000
99,-51.8000,15.4000
99,-53.5000,16.3000
99,-55.3000,17.2000
99,-56.9000,18.0000
99,-58.3000,18.8000
99,-59.3000,19.8000
99,-60.0000,20.7000
99,-60.7000,21.7000
99,-61.5000,22.5000
99,-62.4000,23.2000
99,-63.3000,23.9000
99,-64.2000,24.4000
99,-64.9000,24.8000
99,-65.9000,25.3000
99,-67.0000,25.6000
99,-68.3000,25.8000
99,-69.7000,25.7000
99,-71.1000,25.6000
99,-72.5000,25.5000
99,-74.2000,25.4000
99,-75.8000,25.4000
99,-76.6000,25.4000
99,-77.5000,25.4000
99,-77.8000,25.4000
99,-79.3000,25.4000
99,-80.2000,25.5000
99,-80.3000,25.5000
99,-81.2000,25.6000
99,-83.1000,25.8000
99,-85.0000,26.2000
99,-86.7000,26.6000
99,-88.2000,27.2000
99,-89.6000,27.8000
99,-90.5000,28.5000
99,-91.3000,29.2000
99,-91.5000,29.6000
99,-91.7000,30.1000
99,-91.6000,30.9000
99,-91.1000,31.5000
99,-90.5000,32.1000
99,-89.6000,32.8000
99,-88.4000,33.6000
99,-86.7000,34.4000
99,-84.0000,35.4000
100,-87.3000,19.1000
100,-87.5000,19.4000
100,-87.9000,19.4000
100,-88.2000,19.3000
100,-88.4000,19.3000
100,-88.4000,19.4000
100,-88.4000,19.5000
100,-88.3000,19.6000
100,-88.2000,19.8000
100,-88.2000,20.1000
100,-88.3000,20.6000
100,-88.5000,21.1000
100,-89.1000,21.4000
100,-89.9000,21.3000
100,-90.7000,21.1000
100,-91.2000,20.9000
100,-91.6000,20.8000
100,-91.9000,20.7000
100,-92.1000,20.8000
100,-92.3000,21.0000
100,-92.3000,21.2000
100,-92.2000,21.7000
100,-92.0000,22.2000
100,-91.6000,22.8000
100,-91.0000,23.5000
100,-90.1000,24.5000
100,-89.4000,25.9000
100,-88.8000,26.6000
100,-88.5000,27.3000
100,-87.7000,29.0000
100,-87.1000,30.3000
100,-86.8000,31.0000
100,-86.2000,33.2000
100,-85.7000,35.4000
100,-83.5000,38.5000
100,-82.3000,40.5000
100,-80.5000,42.0000
100,-78.4000,43.3000
100,-76.5000,44.5000
101,-21.0000,14.0000
101,-22.8000,14.1000
101,-24.8000,14.2000
101,-26.6000,14.2000
101,-28.2000,14.1000
101,-29.6000,14.1000
101,-30.8000,14.1000
101,-32.0000,14.3000
101,-33.4000,14.6000
101,-35.1000,14.7000
101,-37.0000,14.9000
101,-38.6000,15.1000
101,-40.0000,15.3000
101,-41.4000,15.2000
101,-42.7000,14.9000
101,-43.8000,14.7000
101,-44.9000,14.6000
101,-46.1000,14.6000
101,-47.5000,14.6000
101,-49.1000,15.0000
101,-50.7000,15.5000
101,-52.3000,15.9000
101,-53.7000,16.4000
101,-55.0000,17.0000
101,-56.3000,17.8000
101,-57.5000,18.6000
101,-58.5000,19.1000
101,-59.4000,19.4000
101,-60.1000,19.8000
101,-60.6000,20.2000
101,-60.9000,20.5000
101,-61.2000,20.8000
101,-61.4000,21.1000
101,-61.7000,21.5000
101,-62.1000,21.7000
101,-62.6000,21.9000
101,-63.2000,22.2000
101,-63.9000,22.5000
101,-64.7000,22.9000
101,-65.7000,23.3000
101,-66.7000,23.6000
101,-67.9000,23.9000
101,-69.0000,24.2000
101,-70.1000,24.4000
101,-71.2000,24.7000
101,-72.2000,25.2000
101,-73.1000,25.7000
101,-73.9000,26.4000
101,-74.7000,27.0000
101,-75.5000,27.7000
101,-76.1000,28.6000
101,-76.7000,29.8000
101,-77.2000,31.0000
101,-77.8000,32.3000
101,-78.0000,33.7000
101,-78.0000,33.9000
101,-78.7000,35.2000
101,-79.0000,36.7000
101,-79.4000,38.0000
101,-79.9000,39.2000
101,-80.4000,40.4000
101,-80.5000,41.2000
101,-80.4000,42.0000
101,-80.1000,42.8000
101,-79.9000,43.4000
101,-79.0000,44.0000
101,-77.6000,44.5000
101,-75.9000,44.9000
101,-74.0000,45.4000
101,-72.3000,45.7000
101,-71.1000,46.0000
101,-70.0000,46.7000
102,-48.1000,14.7000
102,-50.1000,15.4000
102,-52.2000,16.2000
102,-54.7000,16.9000
102,-57.3000,17.3000
102,-59.6000,18.2000
102,-61.3000,18.7000
102,-62.9000,19.1000
102,-64.5000,19.5000
102,-65.9000,20.3000
102,-67.3000,21.1000
102,-68.7000,21.8000
102,-69.8000,22.3000
102,-70.5000,23.0000
102,-71.0000,23.4000
102,-71.3000,23.8000
102,-71.5000,24.1000
102,-71.7000,24.4000
102,-71.8000,24.8000
102,-72.1000,25.2000
102,-72.4000,25.6000
102,-72.8000,26.1000
102,-73.2000,26.9000
102,-73.8000,27.8000
102,-74.7000,28.8000
102,-75.6000,29.8000
102,-76.4000,30.8000
102,-77.3000,31.7000
102,-77.8000,32.7000
102,-77.8000,33.4000
102,-77.7000,34.0000
102,-77.7000,34.4000
102,-77.5000,34.5000
102,-77.1000,34.9000
102,-76.6000,35.4000
102,-75.9000,35.8000
102,-75.1000,36.2000
102,-74.3000,36.7000
102,-73.2000,37.3000
102,-71.4000,38.3000
102,-69.6000,39.2000
102,-67.8000,40.2000
102,-64.8000,41.6000
102,-61.5000,42.9000
102,-57.0000,44.3000
102,-53.5000,44.5000
102,-50.0000,44.0000
102,-45.0000,44.0000
102,-41.0000,43.0000
103,-45.6000,14.6000
103,-46.9000,15.0000
103,-48.2000,15.3000
103,-49.6000,15.8000
103,-51.1000,16.3000
103,-52.6000,16.7000
103,-53.9000,17.1000
103,-55.1000,17.3000
103,-56.3000,17.9000
103,-57.2000,18.3000
103,-58.2000,18.6000
103,-58.8000,19.3000
103,-59.6000,20.2000
103,-60.4000,20.8000
103,-61.1000,21.4000
103,-62.0000,21.9000
103,-63.0000,22.5000
103,-64.1000,22.7000
103,-65.2000,22.8000
103,-66.2000,23.0000
103,-67.4000,23.2000
103,-68.7000,23.4000
103,-70.0000,23.6000
103,-71.4000,23.9000
103,-72.9000,24.1000
103,-74.0000,24.5000
103,-75.3000,24.9000
103,-76.3000,25.4000
103,-77.0000,26.1000
103,-77.1000,26.3000
103,-77.7000,27.1000
103,-78.5000,28.2000
103,-78.9000,29.3000
103,-79.1000,30.6000
103,-78.7000,32.1000
103,-78.0000,33.7000
103,-78.0000,33.8000
103,-76.8000,35.7000
103,-75.3000,38.0000
103,-73.5000,40.6000
103,-72.1000,42.1000
103,-70.6000,43.3000
103,-68.9000,44.2000
103,-67.3000,44.8000
103,-65.5000,45.4000
103,-63.0000,46.6000
103,-59.3000,47.7000
103,-56.3000,48.0000
103,-52.5000,48.5000
103,-48.0000,49.5000
104,-83.6000,13.3000
104,-83.6000,13.7000
104,-84.1000,13.7000
104,-83.9000,13.3000
104,-83.5000,13.0000
104,-83.6000,13.7000
104,-83.4000,14.3000
104,-83.2000,14.8000
104,-83.1000,15.3000
104,-83.1000,15.8000
104,-83.4000,16.5000
104,-83.6000,16.8000
104,-83.8000,17.0000
104,-83.9000,17.3000
104,-83.9000,17.5000
104,-84.0000,17.8000
104,-84.0000,18.0000
104,-84.0000,18.5000
104,-84.3000,18.8000
104,-84.3000,18.9000
104,-84.1000,19.3000
104,-83.9000,19.4000
104,-83.7000,19.7000
104,-83.3000,20.1000
104,-82.5000,20.8000
104,-81.8000,21.5000
104,-81.2000,22.1000
104,-80.9000,22.3000
104,-79.7000,23.1000
104,-78.0000,24.3000
104,-76.4000,25.4000
104,-74.5000,26.3000
104,-72.6000,26.9000
104,-69.7000,27.3000
104,-66.5000,28.7000
105,-60.5000,10.0000
105,-62.4000,10.2000
105,-64.3000,10.6000
105,-66.4000,11.2000
105,-68.5000,12.3000
105,-70.5000,14.2000
105,-71.9000,15.0000
105,-73.2000,15.5000
105,-74.5000,15.7000
105,-75.3000,15.8000
105,-76.1000,15.8000
105,-76.8000,15.9000
105,-77.4000,16.3000
105,-77.7000,16.7000
105,-78.1000,17.1000
105,-78.5000,17.7000
105,-78.6000,18.7000
105,-79.3000,19.3000
105,-80.4000,19.7000
105,-80.9000,19.9000
105,-81.7000,20.4000
105,-82.3000,20.7000
105,-83.0000,21.1000
105,-83.5000,21.5000
105,-84.0000,21.8000
105,-84.1000,22.0000
105,-84.3000,22.1000
105,-85.1000,22.3000
105,-85.8000,22.0000
105,-86.1000,21.9000
105,-86.5000,22.1000
105,-87.4000,22.0000
105,-88.2000,21.9000
105,-88.9000,21.6000
105,-89.3000,21.3000
105,-89.4000,21.0000
105,-89.6000,20.6000
105,-89.6000,20.1000
105,-89.4000,20.3000
105,-89.3000,20.5000
105,-89.5000,21.0000
105,-89.7000,21.7000
105,-89.8000,22.1000
105,-89.7000,23.0000
105,-89.7000,24.2000
105,-90.2000,25.4000
105,-90.4000,26.3000
105,-90.3000,27.5000
105,-90.3000,29.1000
105,-89.9000,30.0000
105,-89.8000,32.2000
105,-89.0000,33.0000
105,-86.5000,35.0000
105,-82.9000,39.1000
105,-79.5000,40.9000
106,-44.6000,10.2000
106,-46.5000,10.3000
106,-48.5000,10.8000
106,-50.4000,11.2000
106,-52.2000,11.8000
106,-54.6000,12.1000
106,-56.8000,12.2000
106,-58.7000,12.4000
106,-60.4000,12.5000
106,-62.1000,12.7000
106,-63.7000,12.8000
106,-64.9000,13.0000
106,-66.0000,13.2000
106,-66.9000,13.5000
106,-67.5000,13.7000
106,-68.2000,14.0000
106,-68.9000,14.2000
106,-69.8000,14.5000
106,-71.0000,14.9000
106,-72.2000,15.3000
106,-73.0000,15.6000
106,-73.5000,15.7000
106,-74.0000,15.9000
106,-74.6000,16.1000
106,-75.0000,16.7000
106,-75.1000,17.4000
106,-75.6000,17.5000
106,-75.4000,18.1000
106,-75.7000,18.5000
106,-76.1000,18.8000
106,-76.8000,18.8000
106,-77.2000,18.7000
106,-77.6000,18.7000
106,-78.1000,19.0000
106,-78.7000,19.1000
106,-79.6000,19.6000
106,-79.8000,19.7000
106,-80.3000,20.0000
106,-81.1000,20.5000
106,-82.2000,21.0000
106,-83.0000,21.3000
106,-83.2000,21.6000
106,-84.0000,22.1000
106,-84.4000,22.4000
106,-85.7000,23.0000
106,-87.2000,23.6000
106,-88.3000,24.4000
106,-89.5000,25.4000
106,-89.9000,25.9000
106,-90.3000,26.7000
106,-91.4000,28.1000
106,-92.1000,29.2000
106,-92.2000,29.5000
106,-92.4000,30.5000
106,-92.1000,31.9000
106,-91.4000,33.5000
106,-90.0000,35.8000
107,-59.2000,11.4000
107,-61.1000,11.7000
107,-63.2000,12.2000
107,-65.3000,12.9000
107,-67.6000,13.8000
107,-69.8000,14.9000
107,-71.8000,15.6000
107,-73.7000,16.0000
107,-75.4000,16.3000
107,-76.8000,16.7000
107,-78.1000,17.4000
107,-79.3000,18.2000
107,-80.7000,19.2000
107,-81.6000,20.5000
107,-82.2000,21.7000
107,-82.6000,22.7000
107,-82.6000,23.0000
107,-82.9000,24.4000
107,-82.4000,26.1000
107,-82.2000,26.6000
107,-82.1000,26.9000
107,-81.6000,28.1000
107,-80.8000,30.1000
107,-79.7000,32.3000
107,-79.4000,33.0000
107,-78.7000,33.8000
107,-78.1000,34.5000
107,-75.9000,36.9000
107,-73.8000,39.3000
107,-71.1000,41.2000
108,-27.6000,9.7000
108,-28.7000,9.7000
108,-30.3000,9.7000
108,-32.1000,9.5000
108,-33.6000,9.3000
108,-35.0000,9.1000
108,-36.5000,8.9000
108,-38.2000,8.9000
108,-39.9000,9.0000
108,-41.4000,9.3000
108,-43.4000,9.5000
108,-45.1000,9.8000
108,-46.8000,10.2000
108,-48.5000,10.6000
108,-50.5000,10.8000
108,-52.5000,11.0000
108,-54.4000,11.3000
108,-56.1000,11.2000
108,-57.8000,11.3000
108,-59.4000,11.6000
108,-61.1000,11.8000
108,-61.8000,11.9000
108,-62.6000,12.0000
108,-64.1000,12.3000
108,-65.5000,12.6000
108,-67.0000,13.0000
108,-68.3000,13.3000
108,-69.5000,13.7000
108,-70.8000,14.2000
108,-71.9000,14.7000
108,-72.8000,15.2000
108,-73.8000,15.7000
108,-74.7000,16.2000
108,-75.8000,16.8000
108,-76.5000,17.3000
108,-77.2000,17.4000
108,-77.6000,17.4000
108,-78.4000,17.7000
108,-79.0000,18.0000
108,-79.6000,18.2000
108,-80.4000,18.4000
108,-81.2000,18.8000
108,-81.5000,18.9000
108,-82.1000,19.1000
108,-82.8000,19.5000
108,-83.5000,19.9000
108,-84.1000,20.4000
108,-84.7000,20.9000
108,-84.8000,21.2000
108,-85.1000,21.6000
108,-85.2000,21.7000
108,-85.6000,22.4000
108,-86.0000,23.0000
108,-86.5000,23.7000
108,-87.0000,24.7000
108,-87.4000,25.6000
108,-87.9000,26.7000
108,-88.2000,27.9000
108,-88.2000,28.9000
108,-87.9000,30.0000
108,-87.9000,30.2000
108,-87.7000,31.4000
108,-87.4000,32.5000
108,-86.5000,33.8000
108,-85.7000,34.7000
108,-84.0000,35.4000
108,-82.3000,36.2000
108,-80.5000,37.0000
108,-78.5000,37.7000
108,-76.7000,38.4000
108,-75.5000,38.0000
108,-74.0000,37.5000
108,-74.0000,36.0000
108,-74.5000,34.5000
108,-75.8000,32.8000
108,-77.5000,31.0000
108,-78.5000,29.0000
108,-78.7000,27.5000
108,-79.1000,26.4000
108,-79.7000,26.1000
108,-80.6000,25.9000
108,-81.7000,25.8000
108,-82.8000,25.2000
108,-84.1000,24.8000
108,-86.1000,25.1000
108,-87.3000,26.0000
108,-88.6000,26.5000
108,-89.5000,27.1000
108,-91.0000,27.9000
108,-92.2000,28.9000
108,-92.7000,29.2000
108,-93.2000,29.6000
108,-93.6000,29.8000
108,-94.2000,30.1000
109,-60.0000,15.9000
109,-60.7000,16.0000
109,-61.3000,16.2000
109,-61.5000,16.3000
109,-62.6000,16.4000
109,-63.5000,16.7000
109,-64.0000,17.1000
109,-64.8000,17.2000
109,-65.4000,17.6000
109,-66.0000,18.0000
109,-66.2000,18.1000
109,-67.1000,18.5000
109,-67.8000,18.6000
109,-68.3000,18.6000
109,-68.5000,18.6000
109,-69.0000,18.8000
109,-69.4000,19.2000
109,-69.9000,19.4000
109,-70.7000,19.7000
109,-71.6000,20.0000
109,-72.0000,20.2000
109,-72.5000,20.4000
109,-72.8000,21.2000
109,-72.3000,21.7000
109,-72.2000,22.2000
109,-72.3000,22.8000
109,-72.5000,23.5000
109,-72.3000,24.2000
109,-72.1000,24.8000
109,-72.0000,25.5000
109,-71.7000,26.6000
109,-71.4000,27.2000
109,-70.8000,27.4000
109,-70.2000,27.6000
109,-69.5000,27.6000
109,-69.2000,27.4000
109,-68.9000,27.2000
109,-68.7000,26.8000
109,-68.5000,26.5000
109,-68.8000,26.2000
109,-69.0000,25.7000
109,-69.3000,25.5000
109,-69.6000,25.5000
109,-70.0000,25.8000
109,-70.4000,26.0000
109,-71.2000,26.1000
109,-72.2000,26.2000
109,-73.1000,26.4000
109,-74.3000,26.4000
109,-75.6000,26.5000
109,-76.9000,26.6000
109,-77.3000,26.7000
109,-78.2000,26.9000
109,-79.4000,27.1000
109,-80.2000,27.2000
109,-80.6000,27.3000
109,-81.6000,27.7000
109,-82.3000,28.3000
109,-82.7000,29.3000
109,-83.3000,30.1000
109,-83.9000,31.1000
109,-83.6000,32.5000
109,-83.2000,33.2000
109,-82.4000,34.1000
109,-81.0000,35.4000
109,-78.4000,37.3000
109,-76.4000,38.3000
109,-74.7000,38.8000
109,-72.5000,38.5000
110,-60.8000,12.0000
110,-61.6000,12.1000
110,-62.5000,12.2000
110,-64.2000,12.5000
110,-65.9000,13.0000
110,-67.3000,13.6000
110,-68.5000,14.3000
110,-69.7000,14.7000
110,-70.9000,15.1000
110,-71.9000,15.6000
110,-73.0000,16.2000
110,-74.1000,16.7000
110,-74.9000,17.6000
110,-76.1000,18.5000
110,-77.1000,19.4000
110,-77.6000,19.9000
110,-78.4000,20.3000
110,-79.5000,20.9000
110,-80.6000,22.0000
110,-80.7000,22.1000
110,-81.6000,22.7000
110,-82.5000,23.4000
110,-83.4000,24.3000
110,-84.2000,25.2000
110,-85.0000,26.1000
110,-85.8000,27.2000
110,-86.3000,28.5000
110,-86.9000,29.9000
110,-87.1000,30.4000
110,-87.7000,31.5000
110,-88.5000,32.6000
110,-88.8000,33.9000
110,-89.1000,35.3000
110,-89.2000,36.4000
110,-89.0000,37.1000
110,-88.7000,37.7000
110,-88.3000,38.1000
110,-87.8000,38.5000
110,-87.2000,38.9000
110,-86.5000,39.2000
110,-85.8000,39.2000
110,-85.7000,39.2000
110,-85.6000,39.0000
110,-85.6000,38.7000
110,-85.6000,38.4000
110,-85.8000,38.1000
110,-86.2000,37.9000
110,-86.4000,38.1000
110,-86.6000,38.4000
110,-86.8000,38.6000
110,-86.5000,39.4000
110,-86.2000,40.2000
110,-85.2000,40.8000
110,-84.1000,41.3000
110,-83.2000,42.2000
110,-82.3000,43.1000
110,-81.4000,43.9000
110,-80.5000,44.6000
110,-79.8000,45.8000
111,-75.1000,23.1000
111,-75.7000,23.4000
111,-76.2000,23.8000
111,-76.5000,24.5000
111,-76.9000,25.4000
111,-77.7000,26.0000
111,-78.4000,26.1000
111,-79.0000,26.2000
111,-79.6000,26.2000
111,-80.1000,26.0000
111,-80.3000,25.9000
111,-81.3000,25.4000
111,-82.0000,25.1000
111,-82.6000,24.9000
111,-83.3000,24.6000
111,-84.0000,24.4000
111,-84.7000,24.4000
111,-85.3000,24.5000
111,-85.9000,24.8000
111,-86.7000,25.2000
111,-87.7000,25.7000
111,-88.6000,26.3000
111,-89.2000,27.2000
111,-89.6000,28.2000
111,-89.6000,29.3000
111,-89.6000,29.5000
111,-89.6000,30.2000
111,-89.6000,31.1000
111,-89.1000,32.6000
111,-88.6000,34.1000
111,-88.0000,35.6000
111,-87.0000,37.0000
111,-85.3000,38.6000
111,-82.9000,40.1000
112,-69.9000,21.3000
112,-70.7000,21.6000
112,-71.5000,21.9000
112,-72.3000,22.2000
112,-73.0000,22.4000
112,-73.8000,22.6000
112,-74.7000,22.8000
112,-75.9000,23.1000
112,-77.2000,23.3000
112,-78.8000,23.5000
112,-80.3000,23.7000
112,-81.6000,23.9000
112,-82.7000,24.1000
112,-84.0000,24.2000
112,-85.2000,24.2000
112,-86.2000,24.3000
112,-86.9000,24.5000
112,-87.3000,24.7000
112,-87.6000,24.8000
112,-88.3000,25.2000
112,-89.1000,25.6000
112,-89.9000,26.0000
112,-90.7000,26.5000
112,-91.5000,27.1000
112,-92.3000,27.8000
112,-93.0000,28.6000
112,-93.6000,29.4000
112,-93.7000,29.7000
112,-94.1000,30.5000
112,-94.1000,31.6000
112,-94.0000,32.7000
112,-93.6000,33.7000
112,-92.5000,34.7000
112,-91.4000,35.8000
112,-90.1000,37.0000
112,-88.0000,39.5000
113,-78.5000,17.6000
113,-78.8000,17.6000
113,-79.0000,17.5000
113,-79.2000,17.5000
113,-79.4000,17.5000
113,-79.6000,17.4000
113,-79.6000,16.9000
113,-79.7000,16.3000
113,-79.8000,16.0000
113,-79.9000,15.8000
113,-79.9000,15.7000
113,-80.3000,16.2000
113,-81.1000,16.6000
113,-81.8000,16.6000
113,-82.2000,17.0000
113,-82.8000,17.3000
113,-83.4000,17.4000
113,-84.0000,17.9000
113,-84.7000,18.1000
113,-85.2000,18.3000
113,-85.5000,18.6000
113,-85.8000,19.1000
113,-86.1000,19.5000
113,-86.4000,20.1000
113,-86.7000,20.3000
113,-86.8000,20.6000
113,-86.8000,20.6000
113,-86.9000,20.8000
113,-87.0000,20.8000
113,-87.1000,21.0000
113,-87.1000,21.3000
113,-87.0000,21.6000
113,-86.8000,21.8000
113,-86.1000,22.4000
113,-85.4000,23.1000
113,-84.3000,24.0000
113,-83.1000,25.0000
113,-81.7000,25.9000
113,-81.0000,26.2000
113,-78.8000,28.0000
113,-76.0000,30.1000
113,-72.0000,33.3000
113,-67.9000,36.8000
113,-63.5000,40.5000
113,-60.0000,42.5000
113,-57.5000,44.0000
113,-55.0000,45.0000
113,-52.0000,45.5000
114,-67.4000,13.5000
114,-68.5000,14.4000
114,-69.6000,15.1000
114,-70.5000,15.8000
114,-71.2000,16.4000
114,-71.7000,16.9000
114,-72.1000,17.5000
114,-72.8000,18.1000
114,-73.1000,18.4000
114,-73.4000,18.6000
114,-73.7000,18.7000
114,-74.0000,18.9000
114,-75.1000,18.8000
114,-75.4000,18.1000
114,-75.7000,17.9000
114,-76.2000,18.0000
114,-77.0000,17.8000
114,-77.2000,17.9000
114,-77.7000,18.0000
114,-78.4000,18.3000
114,-79.2000,18.8000
114,-80.0000,19.2000
114,-80.8000,19.7000
114,-81.6000,20.7000
114,-82.5000,21.6000
114,-83.1000,22.4000
114,-83.5000,22.7000
114,-84.4000,23.6000
114,-85.5000,24.8000
114,-86.7000,25.9000
114,-87.7000,26.9000
114,-89.0000,27.9000
114,-90.3000,28.8000
114,-90.7000,29.2000
114,-91.4000,29.8000
114,-92.3000,30.7000
114,-93.1000,31.4000
114,-93.5000,32.1000
114,-93.9000,32.7000
114,-93.9000,33.2000
114,-94.3000,33.7000
114,-94.4000,33.8000
114,-94.4000,34.0000
114,-94.1000,34.3000
114,-93.4000,34.8000
114,-92.3000,36.2000
114,-90.7000,38.5000
114,-88.7000,40.2000
114,-86.5000,42.2000
114,-83.8000,43.7000
115,-59.8000,13.4000
115,-61.2000,13.6000
115,-62.6000,13.9000
115,-64.0000,14.0000
115,-65.5000,14.1000
115,-66.9000,14.2000
115,-68.1000,14.2000
115,-69.3000,14.0000
115,-70.4000,13.8000
115,-71.2000,13.5000
115,-71.9000,13.4000
115,-72.5000,13.4000
115,-73.1000,13.4000
115,-73.3000,13.4000
115,-73.5000,13.5000
115,-73.9000,13.7000
115,-74.3000,14.0000
115,-74.7000,14.2000
115,-75.0000,14.5000
115,-75.0000,14.9000
115,-75.0000,15.4000
115,-74.9000,15.9000
115,-74.6000,16.6000
115,-74.4000,17.5000
115,-74.3000,18.3000
115,-74.3000,18.4000
115,-74.3000,19.3000
115,-74.3000,20.1000
115,-74.4000,20.7000
115,-74.8000,21.4000
115,-75.4000,22.2000
115,-76.0000,23.0000
115,-76.7000,23.8000
115,-77.5000,24.7000
115,-78.3000,25.7000
115,-79.0000,26.7000
115,-79.7000,27.7000
115,-80.3000,28.9000
115,-80.7000,29.7000
115,-80.6000,30.7000
115,-80.6000,31.6000
115,-80.5000,32.1000
115,-79.9000,32.5000
115,-79.5000,33.0000
115,-79.0000,33.5000
115,-77.3000,33.9000
115,-76.0000,34.7000
115,-74.5000,35.0000
115,-72.8000,35.2000
115,-71.1000,35.3000
116,-26.9000,16.1000
116,-28.3000,16.2000
116,-29.7000,16.3000
116,-30.8000,16.3000
116,-31.7000,16.3000
116,-32.5000,16.4000
116,-33.4000,16.7000
116,-34.2000,17.1000
116,-35.1000,17.5000
116,-36.1000,17.9000
116,-37.3000,18.4000
116,-38.5000,18.8000
116,-39.7000,19.1000
116,-41.1000,19.1000
116,-42.6000,18.9000
116,-44.1000,18.7000
116,-45.5000,18.5000
116,-46.7000,18.2000
116,-47.9000,17.9000
116,-49.2000,17.6000
116,-50.4000,17.3000
116,-51.5000,17.0000
116,-52.6000,16.8000
116,-53.9000,16.7000
116,-55.1000,16.6000
116,-56.4000,16.6000
116,-57.8000,16.7000
116,-59.2000,16.9000
116,-60.6000,17.3000
116,-61.8000,17.7000
116,-61.9000,17.7000
116,-63.1000,18.1000
116,-63.3000,18.1000
116,-64.4000,18.5000
116,-64.7000,18.6000
116,-66.2000,19.2000
116,-67.6000,19.7000
116,-69.0000,20.2000
116,-70.4000,20.7000
116,-71.8000,21.1000
116,-73.0000,21.5000
116,-73.2000,21.5000
116,-74.7000,21.8000
116,-76.0000,22.0000
116,-77.2000,22.1000
116,-77.9000,22.3000
116,-78.3000,22.4000
116,-79.3000,22.7000
116,-80.2000,23.1000
116,-80.9000,23.4000
116,-81.3000,23.7000
116,-81.5000,24.5000
116,-81.5000,24.7000
116,-81.7000,25.6000
116,-81.7000,25.9000
116,-81.7000,26.8000
116,-82.2000,28.2000
116,-82.7000,29.6000
116,-83.5000,30.9000
116,-84.4000,31.9000
116,-85.6000,32.9000
116,-86.9000,33.8000
116,-88.1000,34.8000
116,-88.9000,35.6000
116,-89.5000,36.2000
116,-90.1000,36.8000
117,-86.6000,17.8000
117,-86.9000,18.1000
117,-86.8000,18.4000
117,-86.4000,18.8000
117,-85.7000,19.1000
117,-85.5000,19.7000
117,-85.4000,20.2000
117,-85.1000,20.9000
117,-85.1000,21.7000
117,-85.2000,22.7000
117,-85.8000,23.7000
117,-86.2000,24.6000
117,-86.4000,25.6000
117,-86.5000,26.6000
117,-86.6000,27.7000
117,-86.3000,29.0000
117,-85.5000,30.0000
117,-85.4000,30.2000
117,-84.5000,31.5000
117,-83.2000,32.8000
117,-81.7000,34.1000
117,-80.0000,35.6000
117,-77.7000,36.5000
117,-75.0000,37.3000
117,-70.6000,39.1000
117,-66.1000,41.1000
117,-61.5000,43.1000
117,-55.7000,44.8000
117,-48.2000,46.4000
117,-40.7000,47.6000
117,-33.1000,48.4000
117,-26.1000,48.8000
117,-20.7000,48.6000
117,-16.4000,47.5000
117,-13.5000,45.9000
117,-11.4000,44.4000
117,-10.3000,42.8000
117,-10.0000,41.2000
118,-46.4000,10.3000
118,-47.5000,10.4000
118,-48.7000,10.6000
118,-49.9000,10.8000
118,-51.0000,11.0000
118,-52.3000,11.2000
118,-53.5000,11.4000
118,-54.7000,11.6000
118,-56.0000,11.9000
118,-57.2000,12.2000
118,-58.3000,12.6000
118,-59.2000,13.0000
118,-59.4000,13.1000
118,-60.2000,13.5000
118,-60.9000,14.0000
118,-61.2000,14.2000
118,-62.0000,15.0000
118,-62.8000,15.7000
118,-63.5000,16.4000
118,-64.2000,17.3000
118,-64.6000,17.8000
118,-65.1000,18.4000
118,-65.7000,19.2000
118,-66.3000,20.0000
118,-66.9000,21.0000
118,-67.4000,22.0000
118,-68.0000,22.8000
118,-68.8000,23.5000
118,-69.5000,24.3000
118,-70.3000,24.8000
118,-71.1000,25.3000
118,-72.1000,25.6000
118,-73.0000,25.9000
118,-74.0000,26.1000
118,-74.7000,26.3000
118,-75.6000,26.4000
118,-76.5000,26.5000
118,-77.0000,26.5000
118,-77.1000,26.5000
118,-77.7000,26.6000
118,-77.8000,26.6000
118,-78.0000,26.6000
118,-78.3000,26.7000
118,-78.4000,26.8000
118,-78.5000,26.9000
118,-78.5000,27.0000
118,-78.5000,27.1000
118,-78.6000,27.6000
118,-78.8000,28.1000
118,-79.2000,28.8000
118,-79.6000,29.5000
118,-79.7000,30.1000
118,-79.7000,30.7000
118,-79.6000,31.4000
118,-79.2000,32.1000
118,-78.9000,32.7000
118,-77.9000,33.4000
118,-76.9000,34.1000
118,-75.7000,35.1000
118,-75.6000,35.2000
118,-73.7000,36.2000
118,-71.2000,37.4000
118,-68.9000,38.9000
118,-66.9000,40.8000
118,-64.6000,42.8000
118,-62.9000,45.2000
118,-61.9000,47.6000
118,-60.4000,49.4000
118,-57.9000,50.8000
118,-54.8000,51.6000
119,-47.3000,14.4000
119,-49.6000,15.4000
119,-51.6000,16.1000
119,-53.4000,16.6000
119,-55.5000,16.8000
119,-57.5000,16.9000
119,-59.4000,17.0000
119,-61.1000,17.1000
119,-61.8000,17.1000
119,-62.6000,17.1000
119,-62.8000,17.1000
119,-64.4000,17.4000
119,-65.9000,17.7000
119,-67.4000,17.9000
119,-68.8000,18.2000
119,-70.0000,18.4000
119,-70.3000,18.5000
119,-72.3000,18.8000
119,-74.3000,19.4000
119,-76.0000,19.8000
119,-76.6000,20.0000
119,-77.8000,20.2000
119,-79.7000,20.8000
119,-81.5000,21.5000
119,-83.3000,22.3000
119,-84.8000,22.8000
119,-86.2000,23.4000
119,-87.5000,24.1000
119,-88.9000,24.9000
119,-90.2000,25.6000
119,-91.4000,26.4000
119,-92.5000,27.3000
119,-93.0000,28.5000
119,-93.3000,29.8000
119,-93.3000,31.2000
119,-92.9000,32.8000
119,-92.5000,34.4000
119,-92.0000,35.4000
119,-91.2000,36.1000
119,-90.0000,37.0000
119,-88.0000,37.5000
119,-84.8000,38.3000
120,-82.6000,18.4000
120,-83.0000,18.2000
120,-83.2000,18.0000
120,-83.5000,17.7000
120,-83.6000,17.8000
120,-83.7000,18.0000
120,-83.8000,18.2000
120,-84.1000,18.5000
120,-84.8000,18.9000
120,-85.7000,19.4000
120,-86.6000,19.9000
120,-87.4000,20.4000
120,-87.9000,20.6000
120,-89.0000,21.3000
120,-90.0000,22.2000
120,-90.8000,23.2000
120,-91.5000,24.4000
120,-91.7000,26.0000
120,-91.1000,28.0000
120,-90.6000,29.2000
120,-89.9000,30.2000
120,-87.5000,32.8000
120,-83.6000,35.3000
120,-78.2000,37.8000
120,-71.7000,39.5000
121,-78.9000,16.5000
121,-79.5000,17.4000
121,-80.2000,18.3000
121,-80.9000,19.4000
121,-81.7000,20.4000
121,-82.6000,21.5000
121,-83.2000,22.4000
121,-83.5000,22.6000
121,-84.7000,23.5000
121,-85.7000,24.4000
121,-86.6000,25.6000
121,-87.6000,26.7000
121,-88.7000,27.6000
121,-89.6000,28.5000
121,-90.2000,29.1000
121,-90.4000,29.2000
121,-90.6000,29.9000
121,-90.8000,30.6000
121,-90.9000,31.5000
121,-90.5000,32.2000
121,-90.0000,33.0000
121,-89.4000,33.8000
121,-88.4000,34.4000
121,-87.1000,35.1000
121,-85.5000,35.8000
121,-83.6000,36.7000
121,-81.5000,37.7000
121,-78.5000,39.0000
121,-75.6000,39.8000
121,-72.8000,40.6000
121,-69.7000,41.4000
121,-67.2000,43.3000
121,-64.7000,45.4000
121,-63.6000,46.6000
121,-62.7000,47.5000
121,-62.4000,48.6000
121,-63.1000,48.8000
121,-63.9000,48.7000
121,-63.9000,47.6000
121,-63.5000,46.6000
122,-66.3000,12.3000
122,-67.2000,12.9000
122,-68.1000,13.7000
122,-69.3000,14.2000
122,-70.6000,14.6000
122,-71.7000,14.7000
122,-72.9000,14.7000
122,-74.4000,14.5000
122,-75.8000,14.4000
122,-77.2000,14.6000
122,-78.3000,14.6000
122,-79.4000,15.0000
122,-80.1000,15.8000
122,-80.9000,16.8000
122,-81.7000,17.7000
122,-82.4000,18.7000
122,-83.0000,19.7000
122,-83.3000,20.8000
122,-83.6000,21.8000
122,-83.7000,22.2000
122,-83.6000,22.6000
122,-83.3000,23.5000
122,-83.0000,24.4000
122,-82.9000,24.6000
122,-82.9000,25.2000
122,-82.7000,26.0000
122,-82.4000,26.6000
122,-82.2000,26.7000
122,-82.0000,26.8000
122,-81.7000,27.2000
122,-81.1000,27.7000
122,-80.6000,28.4000
122,-80.1000,28.9000
122,-79.4000,29.6000
122,-79.1000,30.3000
122,-79.0000,31.5000
122,-79.2000,33.3000
122,-79.2000,33.3000
122,-79.3000,34.4000
122,-79.7000,35.3000
123,-86.1000,20.8000
123,-86.2000,21.3000
123,-86.4000,21.1000
123,-86.8000,20.5000
123,-86.3000,19.9000
123,-85.8000,19.9000
123,-85.4000,19.8000
123,-85.2000,19.9000
123,-85.2000,20.6000
123,-85.2000,21.2000
123,-85.1000,21.8000
123,-85.0000,22.6000
123,-84.8000,23.8000
123,-84.8000,25.3000
123,-84.7000,26.9000
123,-84.5000,28.3000
123,-84.1000,29.1000
123,-83.6000,29.9000
123,-83.5000,30.0000
123,-82.5000,31.5000
123,-80.9000,32.7000
123,-78.9000,33.5000
123,-77.0000,33.7000
123,-74.6000,33.6000
123,-72.3000,33.4000
123,-70.5000,32.7000
123,-68.8000,32.3000
123,-67.1000,32.1000
123,-65.7000,31.9000
123,-64.7000,31.8000
123,-63.9000,31.8000
123,-63.1000,31.8000
123,-62.2000,32.0000
123,-61.3000,32.5000
123,-60.5000,33.4000
123,-59.7000,34.9000
123,-58.9000,36.2000
123,-58.0000,37.6000
123,-57.5000,39.2000
123,-57.9000,40.5000
123,-58.7000,41.1000
123,-59.1000,41.6000
123,-59.3000,42.2000
123,-59.8000,42.6000
123,-60.5000,42.6000
123,-61.4000,42.6000
123,-62.0000,42.6000
123,-62.8000,42.6000
123,-62.9000,42.9000
123,-62.1000,43.0000
123,-61.1000,43.2000
123,-60.1000,43.6000
123,-59.3000,44.3000
123,-58.3000,45.2000
124,-81.7000,17.2000
124,-81.9000,17.8000
124,-82.2000,18.2000
124,-82.8000,18.6000
124,-83.7000,19.2000
124,-84.6000,19.4000
124,-85.2000,19.7000
124,-85.9000,20.3000
124,-86.2000,21.1000
124,-86.5000,22.0000
124,-86.7000,22.8000
124,-86.5000,23.6000
124,-85.8000,24.7000
124,-85.0000,26.6000
124,-84.3000,28.7000
124,-83.7000,30.0000
124,-83.5000,30.8000
124,-83.3000,31.3000
124,-83.1000,32.9000
124,-83.2000,34.4000
124,-84.9000,36.8000
124,-86.6000,38.1000
124,-88.1000,37.4000
124,-87.6000,36.6000
124,-87.0000,37.1000
125,-94.6000,21.0000
125,-95.2000,20.8000
125,-95.4000,21.4000
125,-95.5000,22.0000
125,-95.5000,22.5000
125,-95.5000,22.7000
125,-95.2000,22.6000
125,-94.8000,22.5000
125,-94.1000,22.5000
125,-93.4000,22.5000
125,-92.9000,22.1000
125,-92.2000,21.8000
125,-91.3000,21.7000
125,-90.9000,21.8000
125,-90.4000,21.8000
125,-89.5000,21.9000
125,-88.8000,22.5000
125,-88.0000,22.5000
125,-87.2000,22.8000
125,-86.9000,23.0000
125,-86.6000,23.3000
125,-85.9000,23.8000
125,-85.4000,24.3000
125,-84.8000,25.0000
125,-84.0000,26.3000
125,-82.7000,27.3000
125,-82.6000,27.4000
125,-81.3000,28.1000
125,-79.5000,29.0000
125,-77.5000,29.5000
125,-75.0000,29.5000
125,-72.4000,29.5000
125,-69.3000,29.5000
125,-65.9000,29.3000
126,-77.0000,12.7000
126,-76.8000,13.5000
126,-76.7000,14.2000
126,-76.6000,14.8000
126,-76.4000,15.1000
126,-76.9000,15.8000
126,-77.6000,16.6000
126,-78.3000,17.5000
126,-79.1000,18.5000
126,-80.0000,19.4000
126,-80.9000,20.1000
126,-81.6000,21.0000
126,-82.3000,22.0000
126,-82.7000,22.7000
126,-83.2000,23.1000
126,-84.1000,23.8000
126,-84.9000,24.3000
126,-85.7000,24.6000
126,-86.6000,24.6000
126,-87.6000,24.4000
126,-88.4000,24.4000
126,-89.1000,24.6000
126,-89.7000,24.7000
126,-90.5000,24.8000
126,-91.2000,25.0000
126,-91.5000,25.3000
126,-91.7000,25.6000
126,-91.9000,25.9000
126,-91.9000,26.1000
