track,lon,lat
0,-78.7970,25.2639
0,-79.0658,25.3792
0,-79.3062,25.4983
0,-79.3983,25.5641
0,-79.5154,25.6326
0,-79.6360,25.7404
0,-79.7247,25.8669
0,-79.7443,25.9841
0,-79.7339,26.1013
0,-79.7460,26.2184
0,-79.7431,26.3356
0,-79.7053,26.4528
0,-79.6524,26.5699
0,-79.5995,26.6571
0,-79.5616,26.8043
0,-79.5512,27.0914
0,-79.5708,27.4386
0,-79.6031,27.7407
0,-79.6801,28.0729
0,-79.8196,28.4751
0,-79.9893,28.9073
0,-80.1663,29.3320
0,-80.2985,29.7416
0,-80.3333,30.1162
0,-80.3078,30.4759
0,-80.2774,30.8356
0,-80.2170,31.2103
0,-80.1514,31.6199
0,-80.0262,32.0446
0,-79.7961,32.4693
0,-79.5354,32.8789
0,-79.3842,33.2457
0,-79.1447,33.6133
0,-78.6521,34.0232
0,-78.0539,34.4476
0,-77.5225,34.8419
0,-76.9631,35.2819
0,-76.3291,35.8026
0,-75.6724,36.4163
1,-87.8151,27.2203
1,-87.3412,27.4733
1,-86.8676,27.7568
1,-86.4371,27.9868
1,-85.9202,28.2934
1,-85.1848,28.7821
1,-84.3727,29.3300
1,-83.6630,29.8272
1,-82.9253,30.2666
1,-82.0423,30.5703
1,-81.1779,30.9032
1,-80.4952,31.4251
1,-79.8304,32.0398
1,-79.0600,32.7097
1,-78.1830,33.2764
1,-77.3151,33.4823
1,-76.1355,33.7130
1,-74.4539,34.2728
2,-83.3929,29.5047
2,-82.8700,30.3535
2,-82.4403,30.8131
2,-81.5859,31.4054
2,-80.7795,31.8845
2,-79.9019,32.3573
2,-78.8893,32.9106
2,-77.8179,33.5092
2,-76.7537,34.1573
2,-75.7339,34.7611
2,-74.7964,35.2688
2,-73.9498,35.6129
2,-73.1908,35.7329
2,-72.4658,35.7648
2,-71.6662,35.8757
2,-70.8818,36.0167
2,-70.1675,36.1997
2,-69.4978,36.3686
2,-68.8404,36.4667
2,-68.2137,36.5205
2,-67.5765,36.5465
2,-67.0297,36.5724
2,-66.6201,36.6105
2,-66.3457,36.7242
2,-66.1366,36.9550
2,-66.0617,37.2761
2,-66.0947,37.6519
2,-66.2777,38.0280
2,-66.5829,38.3414
2,-66.9936,38.5799
2,-67.4443,38.7434
2,-67.9096,38.8318
2,-68.3477,38.8877
2,-68.7256,38.8837
2,-69.0138,38.8169
2,-69.2416,38.7355
2,-69.4793,38.7265
2,-69.6575,38.6874
2,-69.7607,38.5283
2,-69.7735,38.3393
2,-69.7038,38.1702
2,-69.5895,38.0912
2,-69.5050,38.1871
2,-69.4055,38.3431
2,-69.2784,38.4340
2,-69.1214,38.4950
2,-68.9517,38.5133
2,-68.7374,38.5468
2,-68.4676,38.6278
2,-68.1534,38.7987
2,-67.8259,39.0646
3,-75.4286,25.3654
3,-76.3552,25.3569
3,-77.3818,25.3485
3,-78.3962,25.3273
3,-79.4350,25.3316
3,-80.5416,25.4231
3,-80.6883,25.4148
3,-81.7149,25.5063
3,-82.7870,25.5845
3,-83.8681,25.6895
3,-84.9596,25.8657
3,-86.0214,26.0726
3,-87.0285,26.2486
3,-87.9746,26.4557
3,-88.8738,26.7318
3,-89.7278,27.0388
3,-90.5997,27.3229
3,-91.3811,27.6220
3,-92.0031,27.9555
3,-92.5343,28.3051
3,-93.1026,28.6184
3,-93.5875,28.9882
3,-93.9514,29.4554
3,-94.2408,29.8714
3,-94.3880,30.2823
3,-94.3940,30.6545
3,-94.3081,30.9611
3,-94.1472,31.2376
4,-82.4812,20.5035
4,-82.2656,20.7067
4,-82.0052,20.9250
4,-81.7268,21.1629
4,-81.3291,21.4465
4,-80.7436,21.7848
4,-80.0531,22.1679
4,-79.3872,22.5708
4,-78.6771,22.9894
4,-77.9557,23.3991
4,-77.1010,23.8109
4,-76.0518,24.2060
4,-74.8250,24.6324
4,-73.5040,25.1345
4,-72.0489,25.6538
4,-70.4824,26.1216
4,-68.8729,26.5753
4,-67.3173,27.0359
4,-65.7968,27.4968
4,-64.2338,27.9575
4,-62.6864,28.4077
4,-61.1511,28.8475
4,-59.6305,29.2762
4,-58.1178,29.6956
4,-56.6220,30.1045
4,-55.1420,30.5032
4,-53.6625,30.8950
4,-52.2025,31.2771
4,-50.7391,31.6545
4,-49.2983,32.0218
4,-47.8755,32.3793
4,-46.4524,32.7312
4,-45.0471,33.0723
4,-43.6692,33.4024
4,-42.2809,33.7283
4,-40.9122,34.0421
4,-39.5742,34.3401
4,-38.2180,34.6335
4,-36.8800,34.9161
4,-35.5690,35.1830
4,-34.2321,35.4439
4,-32.9150,35.6876
4,-31.6315,35.9050
4,-30.3697,36.1054
4,-29.1289,36.2874
4,-27.8517,36.4550
4,-26.5980,36.5841
4,-25.3588,36.6880
4,-24.1346,36.7658
4,-22.9254,36.8170
4,-21.7354,36.8368
4,-20.5590,36.8376
4,-19.3949,36.8207
4,-18.2427,36.7880
4,-17.1024,36.7402
4,-15.9721,36.6754
4,-14.8503,36.5941
4,-13.7367,36.4962
4,-12.6305,36.3837
4,-11.5287,36.2598
4,-10.4294,36.1265
4,-9.3309,35.9882
4,-8.2359,35.8638
4,-7.1329,35.7400
4,-6.0154,35.6201
4,-4.8516,35.5061
4,-3.6840,35.3807
4,-2.5069,35.2525
4,-1.3228,35.1276
4,-0.1262,35.0016
4,1.0979,34.8911
5,-84.9376,22.7210
5,-85.2703,23.4088
5,-85.6784,24.2158
5,-86.0008,25.1981
5,-86.2193,26.2105
5,-86.2848,27.1190
5,-86.2601,27.9052
5,-86.2306,28.5526
5,-86.1010,29.0000
5,-85.9774,29.5160
5,-85.7418,29.9947
5,-85.3123,30.3421
5,-84.8827,30.5894
5,-84.3805,30.8174
5,-83.8236,30.9842
5,-83.2435,31.0390
6,-92.1629,27.2105
6,-91.6507,28.5267
6,-90.9386,29.6429
6,-89.9275,31.0021
6,-88.5143,32.4753
6,-86.7695,33.8449
6,-84.5900,35.2077
6,-82.0713,36.6290
6,-79.1657,37.9401
6,-75.9869,39.0052
7,-81.7822,21.4705
7,-82.2973,22.0062
7,-82.7150,22.4867
7,-83.0872,23.0067
7,-83.5598,23.6419
7,-84.0771,24.3072
7,-84.6298,24.9225
7,-85.1671,25.5078
7,-85.6056,26.0649
7,-86.0570,26.6083
7,-86.6297,27.1661
7,-87.2470,27.7088
7,-87.8931,28.2263
7,-88.4369,28.7094
7,-88.7819,29.1596
7,-89.4269,29.8099
7,-89.8807,30.3540
7,-90.2168,30.8104
7,-90.5995,31.2257
7,-90.9067,31.6110
8,-92.5554,28.0562
8,-92.2367,28.0531
8,-91.9036,28.2054
8,-91.5778,28.5116
8,-91.2518,28.8547
8,-91.3747,29.2701
8,-91.8000,29.6039
8,-92.0272,29.6035
8,-92.1482,29.4531
8,-92.1097,29.3277
8,-91.9964,29.2024
8,-91.9356,29.1270
8,-91.8446,29.0516
8,-91.6987,28.9262
8,-91.4928,28.8008
8,-91.2696,28.7177
8,-90.9410,28.6501
8,-90.4669,28.5297
8,-89.8892,28.4993
8,-89.2929,28.6337
8,-88.6374,28.9485
8,-87.8747,29.3912
8,-87.1856,29.9978
8,-86.7268,30.7194
8,-86.4339,31.5470
8,-86.2124,32.4065
9,-89.7456,25.3069
9,-89.3160,26.0639
9,-88.8951,26.7721
9,-88.4215,27.6152
9,-87.9446,28.5373
9,-87.5771,29.5081
9,-87.2941,30.5024
9,-87.1304,31.4159
9,-86.7436,32.4676
9,-85.6825,33.9186
9,-84.4930,35.3328
9,-83.8292,36.3324
9,-83.2425,37.0979
9,-82.3830,37.7827
9,-81.3920,38.3631
9,-80.3230,38.9182
10,-71.4388,21.0949
10,-71.8788,21.2974
10,-72.1947,21.5621
10,-72.4826,21.8165
10,-72.7507,22.1293
10,-73.0083,22.4243
10,-73.2066,22.4965
10,-73.3385,22.5848
10,-73.6625,22.9637
10,-73.8668,23.2733
10,-74.0185,23.5309
10,-74.2990,23.7445
10,-74.5744,23.8982
10,-74.6826,24.0316
10,-74.7303,24.1654
10,-74.8038,24.3510
10,-74.8863,24.5326
10,-74.9583,24.6478
10,-75.2422,24.8998
10,-75.4749,24.9402
10,-75.5981,24.8670
10,-75.5816,24.9300
10,-75.6541,25.0342
10,-76.1442,25.1748
10,-76.2100,25.2015
10,-76.2444,25.2474
10,-76.4660,25.3687
10,-76.8360,25.5452
10,-77.2219,25.7359
10,-77.4005,25.8615
10,-77.5778,26.0031
10,-77.9704,26.2147
10,-78.3338,26.4703
10,-78.4647,26.7236
10,-78.4897,27.0375
10,-78.5031,27.4485
10,-78.5456,27.9048
10,-78.7156,28.3685
10,-78.9016,28.7720
10,-79.0099,29.0355
10,-79.0575,29.2392
10,-79.0730,29.4728
10,-79.0134,29.7064
10,-78.8862,29.9100
10,-78.6694,30.1736
10,-78.3701,30.5773
10,-78.0253,31.0409
10,-77.7536,31.4065
10,-77.3813,31.9081
10,-76.7630,32.7321
10,-76.0372,33.6753
10,-75.3432,34.5764
10,-74.6931,35.3425
10,-74.1817,35.7677
10,-73.6491,36.2097
10,-72.9857,36.9871
10,-72.1050,37.9769
10,-70.8909,39.1345
10,-69.5609,40.2441
10,-68.4410,41.0728
10,-67.3169,41.7114
11,-92.3064,28.2700
11,-92.2269,28.9799
11,-92.0277,29.5734
11,-91.7411,30.0169
11,-91.4704,30.5428
11,-91.1552,31.0539
11,-90.8068,31.5371
12,-92.1166,28.7063
12,-92.0345,29.2704
12,-91.8328,29.7182
12,-91.5435,30.0160
12,-91.2703,30.3962
12,-90.9526,30.7616
12,-90.6017,31.0991
12,-90.1617,31.4071
13,-78.6010,32.1834
13,-78.6806,33.0898
13,-78.5359,34.2018
13,-78.2399,35.4025
13,-77.9490,36.5237
13,-77.5991,37.6152
13,-77.1952,38.6792
13,-76.7583,39.7279
13,-76.3879,40.8092
14,-87.7732,29.0154
14,-87.2185,29.2496
14,-86.6640,29.5143
14,-86.1526,29.7253
14,-85.5548,30.0131
14,-84.7385,30.4829
14,-83.8456,31.0120
14,-83.0550,31.4903
14,-82.2364,31.9109
14,-81.2725,32.1957
14,-80.3272,32.5097
14,-79.5636,33.0127
14,-78.8180,33.6086
14,-77.9667,34.2596
14,-77.0088,34.8074
14,-76.0600,34.9944
14,-74.7996,35.2063
14,-73.0370,35.7472
14,-70.7904,36.5052
15,-84.9919,22.7909
15,-85.3524,23.5486
15,-85.7882,24.4255
15,-86.1384,25.4778
15,-86.3846,26.5601
15,-86.4778,27.5385
15,-86.4809,28.3946
15,-86.4791,29.1119
15,-86.3772,29.6292
15,-86.2814,30.2152
15,-86.0735,30.7638
15,-85.6717,31.1811
15,-85.2699,31.4984
15,-84.7954,31.7963
15,-84.2662,32.0330
15,-83.7139,32.1577
15,-83.1625,32.2675
15,-82.6487,32.4575
16,-89.2305,25.6655
16,-89.4856,26.0667
16,-89.6656,26.5283
16,-89.8301,26.9798
16,-89.9007,27.4911
16,-89.8344,28.0797
16,-89.7358,28.7538
16,-89.6552,29.5025
16,-89.5709,30.3166
16,-89.2885,31.0641
16,-88.9060,31.7794
16,-88.5804,32.5107
16,-88.2411,33.2422
16,-87.8951,33.9808
17,-85.7666,26.1965
17,-85.5164,26.6603
17,-85.1473,27.0793
17,-84.6638,27.6311
17,-84.1279,28.1620
17,-83.5683,28.6534
17,-83.1086,29.2448
17,-82.5894,29.8098
17,-81.9893,30.3276
17,-81.3163,30.7837
17,-80.5699,31.2103
17,-79.8042,31.6509
17,-78.9506,32.0931
17,-77.9919,32.5188
17,-76.9313,32.9758
17,-75.7996,33.4716
17,-74.6119,34.0586
17,-73.4312,34.7760
17,-72.1926,35.5413
17,-70.7954,36.2487
17,-69.4733,36.9241
17,-68.4285,37.5786
17,-67.5539,38.2068
17,-66.7336,38.7895
17,-65.9346,39.3896
18,-78.9457,20.5237
18,-79.5566,21.1382
18,-80.0842,21.7268
18,-80.2035,21.8784
18,-80.5843,22.2014
18,-81.1420,22.5816
18,-81.6221,22.9670
18,-82.0806,23.3847
18,-82.5574,23.8712
18,-83.0191,24.3878
18,-83.4462,24.8892
18,-83.8576,25.3910
18,-84.2774,25.8774
18,-84.6962,26.3941
18,-85.1380,26.9657
18,-85.5347,27.5972
18,-85.8197,28.2761
18,-86.0732,29.0004
18,-86.3620,29.6706
18,-86.7118,30.5035
18,-87.1313,31.4818
18,-87.5503,32.2066
18,-88.0059,32.8256
18,-88.3888,33.4098
19,-79.6794,21.2521
19,-79.0219,21.6428
19,-78.5798,21.9101
19,-78.3357,22.0688
19,-77.9803,22.3680
19,-77.8426,22.6019
19,-77.7808,22.8260
19,-77.6885,23.0625
19,-77.5813,23.2840
19,-77.4465,23.4630
19,-77.2818,23.6420
19,-77.0895,23.8635
19,-76.8823,24.1000
19,-76.6825,24.3439
19,-76.4827,24.5579
19,-76.2830,24.7169
19,-76.0832,24.8159
19,-75.8684,24.8749
19,-75.6837,24.8739
19,-75.5539,24.8179
19,-75.4842,24.7319
19,-75.4619,24.6759
19,-75.4847,24.5898
19,-75.5200,24.4263
19,-75.5852,24.2478
19,-75.6479,24.0966
19,-75.7857,24.0058
19,-76.0485,23.9898
19,-76.3861,24.0638
19,-76.7289,24.2052
19,-77.0866,24.4218
19,-77.4296,24.6630
19,-77.7871,24.9797
19,-78.1873,25.3862
19,-78.5876,25.8377
19,-78.9533,26.2441
19,-79.2881,26.6957
19,-79.6036,27.2371
19,-79.8886,27.8537
19,-80.1765,28.4727
19,-80.3891,29.2117
19,-80.5211,30.1231
19,-80.4895,31.1696
19,-80.2514,32.2837
19,-79.8900,33.4276
19,-79.7653,34.4816
20,-83.2727,20.9405
20,-84.0517,21.0752
20,-84.8149,21.2396
20,-85.4768,21.5083
20,-86.0570,21.8388
20,-86.5781,22.1883
20,-87.3992,22.4379
20,-88.2941,22.6945
20,-89.1414,22.9370
20,-89.8153,23.1435
20,-90.3836,23.3361
20,-90.9123,23.5428
20,-91.4258,23.7352
20,-91.9972,23.8772
20,-92.5680,24.0343
20,-93.0966,24.2687
20,-93.6101,24.5335
20,-94.1243,24.7528
20,-94.6523,25.0326
20,-95.2153,25.4970
20,-95.7945,25.9317
20,-96.3573,26.1008
20,-96.9367,26.2308
20,-97.5560,26.4908
20,-98.1789,26.8299
20,-98.7553,27.1154
20,-99.3211,27.3290
20,-99.9202,27.4783
20,-100.5632,27.6282
20,-101.2770,27.8477
20,-102.0054,28.1273
20,-102.7444,28.3871
21,-79.8912,26.6435
21,-80.5551,26.6705
21,-81.1619,26.7386
21,-81.6831,26.8560
21,-82.1423,27.0036
21,-82.5111,27.2414
21,-82.7829,27.6190
21,-83.0391,28.0269
21,-83.3883,28.3197
21,-83.7670,28.6124
21,-84.1976,28.9603
21,-84.4950,29.3979
21,-84.4853,30.0131
21,-84.3230,30.5834
21,-84.2236,30.8634
21,-84.0509,31.0688
21,-83.7887,31.3662
21,-83.3789,31.7543
21,-82.8740,32.2204
21,-82.1069,32.8398
22,-90.8604,27.5045
22,-90.3570,28.9615
22,-89.6536,30.2186
22,-88.6513,31.7187
22,-87.2469,33.3327
22,-85.5108,34.8432
22,-83.3401,36.3469
23,-86.0989,22.6860
23,-86.7709,22.8454
23,-87.3961,22.9753
23,-87.9599,23.2045
23,-88.4934,23.4645
23,-89.0423,23.7164
23,-89.5907,23.9538
23,-90.1473,24.1483
23,-90.6880,24.3431
23,-91.1943,24.5874
23,-91.6853,24.8324
23,-92.1839,25.0568
23,-92.6826,25.2216
23,-93.2191,25.2889
23,-93.6799,25.3109
23,-93.9663,25.3401
23,-94.1772,25.4002
23,-94.4481,25.5374
23,-94.6744,25.6895
23,-94.7586,25.7687
23,-94.8717,25.8787
23,-95.1827,26.1010
23,-95.5690,26.3680
23,-95.9252,26.6276
23,-96.2663,26.8573
23,-96.5503,27.0240
23,-96.8636,27.1466
23,-97.2976,27.2338
23,-97.7609,27.3359
23,-98.1670,27.5227
23,-98.5582,27.7251
23,-98.9541,27.8852
24,-87.9905,25.4697
24,-88.3859,25.3317
24,-88.8559,25.1780
24,-89.1961,25.0670
24,-89.5213,24.9864
24,-89.9191,24.9182
24,-90.2868,24.8948
24,-90.4828,24.8808
24,-90.7522,25.0031
24,-91.3315,25.3702
24,-92.0176,25.8115
24,-92.6077,26.1828
24,-93.1831,26.4199
24,-93.7815,26.4340
24,-94.3485,26.3282
24,-94.9064,26.2250
24,-95.3139,26.1366
24,-95.4715,26.1180
24,-95.4793,26.1450
24,-95.5070,26.1916
24,-95.4448,26.2533
24,-95.2575,26.3075
24,-95.0102,26.3617
24,-94.8154,26.4232
24,-94.5756,26.4700
24,-94.2159,26.4969
24,-93.8411,26.4784
24,-93.5437,26.4125
24,-93.3065,26.2868
25,-86.4518,28.0758
25,-85.9691,28.8867
25,-85.5477,29.6800
25,-85.1729,30.1515
25,-84.6191,30.7837
25,-83.9766,31.4163
25,-83.3069,32.0332
25,-82.5804,32.6810
25,-81.8420,33.4421
26,-90.8840,26.5917
26,-91.4190,26.7784
26,-91.7049,26.9875
26,-91.7479,27.2360
26,-91.9198,27.4499
26,-92.0767,27.6937
26,-92.2357,28.0225
26,-92.3055,28.3513
26,-92.2151,28.5877
26,-92.0344,28.8090
26,-91.8636,29.0803
26,-91.6632,29.3667
26,-91.4648,29.6602
26,-91.1921,29.9243
26,-90.8083,30.1105
26,-90.3209,30.2820
26,-89.7799,30.5029
26,-89.1497,30.7396
26,-88.4579,30.9529
26,-87.6786,31.1973
26,-86.8297,31.5030
26,-85.9074,31.8550
26,-85.0007,32.2013
26,-83.9363,32.6126
26,-82.5633,33.1572
26,-81.0651,33.6703
26,-79.6606,33.9847
27,-82.3287,21.4045
27,-82.9392,22.0014
27,-83.4524,22.5432
27,-83.9201,23.1245
27,-84.4881,23.8209
27,-85.1010,24.5476
27,-85.7491,25.2241
27,-86.3818,25.8707
27,-86.9158,26.4891
27,-87.4627,27.0938
27,-88.1309,27.7128
27,-88.8436,28.3169
27,-89.5852,28.8957
27,-90.2246,29.4400
27,-90.6650,29.9515
27,-91.4055,30.6631
27,-91.9547,31.2685
27,-92.3864,31.7862
27,-92.8645,32.2628
27,-93.2672,32.7093
27,-93.5381,33.1781
27,-93.7481,33.6324
27,-94.0185,34.0590
28,-74.5860,25.8811
28,-75.3871,25.8237
28,-76.2881,25.7663
28,-77.1769,25.6962
28,-78.0902,25.6515
28,-79.0712,25.6941
28,-79.0922,25.6368
28,-79.9932,25.6794
28,-80.9397,25.7086
28,-81.8953,25.7646
28,-82.8612,25.8919
28,-83.7974,26.0498
28,-84.6790,26.1769
28,-85.4994,26.3351
28,-86.2731,26.5622
28,-87.0015,26.8203
28,-87.7477,27.0554
28,-88.4036,27.3055
28,-88.9000,27.5901
28,-89.3056,27.8908
28,-89.7483,28.1551
28,-90.1077,28.4760
28,-90.3460,28.8942
28,-90.5097,29.2612
28,-90.5314,29.6232
28,-90.4118,29.9464
28,-90.2003,30.2041
28,-89.9139,30.4317
28,-89.6444,30.6666
28,-89.3159,30.9169
28,-88.9115,31.1943
28,-88.4180,31.5021
28,-87.8783,31.8366
29,-77.2918,32.5547
29,-76.8278,32.9835
29,-76.1847,33.3833
29,-75.3390,33.7635
29,-74.4777,34.1118
29,-73.7990,34.4631
29,-73.2706,34.7404
29,-72.8340,34.8919
29,-72.5635,34.9690
29,-72.4198,35.0555
29,-72.4565,35.0976
29,-72.6731,35.0620
29,-72.9494,35.0261
29,-73.1482,35.0979
29,-73.2423,35.1547
29,-73.1536,35.0465
29,-73.0353,34.9833
29,-73.0442,35.1750
29,-73.1282,35.4118
29,-73.2897,35.5137
29,-73.4211,35.5404
29,-73.3976,35.5272
29,-73.3141,35.4690
29,-73.2455,35.3833
29,-73.2070,35.2975
29,-73.2309,35.2693
29,-73.2999,35.2261
29,-73.3964,35.1279
29,-73.4928,34.9547
29,-73.5468,34.6914
29,-73.5858,34.3832
29,-73.6549,34.0825
29,-73.6787,33.8118
29,-73.5900,33.5961
29,-73.4716,33.4404
29,-73.3882,33.3171
29,-73.3646,33.2689
29,-73.4161,33.3032
29,-73.5575,33.3975
29,-73.7594,33.4742
29,-74.0504,33.6261
29,-74.4316,33.9105
29,-74.8434,34.2546
29,-75.1665,34.5686
29,-75.5363,34.8832
29,-76.0328,35.1975
29,-76.3292,35.4118
29,-76.7316,35.6589
30,-92.2132,26.6204
30,-91.9046,26.4948
30,-91.5814,26.5247
30,-91.2656,26.7085
30,-90.9496,26.9291
30,-91.0825,27.2221
30,-91.5178,27.4335
30,-91.7550,27.3106
30,-91.8860,27.0379
30,-91.8574,26.7900
30,-91.7542,26.5422
30,-91.7034,26.3444
30,-91.6224,26.1466
30,-91.4864,25.8987
30,-91.2906,25.6510
30,-91.0773,25.4454
30,-90.7587,25.2553
30,-90.2946,25.0125
30,-89.7269,24.8597
30,-89.1405,24.8716
30,-88.4951,25.0641
30,-87.7423,25.3843
30,-87.0633,25.8684
30,-86.6145,26.4677
30,-86.3315,27.1728
30,-86.1200,27.9099
30,-85.9997,28.6772
30,-85.8746,29.4368
30,-85.8678,30.1816
30,-86.0450,30.8940
30,-86.3360,31.5859
30,-86.4201,32.3131
30,-86.4774,33.0263
31,-80.4842,25.2622
31,-80.0179,25.4118
31,-79.3788,25.6606
31,-78.6854,26.0110
31,-78.1110,26.4299
31,-77.5528,26.9102
31,-76.9357,27.3796
31,-76.3202,27.9094
31,-75.7435,28.5320
31,-75.1877,29.2085
31,-74.5964,29.7831
31,-74.0011,30.3480
31,-73.3977,30.9039
31,-72.7880,31.4504
31,-72.1638,31.9892
31,-71.5307,32.5190
31,-70.8759,33.0428
31,-70.2129,33.5588
31,-69.5172,34.0702
31,-68.8110,34.5743
31,-68.0666,35.0748
31,-67.3098,35.5677
31,-66.5011,36.0585
31,-65.6776,36.5424
31,-64.7985,37.0252
31,-63.9026,37.5004
31,-62.9427,37.9743
31,-61.9644,38.4408
31,-60.9171,38.9071
31,-59.8481,39.3646
31,-58.7033,39.8224
31,-57.5327,40.2709
31,-56.2780,40.7185
31,-54.9934,41.1563
31,-53.6275,41.5820
31,-52.2300,41.9945
31,-50.8031,42.3927
31,-49.2939,42.7756
32,-79.9768,27.7115
32,-80.3056,27.7769
32,-80.6059,27.8461
32,-80.7579,27.8621
32,-80.9350,27.8807
32,-81.1154,27.9386
32,-81.2641,28.0152
32,-81.3437,28.0825
32,-81.3932,28.1498
32,-81.4652,28.2171
32,-81.5223,28.2843
32,-81.5443,28.3516
32,-81.5513,28.4189
32,-81.5584,28.4562
32,-81.5804,28.5535
32,-81.6300,28.7908
32,-81.7095,29.0881
32,-81.8017,29.3403
32,-81.9386,29.6226
32,-82.1381,29.9749
32,-82.3677,30.3572
32,-82.6046,30.7320
32,-82.7968,31.0918
32,-82.8915,31.4165
32,-82.9259,31.7263
32,-82.9554,32.0361
32,-82.9549,32.3609
32,-82.9493,32.7206
32,-82.8840,33.0955
32,-82.7138,33.4703
32,-82.5131,33.8300
33,-91.2228,28.6896
33,-91.0192,28.5886
33,-90.8011,28.6432
33,-90.5903,28.8516
33,-90.3793,29.0968
33,-90.6172,29.4144
33,-91.1575,29.6504
33,-91.4997,29.5522
33,-91.7357,29.3040
33,-91.8122,29.0807
33,-91.8139,28.8576
33,-91.8681,28.6843
33,-91.8922,28.5112
33,-91.8613,28.2879
33,-91.7704,28.0648
33,-91.6621,27.8838
33,-91.4486,27.7184
33,-91.0895,27.5001
33,-90.6268,27.3720
33,-90.1455,27.4085
33,-89.6050,27.6255
33,-88.9573,27.9704
33,-88.3833,28.4791
33,-88.0395,29.1030
33,-87.8615,29.8327
33,-87.7551,30.5944
33,-87.7397,31.3863
33,-87.7197,32.1705
33,-87.8179,32.9399
33,-88.1001,33.6770
33,-88.4962,34.3935
34,-86.1216,29.7347
34,-86.8081,29.7756
34,-87.5530,29.8169
34,-88.1928,29.8503
34,-89.0845,30.0990
34,-90.0963,30.4793
34,-90.7159,30.6812
34,-91.4636,31.0368
34,-92.1474,31.3634
34,-92.7020,31.5114
34,-93.1789,31.6456
35,-86.1725,28.8061
35,-86.7280,28.9688
35,-87.3420,29.1318
35,-87.8508,29.2869
35,-88.6115,29.6575
35,-89.4923,30.1594
35,-89.9811,30.4831
35,-90.5978,30.9604
35,-91.1506,31.4088
35,-91.5742,31.6786
35,-91.9201,31.9345
35,-92.3072,32.2874
35,-92.5896,32.7601
36,-88.4172,23.8927
36,-88.7357,23.7059
36,-88.7541,23.5192
36,-88.7863,23.4188
36,-88.7911,23.3456
36,-88.7395,23.1638
36,-88.6281,23.0721
36,-88.4541,23.2328
36,-88.2650,23.4985
36,-88.1036,23.6892
36,-88.0020,23.9250
36,-87.9979,24.2507
36,-88.0390,24.6514
36,-88.0649,25.1221
36,-88.0759,25.5778
36,-88.0669,25.8761
36,-88.0129,26.2043
36,-87.8890,26.7075
36,-87.7498,27.3307
36,-87.6238,28.0214
36,-87.5868,28.7572
36,-87.7396,29.4931
36,-87.9238,30.1836
36,-87.9874,30.7468
36,-87.9607,31.3101
36,-87.8446,31.9708
36,-87.6977,32.7365
36,-87.6381,33.6722
36,-87.5347,34.5630
36,-87.2608,35.0813
36,-86.9716,35.6894
36,-86.8688,36.9099
36,-86.7086,38.1159
36,-86.4020,38.6421
37,-87.9498,25.5872
37,-88.3231,25.7949
37,-88.7305,26.0437
37,-89.1635,26.2719
37,-89.6112,26.5002
37,-90.0518,26.7208
37,-90.4919,26.9567
37,-90.9324,27.2199
37,-91.3726,27.5132
37,-91.8132,27.8264
37,-92.2533,28.1697
37,-92.7013,28.5329
37,-93.1340,28.9262
37,-93.5395,29.3469
37,-93.9147,29.7827
37,-94.2908,30.1768
37,-94.5954,30.6393
37,-94.8555,31.2116
37,-95.1761,31.7958
37,-95.2729,32.3746
37,-95.2568,32.9523
38,-87.4018,29.4504
38,-87.3018,29.5074
38,-87.1419,29.6856
38,-86.9035,29.9627
38,-86.6221,30.2418
38,-86.3270,30.4774
38,-86.0022,30.6981
38,-85.6720,30.9260
38,-85.2824,31.1543
38,-84.8320,31.3745
38,-84.2626,31.6106
38,-83.5478,31.8888
39,-78.8389,25.6679
39,-79.4900,25.7356
39,-80.0840,25.8445
39,-80.5924,26.0026
39,-81.0387,26.1910
39,-81.3947,26.4697
39,-81.6537,26.8880
39,-81.8971,27.3367
39,-82.2336,27.6702
39,-82.5994,28.0037
39,-83.0172,28.3924
39,-83.3018,28.8708
39,-83.2793,29.5267
39,-83.1041,30.1378
39,-82.9919,30.4586
39,-82.8065,30.7048
39,-82.5314,31.0429
39,-82.1089,31.4719
40,-77.6592,25.2062
40,-78.2119,25.2706
40,-78.7361,25.3387
40,-79.1121,25.3537
40,-79.5130,25.3712
40,-79.9174,25.4281
40,-80.2900,25.5037
40,-80.5934,25.5700
40,-80.8669,25.6362
40,-81.1628,25.7025
40,-81.4438,25.7687
40,-81.6898,25.8350
40,-81.9207,25.9013
40,-82.1517,25.9375
40,-82.3976,26.0338
40,-82.6711,26.2700
40,-82.9745,26.5663
40,-83.2907,26.8175
40,-83.6515,27.0988
40,-84.0749,27.4501
40,-84.5284,27.8313
41,-88.0001,28.0663
41,-87.4166,28.6054
41,-86.8335,29.1749
41,-86.2934,29.6908
41,-85.6668,30.2834
41,-84.8218,31.0581
41,-83.9002,31.8919
41,-83.0809,32.6751
41,-82.2336,33.4005
41,-81.2410,33.9901
41,-80.2670,34.6090
41,-79.4748,35.4168
42,-84.5572,25.9876
42,-84.2392,26.7658
42,-83.7811,27.7810
42,-83.3996,28.6850
42,-83.0050,29.5745
42,-82.4636,30.5701
42,-81.9289,31.5679
43,-88.2296,27.8340
43,-88.3223,28.3904
43,-88.7097,28.8102
43,-89.2273,29.2824
43,-89.7898,29.7864
43,-90.2450,30.3542
43,-90.6700,30.8626
44,-77.8209,32.1960
44,-77.8650,32.4159
44,-77.7617,32.7042
44,-77.6075,32.9628
44,-77.4026,33.2124
44,-77.1879,33.4664
44,-76.9434,33.7206
44,-76.7081,33.9669
44,-76.3842,34.2288
44,-75.9145,34.5253
44,-75.3250,34.8370
44,-74.7117,35.1328
44,-73.9659,35.4452
44,-73.0382,35.7843
44,-72.0067,36.1534
44,-71.0200,36.5409
44,-69.9475,36.9616
44,-68.7499,37.4290
44,-67.3883,37.8698
44,-65.9254,38.2003
44,-64.2292,38.4780
44,-62.2112,38.6952
44,-60.0700,38.9862
44,-58.0776,39.4367
44,-56.0108,40.0944
44,-53.7117,40.9430
44,-51.2516,41.9026
44,-48.7707,42.8356
44,-46.0924,43.7108
44,-43.0763,44.4002
45,-90.1968,26.5055
45,-90.7294,27.3089
45,-91.2945,28.0938
45,-91.6819,28.6612
45,-91.9921,29.3820
45,-92.2334,30.2396
45,-92.2898,30.8703
45,-92.2121,31.6333
45,-91.9874,32.4586
46,-89.5133,27.4613
46,-89.6705,28.1808
46,-89.6393,28.8359
46,-89.5519,29.5806
46,-89.1653,30.1104
46,-88.6284,30.7719
46,-88.0913,31.6849
46,-87.5895,32.5416
46,-87.0173,33.4594
47,-87.1039,27.6961
47,-86.6382,28.6305
47,-86.1811,29.5163
47,-85.6713,30.5369
47,-85.1583,31.6365
47,-84.7547,32.7848
47,-84.4355,33.9567
48,-92.8495,26.4719
48,-92.5687,26.5063
48,-92.2733,26.6962
48,-91.9853,27.0400
48,-91.6971,27.4206
48,-91.8578,27.8736
48,-92.3209,28.2450
48,-92.5859,28.2821
48,-92.7447,28.1693
48,-92.7440,28.0815
48,-92.6685,27.9937
48,-92.6455,27.9558
48,-92.5923,27.9181
48,-92.4842,27.8302
48,-92.3161,27.7424
48,-92.1307,27.6968
48,-91.8399,27.6668
48,-91.4036,27.5839
48,-90.8637,27.5912
48,-90.3051,27.7631
48,-89.6875,28.1155
48,-88.9625,28.5958
48,-88.3113,29.2399
48,-87.8903,29.9991
48,-87.6351,30.8642
48,-87.4515,31.7613
48,-87.3589,32.6886
48,-87.2616,33.6082
48,-87.2827,34.5130
49,-85.1572,25.1368
49,-85.6125,25.1676
49,-86.1020,25.2394
49,-86.6170,25.2906
49,-87.1468,25.3420
49,-87.6694,25.3857
49,-88.1916,25.4446
49,-88.7142,25.5307
49,-89.2364,25.6471
49,-89.7590,25.7833
49,-90.2812,25.9497
49,-90.8113,26.1360
49,-91.3260,26.3523
49,-91.8135,26.5960
49,-92.2708,26.8549
49,-92.7289,27.0720
49,-93.1156,27.3575
49,-93.4577,27.7528
49,-93.8604,28.1601
49,-94.0392,28.5620
49,-94.1051,28.9627
49,-94.2072,29.3714
49,-94.2499,29.7652
49,-94.2465,30.1237
49,-94.0947,30.4678
49,-93.7197,30.8119
49,-93.2395,31.1704
50,-89.0048,27.9281
50,-89.0073,28.6234
50,-89.3043,29.1822
50,-89.7316,29.7933
50,-90.2039,30.4363
50,-90.5687,31.1431
50,-90.9034,31.7904
50,-91.2387,32.2772
50,-91.6030,32.6446
50,-92.0232,32.9439
50,-92.5025,33.1987
50,-93.0366,33.4689
50,-93.6020,33.7528
50,-94.1018,34.0298
50,-94.5816,34.2995
51,-79.0842,22.9106
51,-78.4529,22.9848
51,-77.6487,23.1581
51,-76.7902,23.4331
51,-76.0507,23.7765
51,-75.3275,24.1814
51,-74.5452,24.5754
51,-73.7647,25.0297
51,-73.0229,25.5769
51,-72.3020,26.1780
51,-71.5456,26.6771
51,-70.7966,27.1674
51,-70.0510,27.6496
51,-69.3116,28.1234
51,-68.5777,28.5888
51,-67.8401,29.0477
51,-67.1075,29.4986
51,-66.3666,29.9440
51,-65.6274,30.3817
51,-64.8748,30.8154
51,-64.1253,31.2425
51,-63.3520,31.6652
51,-62.5798,32.0809
51,-61.8092,32.4893
51,-61.0081,32.8934
51,-60.2079,33.2894
51,-59.3621,33.6838
51,-58.5156,34.0692
51,-57.6692,34.4456
51,-56.7722,34.8183
51,-55.8733,35.1795
51,-54.9159,35.5370
51,-53.9562,35.8810
51,-52.9949,36.2105
51,-51.9630,36.5350
51,-50.9279,36.8446
51,-49.8897,37.1390
51,-48.7681,37.4274
51,-47.6408,37.6998
51,-46.5096,37.9565
51,-45.3756,38.1966
51,-44.1460,38.4317
51,-42.9113,38.6501
51,-41.6853,38.8400
51,-40.4564,39.0112
51,-39.2286,39.1629
51,-37.9026,39.3080
51,-36.5941,39.4216
51,-35.2884,39.5138
51,-33.9859,39.5861
51,-32.7016,39.6323
51,-31.4200,39.6591
51,-30.1425,39.6680
51,-28.8678,39.6613
51,-27.6107,39.6289
51,-26.3625,39.5818
51,-25.1246,39.5200
51,-23.9104,39.4346
51,-22.7076,39.3342
51,-21.5185,39.2213
51,-20.3424,39.0980
51,-19.2623,38.9561
51,-18.1944,38.8097
51,-17.1382,38.6631
51,-16.0944,38.5182
51,-15.0747,38.3910
51,-14.0680,38.2746
51,-13.0718,38.1696
51,-12.0846,38.0817
51,-11.1338,38.0180
51,-10.1823,37.9496
51,-9.2284,37.9085
51,-8.2658,37.8940
51,-7.2882,37.9057
52,-79.0298,18.9280
52,-79.3256,19.1044
52,-79.6512,19.3108
52,-79.9618,19.6040
52,-80.2726,19.8936
52,-80.5983,20.1211
52,-80.9939,20.3763
52,-81.2791,20.6600
52,-81.5153,20.9591
52,-81.7836,21.2429
52,-82.0367,21.5418
52,-82.2549,21.8756
52,-82.4580,22.2246
52,-82.7096,22.5558
52,-82.8794,22.9073
52,-82.8901,23.2987
52,-83.1008,23.7901
52,-83.2885,24.2420
52,-83.4221,24.7729
52,-83.5324,25.1766
52,-83.6435,25.5556
52,-83.7969,25.9670
52,-83.9649,26.4384
52,-84.1330,27.0147
52,-84.2862,27.6211
52,-84.3974,28.1549
52,-84.5076,28.7039
52,-84.6757,29.3228
52,-84.8290,29.9866
52,-84.9271,30.6855
52,-84.9504,31.3694
52,-84.9060,31.9682
52,-84.7717,32.5522
52,-84.5090,33.1405
53,-71.9972,24.2637
53,-72.5324,24.7630
53,-73.0828,25.2472
53,-73.5839,25.6461
53,-74.0685,26.0306
53,-74.5618,26.4497
53,-75.0541,26.9141
53,-75.5841,27.4409
53,-76.0397,27.9975
53,-76.3063,28.5163
53,-76.5253,29.0809
53,-76.9192,29.7205
53,-77.2110,30.4644
53,-77.1898,31.2964
53,-76.9966,32.2478
53,-76.8869,33.1142
53,-76.4822,34.5313
53,-75.9977,36.0424
53,-75.4678,37.4147
53,-74.5549,39.0094
53,-73.7535,40.8981
53,-72.4670,42.7923
53,-70.9391,44.4816
53,-69.8576,45.9325
53,-68.7247,47.0650
53,-67.1429,47.8549
54,-73.5468,21.6706
54,-74.2064,22.0354
54,-74.8048,22.4755
54,-75.3456,22.9024
54,-75.8628,23.2804
54,-76.4127,23.5351
54,-76.9207,23.8853
54,-77.3497,24.4877
54,-77.8787,25.1902
54,-78.3624,25.7665
54,-78.7367,26.2951
54,-78.9611,26.8974
54,-79.0946,27.4999
54,-79.2239,28.0524
54,-79.3526,28.6048
54,-79.5240,29.2073
54,-79.7106,29.8097
54,-79.9265,30.3771
54,-80.0686,30.9146
54,-80.0279,31.4021
54,-79.9265,31.9195
54,-79.8904,32.5494
54,-79.8845,33.2244
54,-79.9132,33.9143
54,-79.9425,34.5293
54,-79.9506,34.9391
54,-79.9004,35.3341
54,-79.7593,35.8916
54,-79.5584,36.5390
54,-79.3717,37.1531
54,-79.1164,37.9439
54,-78.7354,39.0247
55,-69.2445,22.9203
55,-70.1843,23.4076
55,-71.0933,23.8952
55,-71.9406,24.3972
55,-72.7421,24.8702
55,-73.5322,25.2723
55,-74.2909,25.6451
55,-75.0827,26.0253
55,-75.7397,26.4200
55,-76.1176,26.8419
55,-76.3885,27.2949
55,-76.7701,27.7975
55,-77.1373,28.2699
55,-77.4050,28.6221
55,-77.6861,28.9448
55,-78.1027,29.3324
55,-78.5349,29.7197
55,-78.8895,30.0721
55,-79.1837,30.3947
55,-79.4233,30.7045
55,-79.6325,30.9696
55,-79.8942,31.1346
55,-80.0813,31.3445
55,-80.1008,31.7145
55,-80.0301,32.2194
55,-80.0294,32.7494
55,-79.8789,33.4944
55,-79.5676,34.3654
55,-79.5276,34.7693
55,-79.3505,35.5045
55,-79.0764,36.3442
55,-78.7731,37.0660
55,-78.3252,37.8191
55,-77.7243,38.6827
55,-76.8740,39.5941
55,-75.7437,40.4741
55,-74.4228,41.3690
56,-87.2923,30.1243
56,-87.6191,30.4891
56,-87.9720,30.9015
56,-88.3762,31.2954
56,-88.7518,31.6786
56,-88.9723,32.1093
56,-89.1316,32.5557
57,-86.1837,23.6609
57,-86.6695,24.3288
57,-87.2306,25.1158
57,-87.7061,26.0782
57,-88.0776,27.0706
57,-88.2961,27.9592
57,-88.4245,28.7255
57,-88.5479,29.3529
57,-88.5714,29.7803
57,-88.6008,30.2764
57,-88.5183,30.7352
57,-88.2417,31.0626
57,-87.9652,31.2901
57,-87.6160,31.4981
57,-87.2121,31.6449
58,-89.8168,27.2528
58,-90.0751,28.0526
58,-90.1449,28.7881
58,-90.1586,29.6132
58,-89.8730,30.2234
58,-89.4371,30.9653
58,-89.0012,31.9587
58,-88.6003,32.8957
58,-88.1293,33.8940
59,-86.5592,28.9945
59,-85.9546,29.3978
59,-85.3503,29.8316
59,-84.7891,30.2118
59,-84.1414,30.6688
59,-83.2753,31.3078
59,-82.3325,32.0059
59,-81.4921,32.6534
59,-80.6236,33.2431
59,-79.6099,33.6971
59,-78.6147,34.1803
60,-79.1331,33.3057
60,-79.2402,33.6483
60,-79.1999,34.0593
60,-79.1087,34.4407
60,-78.9667,34.8129
60,-78.8150,35.1897
60,-78.6335,35.5665
60,-78.4613,35.9356
60,-78.2003,36.3202
60,-77.7936,36.7394
60,-77.2672,37.1738
60,-76.7168,37.5923
60,-76.0340,38.0274
60,-75.1693,38.4893
60,-74.2008,38.9810
60,-73.2771,39.4913
60,-72.2676,40.0347
60,-71.1330,40.6248
61,-87.1182,24.6522
61,-87.3097,25.3096
61,-87.5159,25.9521
61,-87.7498,26.5246
61,-88.0135,27.0521
61,-88.3123,27.5746
61,-88.6112,28.0520
61,-88.8377,28.4968
61,-89.1088,28.8519
61,-89.4900,29.1116
61,-90.0065,29.2519
61,-90.6908,29.2748
61,-91.4041,29.2518
61,-91.9758,29.2489
61,-92.5018,29.3518
61,-93.0422,29.6447
61,-93.5994,30.0517
61,-94.1483,30.2517
61,-94.6870,30.4456
61,-95.2158,30.6335
61,-95.7359,30.8157
61,-96.2466,30.9921
61,-96.7500,31.1636
62,-89.9632,27.9020
62,-90.4911,28.1899
62,-90.7699,28.5003
62,-90.8057,28.8502
62,-90.9706,29.1653
62,-91.1204,29.5104
62,-91.2723,29.9405
62,-91.3350,30.3706
62,-91.2374,30.7083
62,-91.0496,31.0309
62,-90.8718,31.4034
62,-90.6643,31.7911
62,-90.4587,32.1859
62,-90.1789,32.5513
62,-89.7881,32.8387
62,-89.2936,33.1115
62,-88.7454,33.4338
62,-88.1082,33.7718
62,-87.4092,34.0863
62,-86.6228,34.4320
62,-85.7668,34.8390
62,-84.8375,35.2922
62,-83.9237,35.7398
62,-82.8521,36.2525
62,-81.4720,36.8983
62,-79.9667,37.5127
62,-78.5551,37.9284
62,-77.1814,38.2729
62,-75.8515,38.6502
62,-74.4960,39.0331
62,-72.9751,39.3313
62,-71.5106,39.7934
63,-82.3611,25.9786
63,-82.0388,26.9253
63,-81.5763,28.1089
63,-81.1905,29.1813
63,-80.7916,30.2393
63,-80.2459,31.4033
63,-79.7068,32.5696
63,-79.0873,33.7349
63,-78.1221,34.8999
63,-77.0695,36.1305
63,-75.9374,37.4303
63,-74.9284,38.7304
63,-73.8526,39.9606
63,-72.5806,41.0302
63,-71.1679,41.9909
63,-69.9755,43.1311
64,-78.9545,26.4421
64,-79.4650,26.5585
64,-79.9183,26.7160
64,-80.2861,26.9228
64,-80.5918,27.1598
64,-80.8072,27.4871
64,-80.9256,27.9540
64,-81.0283,28.4514
64,-81.2241,28.8336
64,-81.4494,29.2157
64,-81.7265,29.6530
64,-81.8705,30.1800
64,-81.7073,30.8846
64,-81.3916,31.5443
64,-81.1387,31.9138
64,-80.8127,32.2086
64,-80.3970,32.5954
64,-79.8338,33.0729
64,-79.1754,33.6284
64,-78.2548,34.3372
64,-76.9165,35.2943
64,-75.4759,36.2016
64,-74.3155,36.7870
64,-73.2970,37.1659
64,-72.3725,37.4934
64,-71.4181,37.6302
64,-70.2838,37.5331
64,-69.0392,37.2945
64,-67.9748,37.3266
64,-66.9087,37.3616
64,-65.8412,37.3991
64,-64.7728,37.4388
64,-63.7037,37.4806
64,-62.6344,37.5242
64,-61.5651,37.5692
64,-60.4957,37.6156
65,-79.0778,26.2355
65,-78.5017,26.4343
65,-77.7528,26.7323
65,-76.9496,27.1320
65,-76.2654,27.6002
65,-75.5974,28.1298
65,-74.8705,28.6485
65,-74.1453,29.2275
65,-73.4587,29.8994
65,-72.7931,30.6252
65,-72.0920,31.2491
65,-71.3854,31.8630
65,-70.6728,32.4671
66,-84.7394,23.7527
66,-84.6031,24.2502
66,-84.6619,24.6430
66,-85.0055,24.7983
66,-85.4843,24.8332
66,-85.9931,24.8785
66,-86.3068,24.9235
66,-86.1282,25.0114
66,-85.8293,25.1137
66,-85.8030,25.2087
66,-85.8518,25.3040
66,-85.8630,25.3991
66,-85.8743,25.4942
66,-85.9005,25.5893
66,-85.8968,25.6845
66,-85.8230,25.7796
66,-85.7193,25.8747
66,-85.6305,25.9773
66,-85.5418,26.0649
66,-85.4605,26.1175
66,-85.3642,26.1552
66,-85.2355,26.1979
66,-85.0867,26.2454
66,-84.9730,26.2906
66,-84.8576,26.3352
66,-84.7405,26.3795
66,-84.6218,26.4233
66,-84.5014,26.4668
66,-84.3793,26.5097
66,-84.2556,26.5523
66,-84.1302,26.5944
66,-84.0032,26.6361
66,-83.8717,26.6775
66,-83.7382,26.7184
66,-83.6028,26.7589
66,-83.4654,26.7989
66,-83.3261,26.8386
66,-83.1848,26.8779
66,-83.0416,26.9167
66,-82.8921,26.9549
66,-82.7403,26.9927
66,-82.5864,27.0301
66,-82.4304,27.0671
66,-82.2722,27.1036
66,-82.1118,27.1398
66,-81.9195,27.1714
66,-81.7238,27.2024
66,-81.5248,27.2329
66,-81.3225,27.2628
66,-81.1168,27.2921
67,-86.6951,29.9586
67,-87.4795,30.0925
67,-88.3225,30.2267
67,-89.0602,30.3530
67,-90.0498,30.6947
67,-91.1596,31.1678
67,-91.8772,31.4627
68,-79.3779,25.1265
68,-78.7562,25.4490
68,-77.9618,25.8707
68,-77.1130,26.3941
68,-76.3832,26.9860
68,-75.6697,27.6392
68,-74.8972,28.2815
68,-74.1264,28.9842
68,-73.3943,29.7798
68,-72.6832,30.6293
68,-71.9365,31.3768
68,-71.1852,32.1120
68,-70.4287,32.8348
68,-69.6607,33.5468
68,-68.8758,34.2491
68,-68.0682,34.9423
68,-67.2496,35.6244
68,-66.3967,36.2988
68,-65.5063,36.9662
68,-64.5991,37.6234
68,-63.6455,38.2742
68,-62.6425,38.9191
68,-61.6164,39.5542
69,-86.7075,22.9609
69,-87.3998,23.1736
69,-88.0453,23.3567
69,-88.6294,23.6392
69,-89.1832,23.9525
69,-89.7523,24.2576
69,-90.3211,24.5483
69,-90.8980,24.7960
69,-91.4590,25.0441
69,-91.9855,25.3416
69,-92.4969,25.6399
69,-93.0158,25.9175
69,-93.5348,26.1356
69,-94.0915,26.2562
69,-94.5726,26.3314
69,-94.8793,26.4139
69,-95.1105,26.5272
69,-95.4018,26.7176
69,-95.6484,26.9230
69,-95.7529,27.0555
69,-95.8863,27.2188
69,-96.2175,27.4943
69,-96.6242,27.8145
69,-97.0006,28.1274
69,-97.3620,28.4103
69,-97.6664,28.6303
69,-97.9999,28.8061
70,-79.0343,33.2492
70,-79.0727,33.6026
70,-79.1150,33.9417
70,-79.2436,34.3080
70,-79.0956,34.5342
70,-78.9689,34.7622
70,-78.8762,35.0267
70,-78.7389,35.3229
70,-78.5568,35.6192
70,-78.3195,35.8729
70,-78.0375,36.1117
71,-64.3979,18.9734
71,-65.0114,19.2530
71,-65.7064,19.5593
71,-66.4643,19.9030
71,-67.1485,20.1851
71,-67.8171,20.4529
71,-68.4937,20.7276
71,-69.1699,21.0029
71,-69.8465,21.2851
71,-70.5228,21.5529
71,-71.1963,21.7783
71,-71.8756,22.0028
71,-72.5986,22.3215
71,-73.2284,22.4528
71,-73.9260,22.5935
71,-74.6813,22.8028
71,-75.3303,22.9424
71,-75.9341,23.0527
71,-76.4973,23.1035
71,-77.0869,23.2027
71,-77.7634,23.4277
71,-78.1398,23.5527
71,-78.6026,23.7107
71,-79.0926,23.9026
71,-79.5415,24.1275
71,-79.9454,24.3526
71,-80.3095,24.5350
71,-80.5983,24.7026
71,-80.8124,24.8400
71,-80.9511,25.0525
71,-81.0665,25.3935
71,-81.1040,25.9025
71,-81.1510,26.4921
71,-81.2568,27.0525
71,-81.2197,27.6719
71,-81.2096,28.3024
71,-81.3924,29.0102
71,-81.6625,29.7524
71,-81.8671,30.4847
71,-82.1153,31.2024
71,-82.4617,31.9073
71,-82.8681,32.5523
71,-83.2656,33.0995
71,-83.7210,33.6023
71,-84.2676,34.1347
71,-84.8738,34.6523
71,-85.5010,35.1272
71,-86.1266,35.6022
71,-86.7404,36.1347
71,-87.2795,36.6522
71,-87.7016,37.1068
71,-88.0323,37.5022
71,-88.3243,37.8420
71,-88.5851,38.1521
71,-88.8559,38.4724
71,-89.1380,38.8021
71,-89.4144,39.1271
71,-89.6606,39.4427
71,-89.8763,39.7490
71,-90.0613,40.0459
71,-90.2155,40.3335
71,-90.3281,40.6097
71,-90.4073,40.8763
71,-90.4530,41.1332
71,-90.4500,41.3798
71,-90.4112,41.6166
71,-90.3366,41.8438
71,-90.2261,42.0614
71,-90.0797,42.2693
71,-89.8755,42.4682
72,-78.9035,32.2243
72,-78.9773,32.4418
72,-78.9039,32.7276
72,-78.7794,32.9838
72,-78.6042,33.2309
72,-78.4193,33.4825
72,-78.2046,33.7342
72,-77.9991,33.9781
72,-77.7050,34.2375
72,-77.2650,34.5315
72,-76.7054,34.8408
72,-76.1218,35.1341
72,-75.4058,35.4441
72,-74.5079,35.7808
72,-73.5062,36.1474
72,-72.5493,36.5325
72,-71.5066,36.9507
72,-70.3387,37.4157
72,-69.0070,37.8540
72,-67.5738,38.1821
72,-65.9073,38.4573
72,-63.9192,38.6721
72,-61.8077,38.9606
72,-59.8452,39.4087
72,-57.8081,40.0639
72,-55.5388,40.9101
72,-53.1085,41.8672
72,-50.6574,42.7977
72,-48.0089,43.6705
72,-45.0226,44.3574
73,-88.0943,26.4011
73,-88.4752,27.2389
73,-88.6676,28.0123
73,-88.8039,28.8754
73,-88.6409,29.5236
73,-88.3276,30.3035
73,-88.0142,31.3348
73,-87.7360,32.3099
74,-73.0298,21.7489
74,-73.8326,21.7674
74,-74.5897,21.8006
74,-75.1848,21.9108
74,-75.7496,22.0524
74,-76.4372,22.1709
74,-77.1096,22.3041
74,-77.6848,22.4573
74,-78.1695,22.6559
74,-78.5813,22.8521
74,-78.9294,23.2076
74,-79.2825,23.6766
74,-79.6894,24.0594
74,-80.1418,24.5239
74,-80.5493,25.0111
74,-80.8247,25.4718
74,-81.0092,25.9629
74,-81.1986,26.5087
74,-81.2692,27.1146
74,-81.1667,27.7679
74,-80.9291,28.4664
74,-80.5250,29.2456
74,-80.2890,29.9181
74,-80.3190,29.9440
74,-79.9970,30.6014
74,-79.1789,31.6958
74,-78.4931,32.7310
74,-77.7388,33.8475
74,-76.8645,35.1337
74,-75.9988,36.2993
75,-84.1504,23.2049
75,-84.0421,23.5515
75,-84.1287,23.7934
75,-84.5003,23.7979
75,-85.0070,23.6820
75,-85.5437,23.5765
75,-85.8853,23.4706
75,-85.7346,23.4076
75,-85.4636,23.3592
75,-85.4652,23.3034
75,-85.5419,23.2477
75,-85.5811,23.1920
75,-85.6202,23.1363
75,-85.6744,23.0806
75,-85.6985,23.0249
75,-85.6527,22.9692
75,-85.5768,22.9135
75,-85.5160,22.8652
75,-85.4552,22.8020
75,-85.4018,22.7038
75,-85.3335,22.5906
75,-85.2326,22.4825
75,-85.1118,22.3792
75,-85.0259,22.2735
75,-84.9423,22.1721
75,-84.8608,22.0751
75,-84.7846,21.9838
75,-84.7117,21.8972
75,-84.6419,21.8155
75,-84.5754,21.7384
75,-84.5120,21.6662
75,-84.4519,21.5987
75,-84.3949,21.5359
75,-84.3410,21.4778
75,-84.2903,21.4245
75,-84.2427,21.3757
75,-84.1983,21.3317
75,-84.1569,21.2923
75,-84.1187,21.2574
75,-84.0791,21.2240
75,-84.0424,21.1950
75,-84.0084,21.1703
75,-83.9771,21.1499
75,-83.9486,21.1338
75,-83.9228,21.1218
75,-83.9237,21.1219
75,-83.9283,21.1265
75,-83.9105,21.1270
75,-83.8952,21.1315
75,-83.8825,21.1401
75,-83.8723,21.1527
75,-83.8647,21.1692
75,-83.8596,21.1896
75,-83.8569,21.2138
75,-83.8566,21.2417
75,-83.8587,21.2735
75,-83.8632,21.3088
75,-83.8700,21.3478
75,-83.8791,21.3904
75,-83.8905,21.4364
75,-83.9041,21.4859
75,-83.9198,21.5388
75,-83.9377,21.5950
75,-83.9577,21.6544
75,-83.9798,21.7170
75,-84.0039,21.7828
75,-84.0299,21.8516
75,-84.0579,21.9233
75,-84.0878,21.9980
75,-84.1196,22.0756
75,-84.1532,22.1559
75,-84.1571,22.2290
75,-84.1624,22.3046
75,-84.1688,22.3827
75,-84.1765,22.4631
75,-84.1853,22.5457
76,-88.6395,29.1368
76,-88.0863,29.3050
76,-87.5333,29.5036
76,-87.0235,29.6486
76,-86.4272,29.8704
76,-85.6124,30.2741
76,-84.7210,30.7371
76,-83.9319,31.1494
76,-83.1149,31.5039
77,-78.6151,31.9844
77,-78.1127,32.4656
77,-77.4313,32.9178
77,-76.5472,33.3504
77,-75.6474,33.7511
77,-74.9304,34.1548
77,-74.3636,34.4845
77,-73.8886,34.6884
77,-73.5797,34.8179
77,-73.3976,34.9568
77,-73.3959,35.0512
77,-73.5742,35.0681
77,-73.8121,35.0846
77,-73.9725,35.2087
77,-74.0282,35.3180
77,-73.9012,35.2622
77,-73.7444,35.2513
77,-73.7149,35.4955
77,-73.7606,35.7847
77,-73.8836,35.9389
77,-73.9767,36.0180
77,-73.9148,36.0572
77,-73.7929,36.0514
77,-73.6859,36.0181
77,-73.6090,35.9848
77,-73.5946,36.0089
77,-73.6252,36.0181
77,-73.6833,35.9723
77,-73.7414,35.8515
77,-73.7569,35.6407
77,-73.7575,35.3849
77,-73.7883,35.1365
77,-73.7737,34.9182
77,-73.6466,34.7549
77,-73.4899,34.6516
77,-73.3680,34.5808
77,-73.3060,34.5850
77,-73.3192,34.6716
77,-73.4222,34.8183
77,-73.5857,34.9474
77,-73.8384,35.1517
77,-74.1811,35.4885
77,-74.5545,35.8851
77,-74.8392,36.2514
77,-75.1707,36.6184
77,-75.6288,36.9851
77,-75.8868,37.2518
77,-76.2508,37.5513
77,-76.7030,37.8851
77,-77.2327,38.2822
78,-85.5621,26.5923
78,-85.2482,27.4123
78,-84.9429,28.1836
78,-84.5849,29.0896
78,-84.2237,30.0748
78,-83.9718,31.1086
78,-83.8044,32.1660
78,-83.7564,33.1425
78,-83.4852,34.2573
78,-82.5397,35.7713
79,-72.8308,22.3396
79,-73.3055,22.4547
79,-73.6561,22.6321
79,-73.9786,22.7991
79,-74.2814,23.0245
79,-74.5737,23.2322
79,-74.8067,23.2170
79,-74.9733,23.2179
79,-75.3320,23.5094
79,-75.5709,23.7317
79,-75.7573,23.9019
79,-76.0725,24.0280
79,-76.3826,24.0943
79,-76.5255,24.1403
79,-76.6079,24.1868
79,-76.7160,24.2850
79,-76.8332,24.3792
79,-76.9399,24.4071
79,-77.2585,24.5717
79,-77.5259,24.5247
79,-77.6838,24.3641
79,-77.7019,24.3397
79,-77.8091,24.3566
79,-78.3339,24.4097
79,-78.4344,24.3490
79,-78.5034,24.3076
79,-78.7597,24.3415
79,-79.1644,24.4306
79,-79.5850,24.5339
79,-79.7982,24.5721
79,-80.0103,24.6264
79,-80.4375,24.7506
79,-80.8356,24.9188
79,-81.0012,25.0847
79,-81.0609,25.3112
79,-81.1089,25.6348
79,-81.1862,26.0037
79,-81.3908,26.3801
79,-81.6115,26.6961
79,-81.7545,26.8723
79,-81.8368,26.9886
79,-81.8869,27.1348
79,-81.8621,27.2810
79,-81.7695,27.3972
79,-81.5874,27.5735
79,-81.3227,27.8898
79,-81.0127,28.2659
79,-80.7756,28.5443
79,-80.4380,28.9584
79,-79.8544,29.6950
79,-79.1633,30.5508
79,-78.5039,31.3645
79,-77.8886,32.0433
79,-77.4118,32.3811
79,-76.9139,32.7357
79,-76.2851,33.4257
79,-75.4392,34.3282
79,-74.2597,35.3983
79,-72.9644,36.4206
79,-71.8792,37.1619
79,-70.7897,37.7131
79,-69.5588,38.1529
79,-68.2151,38.5055
79,-66.7880,38.8949
79,-65.2403,39.1980
79,-63.5704,39.3160
79,-61.8657,39.3904
80,-89.2838,25.2175
80,-89.5832,24.7948
80,-89.5827,24.3720
80,-89.5958,24.0357
80,-89.5817,23.7266
80,-89.5111,23.3088
80,-89.3806,22.9811
80,-89.1877,22.9059
80,-88.9796,22.9356
80,-88.7991,22.8904
80,-88.6786,22.8902
80,-88.6555,22.9799
80,-88.6775,23.1447
80,-88.6844,23.3795
80,-88.6765,23.5992
80,-88.6485,23.6615
80,-88.5754,23.7537
80,-88.4326,24.0210
80,-88.2744,24.4083
80,-88.1293,24.8630
80,-88.0733,25.3628
80,-88.2071,25.8627
80,-88.3723,26.3173
80,-88.4170,26.6445
80,-88.3713,26.9719
80,-88.2361,27.3966
80,-88.0702,27.9264
80,-87.9916,28.6261
80,-87.8692,29.2809
80,-87.5763,29.5633
80,-87.2681,29.9354
80,-87.1463,30.9200
80,-86.9671,31.8900
80,-86.6415,32.1803
80,-85.9661,32.4445
80,-84.8151,33.0739
81,-84.7366,28.1791
81,-84.2019,29.0376
81,-83.7604,29.5068
81,-82.8944,30.1088
81,-82.0762,30.5976
81,-81.1869,31.0800
81,-80.1625,31.6430
81,-79.0794,32.2513
81,-78.0034,32.9091
81,-76.9719,33.5225
81,-76.0227,34.0399
81,-75.1644,34.3937
81,-74.3935,34.5234
81,-73.6569,34.5650
81,-72.8455,34.6855
81,-72.0493,34.8362
81,-71.3233,35.0288
81,-70.6419,35.2074
81,-69.9727,35.3152
81,-69.3343,35.3787
81,-68.6853,35.4144
81,-68.1268,35.4499
81,-67.7055,35.4977
81,-67.4193,35.6211
81,-67.1985,35.8616
81,-67.1118,36.1924
81,-67.1331,36.5778
81,-67.3043,36.9636
81,-67.5978,37.2867
81,-67.9968,37.5348
81,-68.4358,37.7080
81,-68.8893,37.8061
81,-69.3157,37.8716
81,-69.6818,37.8773
81,-69.9583,37.8202
81,-70.1743,37.7485
81,-70.4003,37.7492
81,-70.5668,37.7198
81,-70.6582,37.5703
81,-70.6593,37.3910
81,-70.5779,37.2316
81,-70.4518,37.1622
81,-70.3556,37.2678
81,-70.2443,37.4335
81,-70.1056,37.5341
81,-69.9368,37.6047
81,-69.7553,37.6327
81,-69.5293,37.6759
81,-69.2477,37.7665
81,-68.9218,37.9472
81,-68.5826,38.2227
81,-68.2143,38.6184
81,-67.8195,39.1242
81,-67.4068,39.6896
81,-67.0280,40.1252
81,-66.6245,40.5557
81,-66.1958,40.9809
81,-65.7413,41.4008
82,-80.8789,31.4673
82,-81.1936,32.1953
82,-81.2839,33.1289
82,-81.2230,34.1512
82,-81.1673,35.0940
82,-81.0525,36.0071
82,-80.8837,36.8927
82,-80.6819,37.7630
83,-84.0958,22.6965
83,-84.6288,23.1730
83,-85.0646,23.5943
83,-85.4548,24.0552
83,-85.9454,24.6312
83,-86.4807,25.2374
83,-87.0514,25.7935
83,-87.6067,26.3196
83,-88.0632,26.8176
83,-88.5326,27.3019
83,-89.1233,27.8004
83,-89.7586,28.2841
83,-90.4227,28.7424
83,-90.9846,29.1663
83,-91.3475,29.5574
83,-92.0105,30.1485
83,-92.4823,30.6335
83,-92.8365,31.0307
83,-93.2372,31.3869
83,-93.5624,31.7129
83,-93.7558,32.0613
83,-93.8884,32.3952
83,-94.0812,32.7013
84,-88.2413,25.1377
84,-88.7693,25.1038
84,-89.3719,25.0542
84,-89.8447,25.0472
84,-90.3026,25.0707
84,-90.8329,25.1066
84,-91.3332,25.1873
84,-91.6618,25.2774
84,-92.0638,25.5038
84,-92.7757,25.9750
84,-93.5945,26.5203
84,-94.3171,26.9957
84,-95.0251,27.3368
84,-95.7561,27.4550
84,-96.4557,27.4533
84,-97.1462,27.4542
84,-97.6863,27.4699
84,-97.9766,27.5553
84,-98.1170,27.6864
84,-98.2772,27.8371
85,-82.9249,21.0430
85,-83.4976,21.5129
85,-83.9729,21.9276
85,-84.4027,22.3819
85,-84.9329,22.9512
85,-85.5079,23.5508
85,-86.1182,24.1003
85,-86.7131,24.6198
85,-87.2092,25.1112
85,-87.7183,25.5888
85,-88.3485,26.0808
85,-89.0235,26.5578
85,-89.7272,27.0095
85,-90.3287,27.4267
85,-90.7312,27.8112
85,-91.4338,28.3957
85,-91.9453,28.8740
85,-92.3390,29.2647
85,-92.7793,29.6142
85,-93.1442,29.9337
85,-93.3772,30.2754
85,-93.5494,30.6027
85,-93.7818,30.9022
85,-93.9546,31.1716
85,-93.9577,31.4135
85,-93.9598,31.6406
85,-94.1544,31.9052
85,-94.3649,32.1096
85,-94.4477,32.1665
85,-94.4701,32.1786
85,-94.5026,32.2480
86,-80.1923,20.9720
86,-80.0644,21.2004
86,-79.8918,21.4439
86,-79.7012,21.7071
86,-79.3914,22.0159
86,-78.8936,22.3795
86,-78.2909,22.7878
86,-77.7129,23.2160
86,-77.0905,23.6598
86,-76.4569,24.0948
86,-75.6901,24.5318
86,-74.7287,24.9521
86,-73.5896,25.4037
86,-72.3564,25.9311
86,-70.9892,26.4757
86,-69.5104,26.9687
86,-67.9888,27.4476
86,-66.5210,27.9335
86,-65.0883,28.4196
86,-63.6131,28.9056
86,-62.1495,29.3808
86,-60.6928,29.8457
86,-59.2482,30.2993
86,-57.8053,30.7439
86,-56.3755,31.1777
86,-54.9431,31.6044
86,-53.5247,32.0218
86,-52.1181,32.4295
86,-50.7098,32.8331
86,-49.3146,33.2272
86,-47.9078,33.6178
86,-46.5208,33.9959
86,-45.1482,34.3627
86,-43.7578,34.7270
86,-42.3921,35.0785
86,-41.0420,35.4178
86,-39.6761,35.7496
86,-38.3256,36.0687
86,-36.9906,36.3759
86,-35.6319,36.6783
86,-34.2882,36.9665
86,-32.9609,37.2371
86,-31.6071,37.4913
86,-30.2698,37.7266
86,-28.9494,37.9401
86,-27.6534,38.1144
86,-26.3715,38.2615
86,-25.0422,38.3889
86,-23.7406,38.4759
86,-22.4548,38.5387
86,-21.1841,38.5786
86,-19.9283,38.5975
86,-18.6978,38.5931
86,-17.4833,38.5706
86,-16.2816,38.5304
86,-15.0913,38.4730
86,-13.9147,38.3922
86,-12.7508,38.2932
86,-11.6005,38.1801
86,-10.4632,38.0559
86,-9.3507,37.9266
86,-8.2387,37.7943
86,-7.1247,37.6603
86,-5.9957,37.5340
87,-79.5143,20.5581
87,-80.0137,21.2617
87,-80.4298,21.9393
87,-80.4375,22.1799
87,-80.7068,22.5918
87,-81.1530,23.0610
87,-81.5216,23.5355
87,-81.8685,24.0422
87,-82.2339,24.6177
87,-82.5840,25.2233
87,-82.8996,25.8137
87,-83.1995,26.4045
87,-83.5077,26.9800
87,-83.8150,27.5856
87,-84.1453,28.2463
87,-84.4305,28.9668
87,-84.6040,29.7347
87,-84.7460,30.5480
87,-84.9233,31.3072
87,-85.1615,32.2291
87,-85.4696,33.2964
88,-84.6983,26.0701
88,-84.3637,26.5924
88,-84.0291,27.1146
88,-83.7293,27.5944
88,-83.4600,28.0592
88,-83.2185,28.5416
88,-82.9909,29.0037
88,-82.7563,29.4260
88,-82.5218,29.9483
88,-82.1746,30.5433
88,-81.7526,31.1928
89,-86.1750,27.7563
89,-86.3892,28.0339
89,-86.5130,28.3116
89,-86.6193,28.6242
89,-86.6510,28.9669
89,-86.6373,29.3228
89,-86.4890,29.7222
89,-86.1811,30.2036
89,-85.7270,30.5776
89,-85.1214,31.1111
89,-84.3650,31.7329
89,-83.5343,32.1673
89,-82.6030,32.5882
89,-81.6458,33.1138
89,-80.5410,33.6435
89,-79.1938,34.1843
89,-77.7789,34.4988
89,-76.4309,34.3816
89,-75.3169,34.0541
89,-74.5969,33.7942
89,-74.0549,33.5094
89,-73.4526,33.1965
89,-72.7929,32.8647
89,-72.1619,32.5674
89,-71.5083,32.2787
89,-70.8334,31.9984
89,-70.1476,31.7247
89,-69.4439,31.4589
89,-68.7253,31.2000
89,-67.9928,30.9475
89,-67.2684,30.6969
89,-66.5314,30.4530
89,-65.7869,30.2130
89,-65.0359,29.9769
89,-64.3103,29.7395
90,-76.4562,33.9689
90,-76.3525,34.2681
90,-76.2526,34.5531
90,-76.2390,34.8653
90,-75.9489,35.0373
90,-75.6801,35.2112
90,-75.4453,35.4215
90,-75.1659,35.6635
90,-74.8417,35.9057
90,-74.4621,36.1053
90,-74.0380,36.2899
90,-73.5934,36.4745
90,-73.1344,36.6741
90,-72.7045,36.9008
90,-72.2307,37.1583
90,-71.7022,37.4121
90,-71.0271,37.7425
90,-70.1286,38.2125
90,-69.1235,38.7267
90,-68.1700,39.1681
90,-67.2198,39.6109
90,-66.3531,40.0623
90,-65.3162,40.5951
90,-63.8775,41.2650
90,-62.2126,41.9793
90,-60.6159,42.6158
90,-58.8089,43.2635
90,-56.5321,44.0424
90,-54.2053,44.6477
91,-91.4647,28.1003
91,-91.4835,28.7953
91,-91.3826,29.3739
91,-91.1942,29.8025
91,-91.0218,30.3136
91,-90.8049,30.8098
91,-90.5548,31.2782
91,-90.2157,31.7171
91,-89.7660,32.1431
91,-89.2264,32.5243
91,-88.6614,32.8576
91,-88.0372,33.1316
91,-87.3646,33.3574
91,-86.6479,33.5388
91,-85.9103,33.6996
92,-87.2148,28.2234
92,-86.9925,28.7511
92,-86.6512,29.2342
92,-86.1956,29.8501
92,-85.6876,30.4451
92,-85.1558,31.0005
92,-84.7240,31.6560
92,-84.2327,32.2850
92,-83.6605,32.8668
92,-83.0154,33.3870
92,-82.2969,33.8777
93,-76.9174,25.7449
93,-77.7853,25.7484
93,-78.7532,25.7519
93,-79.7088,25.7426
93,-80.6889,25.7588
93,-81.7368,25.8622
93,-81.8247,25.8657
93,-82.7926,25.9692
93,-83.8059,26.0593
93,-84.8283,26.1761
93,-85.8611,26.3643
93,-86.8641,26.5831
93,-87.8126,26.7710
93,-88.6999,26.9900
93,-89.5404,27.2780
93,-90.3356,27.5970
93,-91.1487,27.8930
93,-91.8714,28.2039
93,-92.4347,28.5494
93,-92.9072,28.9109
93,-93.4168,29.2360
93,-93.8429,29.6178
93,-94.1481,30.0969
93,-94.3787,30.5248
93,-94.4672,30.9476
94,-89.8033,27.7199
94,-90.1655,27.8045
94,-90.4522,27.8891
94,-90.6904,27.9665
94,-90.9010,28.0582
94,-91.1181,28.1778
94,-91.3499,28.3274
94,-91.6169,28.4895
94,-91.8987,28.6965
94,-92.1658,28.9586
94,-92.4476,29.2657
94,-92.7647,29.5778
94,-93.0964,29.9349
94,-93.4138,30.3394
94,-93.7453,30.8040
94,-94.1197,31.3162
94,-94.4941,31.8732
94,-94.8558,32.4578
95,-86.3909,28.8250
95,-86.8932,29.0852
95,-87.4216,29.3930
95,-88.0012,29.6824
95,-88.5523,29.9610
95,-88.9482,30.2872
95,-89.2829,30.6290
95,-89.6560,30.9630
95,-90.0136,31.2970
95,-90.3737,31.6461
95,-90.6443,31.9650
95,-90.7551,32.2214
95,-90.7750,32.4330
95,-90.8126,32.6020
95,-90.8057,32.8010
95,-90.7874,33.0897
95,-90.6364,33.4690
95,-90.3287,33.9520
96,-86.0207,25.8300
96,-85.6679,26.1735
96,-85.3151,26.5169
96,-84.9970,26.8178
96,-84.7094,27.1039
96,-84.4495,27.4075
96,-84.2037,27.6908
96,-83.9508,27.9343
96,-83.6980,28.2778
96,-83.3326,28.6940
96,-82.8923,29.1647
96,-82.4835,29.6577
96,-81.9866,30.1517
96,-81.3132,30.5804
96,-80.5810,31.0386
96,-79.8900,31.5721
96,-79.2753,32.2256
96,-78.8932,33.0669
96,-78.3696,33.9125
96,-77.3072,34.5451
96,-76.0639,35.0995
96,-74.9935,35.6917
96,-73.9582,36.2864
96,-72.9434,36.9529
96,-71.8525,37.4734
96,-70.5681,37.6420
96,-69.2469,37.6603
96,-68.0206,37.7524
96,-66.8412,37.8473
96,-65.6651,37.9399
96,-64.5355,38.0342
96,-63.4667,38.1292
96,-62.4298,38.2212
96,-61.3270,38.3146
96,-60.2210,38.4092
96,-59.1119,38.5046
96,-58.0007,38.6002
96,-56.8878,38.6954
96,-55.7736,38.7894
96,-54.6590,38.8819
96,-53.5445,38.9723
96,-52.4309,39.0601
96,-51.3186,39.1454
96,-50.1740,39.2313
96,-49.0289,39.3146
96,-47.8866,39.3933
96,-46.7443,39.4693
97,-85.5534,25.7892
97,-85.3030,26.2891
97,-85.0524,26.7890
97,-84.8366,27.2463
97,-84.6513,27.6887
97,-84.4938,28.1488
97,-84.3503,28.5885
97,-84.1997,28.9884
97,-84.0492,29.4883
97,-83.7861,30.0609
97,-83.4482,30.6880
97,-83.1416,31.3374
97,-82.7471,31.9878
97,-82.1760,32.5730
97,-81.5461,33.1875
97,-80.9575,33.8774
97,-80.4450,34.6873
98,-79.0709,20.1621
98,-79.7580,20.6756
98,-80.3618,21.1632
98,-80.5572,21.2138
98,-81.0142,21.4358
98,-81.6481,21.7149
98,-82.2043,21.9994
98,-82.7390,22.3160
98,-83.2920,22.7015
98,-83.8299,23.1171
98,-84.3332,23.5175
98,-84.8208,23.9182
98,-85.3167,24.3037
98,-85.8117,24.7194
98,-86.3296,25.1900
98,-86.8026,25.7205
98,-87.1637,26.2983
98,-87.4934,26.9216
98,-87.8584,27.4908
98,-88.2843,28.2227
98,-88.7800,29.1000
98,-89.2752,29.7238
98,-89.8069,30.2418
98,-90.2661,30.7249
98,-90.5499,31.3027
98,-90.7570,31.9260
98,-91.0172,32.5916
98,-91.2479,33.2271
98,-91.4309,33.7801
98,-91.5387,34.2282
98,-91.5643,34.5663
98,-91.5296,34.8294
99,-88.2854,29.3300
99,-88.2593,29.5511
99,-88.1734,29.8933
99,-88.0090,30.3345
99,-87.8014,30.7777
99,-87.5803,31.1773
99,-87.3295,31.5621
99,-87.0732,31.9541
99,-86.7576,32.3465
99,-86.3810,32.7308
99,-85.8856,33.1309
99,-85.2448,33.5731
100,-88.6308,29.3678
100,-89.0847,29.7713
100,-89.2895,30.1972
100,-89.2514,30.6625
100,-89.3422,31.0931
100,-89.4180,31.5537
100,-89.4959,32.0993
100,-89.4846,32.6449
100,-89.3131,33.0980
100,-89.0513,33.5361
100,-88.7994,34.0242
100,-88.5179,34.5273
100,-88.2383,35.0376
100,-87.8845,35.5185
100,-87.4197,35.9214
100,-86.8512,36.3097
100,-86.2290,36.7475
100,-85.5178,37.2010
101,-84.3177,25.8966
101,-84.1293,26.4594
101,-83.9407,27.0222
101,-83.7869,27.5424
101,-83.6637,28.0478
101,-83.5682,28.5707
101,-83.4867,29.0733
101,-83.3981,29.5361
101,-83.3096,30.0989
101,-83.1085,30.7345
101,-82.8326,31.4245
101,-82.5881,32.1368
101,-82.2556,32.8501
101,-81.7464,33.4981
101,-81.1785,34.1756
101,-80.6519,34.9285
101,-80.2015,35.8012
102,-87.8048,26.8715
102,-88.1427,27.2704
102,-88.4054,27.7296
102,-88.6527,28.1788
102,-88.8060,28.6877
102,-88.8225,29.2739
102,-88.8067,29.9458
102,-88.8089,30.6921
102,-88.8073,31.5039
102,-88.6077,32.2490
102,-88.3080,32.9619
102,-88.0652,33.6909
102,-87.8086,34.4200
102,-87.5454,35.1563
102,-87.2093,35.8781
102,-86.7899,36.5490
102,-86.2099,37.2363
102,-85.4639,38.0069
102,-84.5106,38.7943
102,-83.3687,39.5415
102,-82.1112,40.2524
102,-81.0865,41.0065
102,-80.0558,41.7428
102,-79.0142,42.4614
102,-77.9582,43.1624
102,-76.8854,43.8461
103,-77.5724,33.0643
103,-77.7017,33.4235
103,-77.6836,33.8510
103,-77.6145,34.2489
103,-77.4948,34.6377
103,-77.3652,35.0310
103,-77.2059,35.4244
103,-77.0558,35.8099
103,-76.8171,36.2111
103,-76.4325,36.6468
103,-75.9282,37.0977
103,-75.4000,37.5328
103,-74.7394,37.9844
103,-73.8969,38.4628
103,-72.9506,38.9711
103,-72.0490,39.4979
103,-71.0617,40.0578
103,-69.9493,40.6645
103,-68.6729,41.2445
103,-67.2951,41.7142
104,-79.8337,26.0788
104,-79.1406,26.3052
104,-78.2746,26.6308
104,-77.3542,27.0581
104,-76.5530,27.5539
104,-75.7679,28.1110
104,-74.9239,28.6573
104,-74.0816,29.2639
104,-73.2780,29.9634
104,-72.4953,30.7168
104,-71.6771,31.3683
104,-70.8556,32.0093
104,-70.0315,32.6400
104,-69.1979,33.2619
104,-68.3475,33.8758
104,-67.4903,34.4803
104,-66.6097,35.0778
104,-65.7202,35.6663
104,-64.7992,36.2491
104,-63.8402,36.8266
104,-62.8677,37.3951
104,-61.8490,37.9592
104,-60.8142,38.5140
104,-59.7260,39.0647
104,-58.6183,39.6055
104,-57.4491,40.1430
104,-56.2135,40.6766
104,-54.9504,41.1998
105,-83.1255,21.6225
105,-83.6646,22.0837
105,-84.1064,22.4898
105,-84.5027,22.9354
105,-84.9993,23.4962
105,-85.5408,24.0872
105,-86.1175,24.6280
105,-86.6789,25.1389
105,-87.1414,25.6217
105,-87.6170,26.0906
105,-88.2137,26.5740
105,-88.8551,27.0424
105,-89.5253,27.4855
105,-90.0932,27.8941
105,-90.4622,28.2700
105,-91.1313,28.8459
105,-91.6092,29.3156
105,-91.9694,29.6976
105,-92.3762,30.0385
106,-84.0145,23.3042
106,-83.8057,23.7434
106,-83.7918,24.0779
106,-84.0628,24.1749
106,-84.4690,24.1516
106,-84.9051,24.1386
106,-85.1462,24.1253
106,-84.8949,24.1550
106,-84.5234,24.1991
106,-84.4245,24.2358
106,-84.4007,24.2728
106,-84.3393,24.3096
106,-84.2779,24.3465
106,-84.2315,24.3833
106,-84.1551,24.4202
106,-84.0087,24.4571
106,-83.8323,24.4939
106,-83.6710,24.5382
106,-83.5096,24.5676
106,-83.3557,24.5619
106,-83.1868,24.5413
106,-82.9854,24.5258
106,-82.7640,24.5150
106,-82.5776,24.5019
106,-82.3926,24.4902
106,-82.2088,24.4798
106,-82.0264,24.4709
106,-81.8441,24.4627
106,-81.6628,24.4558
106,-81.4825,24.4501
106,-81.3032,24.4457
106,-81.1250,24.4425
106,-80.9455,24.4398
106,-80.7668,24.4382
106,-80.5889,24.4378
106,-80.4117,24.4385
106,-80.2353,24.4403
106,-80.0596,24.4433
106,-79.8821,24.4480
106,-79.7051,24.4538
106,-79.5286,24.4608
106,-79.3527,24.4689
106,-79.1774,24.4782
106,-79.0026,24.4886
106,-78.8259,24.5007
106,-78.6495,24.5140
106,-78.4736,24.5285
106,-78.2980,24.5440
106,-78.1229,24.5606
106,-77.9467,24.5768
106,-77.7708,24.5939
106,-77.5952,24.6121
106,-77.4200,24.6313
106,-77.2450,24.6514
106,-77.0704,24.6725
106,-76.8948,24.6926
106,-76.7193,24.7136
106,-76.5442,24.7354
106,-76.3693,24.7581
106,-76.1947,24.7817
106,-76.0203,24.8061
106,-75.8449,24.8305
106,-75.6698,24.8556
106,-75.4949,24.8816
106,-75.3202,24.9083
106,-75.1456,24.9357
106,-74.9713,24.9639
106,-74.7945,24.9955
106,-74.6178,25.0279
106,-74.4413,25.0610
106,-74.2649,25.0947
106,-74.0885,25.1292
106,-73.8679,25.1643
106,-73.6467,25.2001
106,-73.4249,25.2366
106,-73.2027,25.2736
106,-72.9801,25.3112
106,-72.7549,25.3550
106,-72.5293,25.3994
106,-72.3031,25.4443
106,-72.0766,25.4898
106,-71.8474,25.5422
106,-71.6177,25.5950
106,-71.3876,25.6485
106,-71.1570,25.7024
106,-70.9260,25.7568
106,-70.6945,25.8173
106,-70.4626,25.8783
106,-70.2303,25.9396
106,-69.9975,26.0014
106,-69.7650,26.0673
106,-69.5321,26.1336
106,-69.2482,26.2005
106,-68.9637,26.2677
106,-68.6775,26.3365
106,-68.3907,26.4055
106,-68.1035,26.4747
106,-67.8157,26.5413
106,-67.5276,26.6079
106,-67.2392,26.6747
106,-66.9505,26.7415
106,-66.6614,26.8050
106,-66.3721,26.8685
107,-81.1648,25.5399
107,-80.8726,26.4088
107,-80.4402,27.5148
107,-80.0845,28.5094
107,-79.7157,29.4896
107,-79.2001,30.5760
107,-78.6912,31.6645
107,-78.1018,32.7521
107,-77.1667,33.8393
107,-76.1442,34.9921
107,-75.0422,36.2142
107,-74.0633,37.4366
107,-73.0176,38.5890
107,-71.7758,39.5809
107,-70.3931,40.4639
107,-69.2309,41.5263
107,-68.0597,42.5697
107,-66.8741,43.5953
108,-81.9055,24.7514
108,-81.6181,25.6509
108,-81.1905,26.7874
108,-80.8395,27.8127
108,-80.4755,28.8235
108,-79.9646,29.9404
108,-79.4605,31.0595
108,-78.8758,32.1777
108,-77.9454,33.2955
108,-76.9277,34.4789
108,-75.8304,35.7315
108,-74.8564,36.9845
108,-73.8154,38.1675
108,-72.5783,39.1900
108,-71.2004,40.1035
108,-70.0429,41.1966
108,-68.8765,42.2700
108,-67.6967,43.3240
109,-89.0251,22.1873
109,-89.9014,22.1148
109,-90.2960,22.0394
109,-90.8657,21.9318
109,-91.4668,21.7915
109,-92.0173,21.6250
109,-92.5377,21.4437
109,-93.0382,21.2547
109,-93.5085,21.0958
109,-93.9514,21.0068
109,-94.3794,20.9480
109,-94.8374,20.8591
109,-95.2502,20.8001
109,-95.5732,20.7961
109,-95.8211,20.8522
109,-96.0141,20.9633
109,-96.1920,21.1044
109,-96.4050,21.2229
109,-96.6628,21.3565
109,-96.9981,21.5327
109,-97.3337,21.7087
109,-97.6066,21.8422
109,-97.8045,21.9608
109,-97.9125,22.0869
109,-97.9754,22.2129
109,-98.0683,22.3615
109,-98.1462,22.4651
109,-98.2192,22.4711
109,-98.2171,22.4172
109,-98.0752,22.3884
109,-97.8879,22.2694
109,-97.7733,21.9754
109,-97.6588,21.6215
110,-85.3310,29.5581
110,-85.7532,29.8920
110,-86.2015,30.2734
110,-86.7011,30.6363
110,-87.1720,30.9886
110,-87.4879,31.3883
110,-87.7425,31.8038
110,-88.0354,32.2113
110,-88.3130,32.6190
110,-88.5930,33.0416
110,-88.7835,33.4342
110,-88.8142,33.7642
110,-88.7540,34.0494
110,-88.7115,34.2920
110,-88.6245,34.5646
110,-88.5261,34.9269
110,-88.2949,35.3798
110,-87.9072,35.9364
110,-87.2654,36.4950
111,-71.0135,25.0861
111,-71.7329,25.7720
111,-72.4675,26.4428
111,-73.1527,27.0284
111,-73.8215,27.5995
111,-74.4990,28.2052
111,-75.1755,28.8562
111,-75.8897,29.5697
111,-76.5295,30.3129
111,-76.9803,31.0183
111,-77.3835,31.7696
111,-77.9615,32.5957
111,-78.4375,33.5262
111,-78.6005,34.5448
111,-78.5915,35.6829
111,-78.6659,36.7359
111,-78.4455,38.3396
111,-78.1452,40.0374
111,-77.7995,41.5963
112,-83.9399,29.3719
112,-83.2915,30.2353
112,-82.7044,31.0809
112,-82.1638,31.6049
112,-81.4444,32.2896
112,-80.6362,32.9746
112,-79.8007,33.6439
112,-78.9085,34.3442
112,-78.0044,35.1577
112,-76.9808,35.9139
113,-90.5690,22.1443
113,-90.9234,21.8597
113,-90.9778,21.5752
113,-91.0459,21.3770
113,-91.0866,21.2061
113,-91.0710,20.9265
113,-90.9955,20.7370
113,-90.8574,20.7999
113,-90.7043,20.9679
113,-90.5787,21.0608
113,-90.5131,21.1987
113,-90.5450,21.4267
113,-90.6219,21.7296
113,-90.6838,22.1026
113,-90.7307,22.4605
113,-90.7576,22.6610
113,-90.7396,22.8914
113,-90.6516,23.2969
113,-90.5484,23.8223
113,-90.4582,24.4152
113,-90.4572,25.0532
113,-90.6459,25.6913
113,-90.8660,26.2841
113,-90.9656,26.7495
113,-90.9748,27.2150
114,-88.2650,25.2379
114,-88.4981,25.8002
114,-88.7459,26.3476
114,-89.0214,26.8250
114,-89.3267,27.2573
114,-89.6670,27.6847
114,-90.0075,28.0671
114,-90.2756,28.4167
114,-90.5883,28.6768
114,-91.0110,28.8414
114,-91.5692,28.8865
114,-92.2951,28.8143
114,-93.0500,28.6962
114,-93.6633,28.5982
114,-94.2308,28.6059
114,-94.8129,28.8037
114,-95.4116,29.1157
114,-96.0021,29.2205
114,-96.5830,29.3219
114,-97.1557,29.4202
114,-97.7208,29.5158
114,-98.2776,29.6083
115,-82.8679,18.0366
115,-83.1391,18.1934
115,-83.4098,18.3804
115,-83.6732,18.7447
115,-83.9518,19.1242
115,-84.2804,19.3686
115,-84.5938,19.5680
115,-84.8448,19.7823
115,-85.0357,20.0118
115,-85.1718,20.2612
115,-85.2777,20.5556
115,-85.3987,20.9200
115,-85.5197,21.2994
115,-85.6408,21.6138
115,-85.7616,21.9432
115,-85.8826,22.3801
115,-86.0036,22.7871
115,-86.1378,23.0108
115,-86.2456,23.2309
115,-86.3067,23.6142
115,-86.2875,23.7747
115,-86.2585,23.8966
115,-86.3104,24.1968
115,-86.3005,24.3404
115,-86.3715,24.4623
115,-86.4143,24.6558
115,-86.4134,24.9061
115,-86.3994,25.1705
115,-86.3554,25.4499
115,-86.2914,25.7293
115,-86.1974,25.9937
115,-86.1131,26.1930
115,-85.9393,26.4375
115,-85.5979,26.8221
115,-85.1813,27.2814
115,-84.8317,27.7305
115,-84.4233,28.2252
115,-83.8816,28.7746
115,-83.2652,29.3690
115,-82.6999,29.9656
115,-82.0072,30.6128
115,-81.1503,31.3286
115,-79.8491,32.0566
115,-78.6800,32.9825
115,-77.5911,34.1004
115,-76.2881,35.1644
115,-74.7331,36.4442
115,-72.8002,38.0621
115,-70.6750,39.8880
115,-68.6163,41.7186
115,-66.5170,43.6318
116,-76.8473,27.4880
116,-77.1114,27.4900
116,-77.3469,27.4958
116,-77.4342,27.4484
116,-77.5465,27.4036
116,-77.6622,27.3982
116,-77.7461,27.4115
116,-77.7609,27.4154
116,-77.7457,27.4193
116,-77.7530,27.4232
116,-77.7453,27.4272
116,-77.7026,27.4311
116,-77.6448,27.4350
116,-77.5872,27.4089
116,-77.5444,27.4428
116,-77.5292,27.6167
116,-77.5440,27.8507
116,-77.5715,28.0396
116,-77.6436,28.2585
116,-77.7783,28.5475
116,-77.9432,28.8664
116,-78.1153,29.1778
116,-78.2428,29.4742
116,-78.2727,29.7356
116,-78.2423,29.9820
116,-78.2071,30.2284
116,-78.1419,30.4899
116,-78.0715,30.7862
116,-77.9415,31.0977
116,-77.7065,31.4092
116,-77.4411,31.7055
116,-77.2850,31.9591
116,-77.0407,32.2134
116,-76.5432,32.5101
116,-75.9403,32.8212
116,-75.4040,33.1023
116,-74.8399,33.4291
116,-74.2010,33.8365
116,-73.5394,34.3369
116,-73.3892,34.3908
116,-72.6165,34.8097
116,-71.3888,35.2987
116,-70.1057,35.8219
116,-68.7884,36.4065
116,-67.5484,37.0570
116,-66.3880,37.8143
116,-65.3342,38.6788
116,-64.2876,39.6222
116,-63.0635,40.5394
116,-61.8871,41.5300
116,-60.8883,42.6531
116,-60.0867,43.8379
116,-59.5152,45.0350
116,-58.9863,46.1457
117,-75.9262,18.7553
117,-75.9490,19.3451
117,-75.8009,20.1688
117,-75.7529,20.9925
117,-75.7304,21.8230
117,-75.8567,22.6399
117,-76.2551,23.4663
117,-76.7606,24.1873
117,-77.1705,24.7209
117,-77.5645,25.1348
117,-77.9815,25.5310
117,-78.3684,25.8822
117,-78.7153,26.2209
117,-78.9723,26.5296
117,-79.1118,26.8033
117,-79.1761,27.0770
117,-79.2504,27.3857
117,-79.2800,27.7244
117,-79.2840,28.0754
117,-79.1839,28.4718
117,-78.9236,28.9382
117,-78.5878,29.4193
117,-78.2819,29.8504
117,-77.9917,30.2667
117,-77.7432,30.6976
117,-77.4956,31.1141
117,-77.2119,31.4876
117,-76.8994,31.8615
117,-76.5583,32.2551
117,-76.2033,32.7089
117,-75.8180,33.2378
117,-75.5072,33.8563
117,-75.2977,34.5423
117,-75.3111,35.3038
117,-75.5124,36.1258
117,-76.1150,36.9512
117,-77.3088,37.7320
117,-78.6188,38.3986
117,-79.5708,38.9223
117,-80.2227,39.6460
117,-81.1580,39.9989
118,-87.4473,24.8706
118,-87.7868,25.0542
118,-88.1605,25.2788
118,-88.5597,25.4828
118,-88.9736,25.6869
118,-89.3805,25.8834
118,-89.7868,26.0951
118,-90.1936,26.3341
118,-90.6000,26.6033
118,-91.0068,26.8923
118,-91.4132,27.2115
118,-91.8274,27.5505
118,-92.2263,27.9196
118,-92.5981,28.3161
118,-92.9395,28.7278
118,-93.2819,29.0977
118,-93.5527,29.5360
118,-93.7791,30.0841
118,-94.0659,30.6441
118,-94.1289,31.1988
119,-90.7525,26.8929
119,-91.2621,27.2186
119,-91.5226,27.5668
119,-91.5402,27.9544
119,-91.6867,28.3073
119,-91.8183,28.6902
119,-91.9519,29.1580
119,-91.9963,29.6259
119,-91.8805,30.0013
119,-91.6744,30.3617
119,-91.4783,30.7720
119,-91.2525,31.1975
119,-91.0286,31.6301
119,-90.7305,32.0333
120,-85.1617,27.7333
120,-84.7081,28.6836
120,-84.3477,29.2445
120,-83.5628,29.9382
120,-82.8257,30.5187
120,-82.0175,31.0929
120,-81.0743,31.7476
120,-80.0723,32.4475
120,-79.0774,33.1970
120,-78.1270,33.9022
120,-77.2589,34.5113
120,-76.4817,34.9568
120,-75.7920,35.1782
120,-75.1365,35.3115
120,-74.4062,35.5238
120,-73.6912,35.7662
120,-73.0462,36.0505
121,-72.7382,21.3896
121,-73.3269,21.6613
121,-73.7913,21.9952
121,-74.2278,22.3188
121,-74.6445,22.7008
121,-75.0508,23.0651
121,-75.3977,23.2064
121,-75.6782,23.3639
121,-76.1508,23.8120
121,-76.5037,24.1908
121,-76.8040,24.5176
121,-77.2332,24.8004
121,-77.6572,25.0233
121,-77.9140,25.2259
121,-78.1103,25.4289
121,-78.3324,25.6837
121,-78.5635,25.9345
121,-78.7842,26.1189
121,-79.2167,26.4401
121,-79.5980,26.5497
121,-79.8698,26.5457
121,-80.0019,26.6779
121,-80.2230,26.8513
121,-80.8617,27.0610
121,-81.0762,27.1570
121,-81.2591,27.2721
121,-81.6293,27.4626
121,-82.1480,27.7083
121,-82.6825,27.9682
121,-83.0097,28.1629
121,-83.3357,28.3738
121,-83.8769,28.6546
121,-84.3888,28.9794
121,-84.6684,29.3019
121,-84.8420,29.6850
121,-85.0040,30.1652
121,-85.1952,30.6906
121,-85.5138,31.2236
122,-86.0981,22.4820
122,-86.6376,23.1245
122,-87.2525,23.8863
122,-87.7817,24.8235
122,-88.2069,25.7906
122,-88.4792,26.6539
122,-88.6613,27.3949
122,-88.8385,27.9971
122,-88.9157,28.3993
122,-88.9989,28.8701
122,-88.9701,29.3036
122,-88.7473,29.6057
122,-88.5245,29.8079
122,-88.2291,29.9907
122,-87.8789,30.1122
122,-87.5056,30.1219
122,-87.1333,30.1166
122,-86.7985,30.1914
122,-86.4877,30.3209
122,-86.1399,30.3730
122,-85.7662,30.4275
122,-85.3668,30.4840
122,-84.9417,30.5427
122,-84.4916,30.6032
122,-84.0159,30.6658
122,-83.5164,30.7302
122,-82.9915,30.7965
123,-80.3108,32.2372
123,-80.5861,32.9394
123,-80.6371,33.8472
123,-80.5368,34.8437
123,-80.4417,35.7607
123,-80.2875,36.6480
123,-80.0794,37.5078
123,-79.8382,38.3523
123,-79.6635,39.2295
123,-79.4666,40.0861
123,-79.2467,40.9223
123,-78.9965,41.7365
123,-78.7116,42.5295
123,-78.3904,43.2990
123,-78.0313,44.0444
123,-77.6357,44.7712
124,-86.6739,24.9650
124,-86.9742,25.1009
124,-87.3085,25.2779
124,-87.6685,25.4343
124,-88.0432,25.5908
124,-88.4107,25.7396
124,-88.7778,25.9037
124,-89.1453,26.0950
124,-89.5125,26.3166
124,-89.8800,26.5579
124,-90.2471,26.8294
124,-90.6221,27.1208
124,-90.9817,27.4423
124,-91.3142,27.7912
124,-91.6164,28.1552
124,-91.9194,28.4775
124,-92.1510,28.8681
124,-92.3381,29.3686
124,-92.5856,29.8810
124,-92.6094,30.3880
124,-92.5203,30.8939
124,-92.4673,31.4078
125,-76.9699,18.9664
125,-76.7891,19.5451
125,-76.4376,20.3576
125,-76.1860,21.1702
125,-75.9600,21.9894
125,-75.8828,22.7953
125,-76.0777,23.6104
125,-76.3797,24.3203
125,-76.5861,24.8428
125,-76.7765,25.2454
125,-76.9900,25.6305
125,-77.1734,25.9705
125,-77.3168,26.2980
125,-77.3702,26.5956
125,-77.3063,26.8581
125,-77.1670,27.1207
125,-77.0378,27.4182
125,-76.8639,27.7458
125,-76.6643,28.0856
125,-76.3607,28.4709
125,-75.8970,28.9261
125,-75.3576,29.3960
125,-74.8481,29.8159
125,-74.3544,30.2211
125,-73.9024,30.6408
125,-73.4513,31.0462
125,-72.9641,31.4085
125,-72.4481,31.7713
125,-71.9034,32.1537
125,-71.3450,32.5963
125,-70.7561,33.1141
125,-70.2418,33.7214
125,-69.8287,34.3962
125,-69.6386,35.1465
125,-69.6365,35.9574
125,-70.0355,36.7716
125,-71.0258,37.5413
125,-72.1323,38.1967
125,-72.8807,38.7093
125,-73.3292,39.4218
125,-74.0609,39.7636
125,-74.9260,39.8469
126,-86.0796,22.2131
126,-86.9707,22.3945
126,-87.8150,22.5465
126,-88.5978,22.7977
126,-89.3504,23.0799
126,-90.1183,23.3538
126,-90.8858,23.6132
126,-91.6615,23.8298
126,-92.4213,24.0466
126,-93.1466,24.3130
126,-93.8567,24.5800
126,-94.5744,24.8265
126,-95.2921,25.0134
126,-96.0476,25.1028
126,-96.7275,25.1468
126,-97.2330,25.1981
126,-97.6629,25.2802
126,-98.1529,25.4394
126,-98.5983,25.6136
127,-86.1166,23.8248
127,-86.5216,24.6021
127,-87.0022,25.4985
127,-87.3969,26.5704
127,-87.6877,27.6722
127,-87.8256,28.6702
127,-87.8733,29.5459
127,-87.9161,30.2828
127,-87.8589,30.8197
127,-87.8076,31.4252
127,-87.6444,31.9934
128,-77.7488,25.5619
128,-78.0357,25.5954
128,-78.2940,25.6326
128,-78.4040,25.6166
128,-78.5391,25.6033
128,-78.6776,25.6292
128,-78.7843,25.6739
128,-78.8219,25.7092
128,-78.8294,25.7446
128,-78.8595,25.7799
128,-78.8746,25.8152
128,-78.8546,25.8506
128,-78.8197,25.8859
128,-78.7848,25.8912
128,-78.7648,25.9565
128,-78.7724,26.1619
128,-78.8100,26.4272
128,-78.8602,26.6475
128,-78.9551,26.8979
128,-79.1126,27.2182
128,-79.3003,27.5685
128,-79.4952,27.9114
128,-79.6454,28.2392
128,-79.6982,28.5320
128,-79.6905,28.8098
128,-79.6781,29.0877
128,-79.6357,29.3805
128,-79.5881,29.7083
128,-79.4808,30.0512
128,-79.2686,30.3941
128,-79.0260,30.7218
128,-78.8927,31.0068
128,-78.6711,31.2925
128,-78.1965,31.6206
128,-77.6163,31.9631
128,-77.1028,32.2756
128,-76.5614,32.6338
128,-75.9453,33.0727
128,-75.3065,33.6044
128,-75.1791,33.6898
128,-74.4292,34.1401
128,-73.2243,34.6604
128,-71.9640,35.2151
128,-70.6694,35.8311
128,-69.4522,36.5130
128,-68.3146,37.3017
128,-67.2835,38.1976
128,-66.2597,39.1724
128,-65.0584,40.1210
128,-63.9048,41.1431
128,-62.9288,42.2976
128,-62.1500,43.5137
128,-61.6012,44.7423
129,-87.5564,23.7900
129,-87.8049,24.0046
129,-88.0876,24.2604
129,-88.3958,24.4955
129,-88.7188,24.7308
129,-89.0346,24.9584
129,-89.3500,25.2012
129,-89.6658,25.4713
129,-89.9812,25.7716
129,-90.2970,26.0917
129,-90.6124,26.4420
130,-83.9468,27.2549
130,-83.7102,27.8101
130,-83.3547,28.3206
130,-82.8848,28.9639
130,-82.3625,29.5863
130,-81.8164,30.1691
130,-81.3703,30.8519
130,-80.8647,31.5083
130,-80.2782,32.1176
130,-79.6188,32.6651
130,-78.8860,33.1832
130,-78.1339,33.7153
130,-77.2938,34.2489
130,-76.3487,34.7661
130,-75.3017,35.3145
130,-74.1836,35.9018
130,-73.0095,36.5802
130,-71.8423,37.3890
130,-70.6174,38.2459
130,-69.2337,39.0447
130,-67.9252,39.8115
130,-66.8940,40.5575
131,-86.7625,21.7040
131,-87.5352,21.7706
131,-88.2612,21.8076
131,-88.9256,21.9439
131,-89.5598,22.1111
131,-90.2092,22.2701
131,-90.8584,22.4146
131,-91.5156,22.5162
131,-92.1570,22.6181
131,-92.7639,22.7696
131,-93.3556,22.9217
131,-93.9549,23.0532
131,-94.5542,23.1252
131,-95.1913,23.0996
131,-95.7528,23.0287
131,-96.1399,22.9651
131,-96.4514,22.9323
131,-96.8231,22.9766
131,-97.1501,23.0358
131,-97.3349,23.0222
131,-97.5487,23.0393
131,-97.9603,23.1687
131,-98.4473,23.3428
131,-98.9041,23.5095
131,-99.3459,23.6464
132,-77.8526,33.5473
132,-77.4625,33.8456
132,-76.8933,34.1148
132,-76.1215,34.3644
132,-75.3340,34.5822
132,-74.7291,34.8029
132,-74.2746,34.9496
132,-73.9118,34.9706
132,-73.7153,34.9171
132,-73.6454,34.8730
132,-73.7559,34.7845
132,-74.0465,34.6184
132,-74.3966,34.4519
132,-74.6693,34.3931
132,-74.8372,34.3194
132,-74.8224,34.0806
132,-74.7779,33.8868
132,-74.8607,33.9480
132,-75.0186,34.0542
132,-75.2539,34.0255
132,-75.4592,33.9217
132,-75.5096,33.7779
132,-75.4999,33.5891
132,-75.5051,33.3728
132,-75.5405,33.1565
132,-75.6383,32.9977
132,-75.7812,32.8240
132,-75.9515,32.5952
132,-76.1219,32.2914
132,-76.2496,31.8976
132,-76.3625,31.4588
132,-76.5055,31.0275
132,-76.6032,30.6263
132,-76.5883,30.2800
132,-76.5438,29.9937
132,-76.5342,29.7399
132,-76.5845,29.5611
132,-76.7099,29.4648
132,-76.9251,29.4286
132,-77.2009,29.3747
132,-77.5658,29.3960
132,-78.0208,29.5498
132,-78.5065,29.7634
132,-78.9034,29.9468
132,-79.3471,30.1309
132,-79.9174,30.3146
132,-80.2878,30.3983
132,-80.7640,30.5149
132,-81.3284,30.6657
132,-81.9704,30.8798
132,-82.5691,31.0332
132,-82.9851,31.0115
132,-83.3097,30.9006
132,-83.6602,30.7768
132,-83.9504,30.6680
132,-84.1730,30.6067
133,-88.1473,27.4371
133,-87.6024,27.7477
133,-87.0579,28.0888
133,-86.5564,28.3763
133,-85.9684,28.7405
133,-85.1619,29.2868
133,-84.2789,29.8922
133,-83.4982,30.4470
133,-82.6895,30.9439
133,-81.7354,31.3052
133,-80.8000,31.6957
133,-80.0464,32.2751
133,-79.3106,32.9474
133,-78.4691,33.6748
133,-77.5211,34.2991
133,-76.5822,34.5625
133,-75.3317,34.8508
133,-73.5790,35.4681
133,-71.3422,36.3025
133,-68.6342,37.2095
133,-65.8527,38.2542
133,-63.5603,39.4314
133,-61.3633,40.7059
133,-58.6913,41.9772
133,-56.3738,43.1576
133,-55.0671,44.2367
134,-89.2347,30.4508
134,-89.2640,31.1279
134,-89.5879,31.6684
134,-90.0421,32.2613
134,-90.5412,32.8861
134,-90.9329,33.5747
134,-91.2944,34.2038
135,-88.8469,28.2644
135,-88.8854,28.3720
135,-88.8640,28.6007
135,-88.7641,28.9285
135,-88.6211,29.2582
135,-88.4645,29.5444
135,-88.2783,29.8156
135,-88.0866,30.0942
135,-87.8354,30.3731
135,-87.5234,30.6439
135,-87.0926,30.9306
135,-86.5163,31.2593
135,-85.8497,31.5880
135,-85.1854,31.8814
135,-84.5069,32.1455
135,-83.8336,32.3825
136,-85.1275,28.9519
136,-84.6392,29.5718
136,-84.2122,30.1741
136,-83.8317,30.4546
136,-83.2723,30.8959
136,-82.6243,31.3375
136,-81.9489,31.7635
136,-81.2168,32.2204
136,-80.4728,32.7905
137,-74.5273,26.7087
137,-75.2254,26.5902
137,-76.0235,26.4716
137,-76.8094,26.3403
137,-77.6198,26.2345
137,-78.4979,26.2158
137,-78.4161,26.0973
137,-79.2142,26.0788
137,-80.0578,26.0468
137,-80.9105,26.0416
137,-81.7735,26.1077
137,-82.6068,26.2045
137,-83.3855,26.2704
137,-84.1030,26.3673
137,-84.7738,26.5333
137,-85.3993,26.7302
137,-86.0427,26.9042
137,-86.5956,27.0931
137,-86.9891,27.3165
137,-87.2919,27.5559
137,-87.6317,27.7591
137,-87.8881,28.0188
137,-88.0235,28.3759
137,-88.0844,28.6817
137,-88.0032,28.9824
137,-87.7807,29.2445
137,-87.4663,29.4410
137,-87.0769,29.6074
137,-86.7046,29.7811
137,-86.2732,29.9703
137,-85.7659,30.1865
137,-85.1695,30.4331
137,-84.5269,30.7065
137,-83.7658,30.9960
138,-77.5468,25.7407
138,-78.4275,25.7262
138,-79.4083,25.7118
138,-80.3769,25.6845
138,-81.3699,25.6828
138,-82.4307,25.7683
138,-82.5315,25.7539
138,-83.5122,25.8394
138,-84.5385,25.9116
138,-85.5738,26.0105
138,-86.6195,26.1807
138,-87.6354,26.3816
138,-88.5967,26.5516
138,-89.4969,26.7527
138,-90.3503,27.0227
138,-91.1585,27.3237
138,-91.9845,27.6018
138,-92.7201,27.8948
138,-93.2963,28.2223
138,-93.7816,28.5659
138,-94.3041,28.8731
138,-94.7432,29.2369
138,-95.0612,29.6981
138,-95.3048,30.1080
138,-95.4062,30.5129
138,-95.3663,30.8791
138,-95.2346,31.1796
138,-95.0279,31.4502
138,-94.8382,31.7280
138,-94.5895,32.0212
138,-94.2648,32.3416
138,-93.8510,32.6923
138,-93.3911,33.0697
138,-92.8126,33.4634
138,-92.1537,33.8322
138,-91.2741,34.2345
138,-90.0972,34.7045
139,-91.1423,27.7852
139,-90.7937,27.6789
139,-90.4307,27.7281
139,-90.0750,27.9311
139,-89.7192,28.1710
139,-89.8122,28.4833
139,-90.2077,28.7139
139,-90.4050,28.6104
139,-90.4961,28.3568
139,-90.4277,28.1283
139,-90.2846,27.8998
139,-90.1939,27.7212
139,-90.0730,27.5427
139,-89.8972,27.3141
139,-89.6615,27.0856
139,-89.4084,26.8993
139,-89.0500,26.7285
139,-88.5460,26.5049
139,-87.9384,26.3714
139,-87.3122,26.4026
139,-86.6269,26.6143
139,-85.8343,26.9538
139,-85.1153,27.4572
139,-84.6267,28.0757
139,-84.3038,28.8001
139,-84.0525,29.5565
139,-83.8923,30.3431
139,-83.7273,31.1219
139,-83.6807,31.8860
139,-83.8180,32.6177
139,-84.0692,33.3289
139,-84.1134,34.0753
140,-84.2782,28.8946
140,-83.6893,29.7902
140,-83.1937,30.2966
140,-82.2735,30.9358
140,-81.4011,31.4617
140,-80.4577,31.9813
140,-79.3791,32.5815
140,-78.2419,33.2269
140,-77.1117,33.9219
140,-76.0260,34.5724
140,-75.0227,35.1270
140,-74.1102,35.5180
140,-73.2853,35.6848
140,-72.4944,35.7636
140,-71.6288,35.9213
140,-70.7786,36.1091
140,-69.9984,36.3389
140,-69.2628,36.5547
140,-68.5395,36.6996
140,-67.8469,36.8002
140,-67.1438,36.8731
140,-66.5311,36.9458
140,-66.0556,37.0308
141,-86.0758,22.8261
141,-86.4467,23.4783
141,-86.8930,24.2496
141,-87.2536,25.1964
141,-87.5102,26.1731
141,-87.6139,27.0460
141,-87.6273,27.7966
141,-87.6359,28.4084
141,-87.5445,28.8201
141,-87.4591,29.3006
141,-87.2617,29.7436
141,-86.8702,30.0554
141,-86.4788,30.2671
141,-86.0148,30.4595
141,-85.4960,30.5906
141,-84.9541,30.6099
141,-84.4131,30.6141
141,-83.9097,30.6985
141,-83.4303,30.8376
142,-83.1479,23.0426
142,-83.6997,23.5795
142,-84.1543,24.0612
142,-84.5633,24.5825
142,-85.0727,25.2189
142,-85.6269,25.8856
142,-86.2165,26.5021
142,-86.7905,27.0886
142,-87.2659,27.6470
142,-87.7541,28.1917
142,-88.3636,28.7507
142,-89.0177,29.2947
142,-89.7007,29.8135
142,-90.2814,30.2978
142,-90.6631,30.7493
142,-91.3450,31.4008
142,-91.8356,31.9462
143,-77.5494,26.1805
143,-77.9056,26.2151
143,-78.2333,26.2535
143,-78.4127,26.2387
143,-78.6171,26.2265
143,-78.8250,26.2537
143,-79.0010,26.2996
143,-79.1080,26.3361
143,-79.1849,26.3726
143,-79.2843,26.4091
143,-79.3687,26.4456
143,-79.4182,26.4822
143,-79.4526,26.5187
143,-79.4871,26.5252
143,-79.5365,26.5917
143,-79.6134,26.7982
143,-79.7203,27.0648
143,-79.8400,27.2863
143,-80.0042,27.5378
143,-80.2311,27.8594
143,-80.4881,28.2108
143,-80.7524,28.5549
143,-80.9720,28.8839
143,-81.0941,29.1779
143,-81.1558,29.4569
143,-81.2128,29.7359
144,-91.9854,29.6793
144,-92.3334,30.0094
144,-92.5813,30.3396
144,-92.8295,30.6230
144,-93.0773,30.8998
144,-93.3327,31.2224
144,-93.5732,31.5600
144,-93.7937,31.8826
144,-93.9691,32.2202
144,-94.0897,32.5927
144,-94.1650,32.9804
144,-94.2206,33.3455
144,-94.2610,33.7406
144,-94.3089,34.2132
145,-87.9279,30.6781
145,-87.8196,30.7727
145,-87.7322,30.7951
145,-87.5342,30.7536
145,-87.3365,30.7121
145,-87.2236,30.7481
145,-87.1408,30.8291
146,-86.4915,28.2198
146,-86.8399,28.5921
146,-87.2144,29.0118
146,-87.6402,29.4132
146,-88.0374,29.8038
146,-88.2794,30.2419
146,-88.4603,30.6957
146,-88.6794,31.1417
146,-88.8832,31.5877
146,-89.0894,32.0487
146,-89.2062,32.4797
146,-89.1631,32.8481
146,-89.0291,33.1716
146,-88.9128,33.4526
147,-87.4982,25.9034
147,-87.2696,26.4882
147,-87.0409,27.0730
147,-86.8470,27.6152
147,-86.6836,28.1425
147,-86.5480,28.6875
147,-86.4264,29.2121
147,-86.2977,29.6968
147,-86.1691,30.2816
147,-85.9279,30.9392
147,-85.6119,31.6512
147,-85.3272,32.3855
147,-84.9546,33.1207
147,-84.4054,33.7908
147,-83.7973,34.4903
148,-88.0384,25.2969
148,-88.1519,25.8857
148,-88.2803,26.4596
148,-88.4363,26.9634
148,-88.6221,27.4223
148,-88.8430,27.8761
148,-89.0640,28.2849
148,-89.2127,28.6610
148,-89.4059,28.9476
148,-89.7091,29.1386
148,-90.1477,29.2102
148,-90.7542,29.1645
148,-91.3896,29.0729
148,-91.8834,29.0013
148,-92.3315,29.0355
148,-92.7941,29.2598
148,-93.2734,29.5982
148,-93.7443,29.7295
148,-94.2072,29.8566
148,-94.6631,29.9797
148,-95.1114,30.0986
148,-95.5522,30.2135
148,-95.9832,30.3222
148,-96.4061,30.4264
148,-96.8244,30.5275
149,-85.1702,22.8202
149,-85.5884,23.4480
149,-86.0822,24.1949
149,-86.4902,25.1172
149,-86.7942,26.0696
149,-86.9453,26.9180
149,-87.0062,27.6442
149,-87.0622,28.2316
149,-87.0182,28.6189
149,-86.9802,29.0749
149,-86.8302,29.4936
149,-86.4862,29.7809
149,-86.1422,29.9683
149,-85.7256,30.1362
149,-85.2542,30.2429
149,-84.7597,30.2378
149,-84.2662,30.2176
149,-83.8102,30.2776
149,-83.3782,30.3923
149,-82.9092,30.4296
149,-82.4177,30.4693
149,-81.9037,30.5113
149,-81.3681,30.5558
149,-80.8104,30.6026
149,-80.2320,30.6515
149,-79.6317,30.7026
149,-79.0112,30.7551
149,-78.3715,30.8090
149,-77.7105,30.8650
149,-77.0312,30.9223
149,-76.3340,30.9801
149,-75.6162,31.0398
149,-74.8826,31.0990
149,-74.1353,31.1571
149,-73.3242,31.2235
149,-72.4973,31.2889
149,-71.6566,31.3526
149,-70.8037,31.4142
149,-69.9398,31.4745
149,-69.0660,31.5326
149,-68.1830,31.5868
149,-67.2812,31.6417
149,-66.3722,31.6911
149,-65.4589,31.7342
149,-64.5425,31.7720
149,-63.6237,31.8051
149,-62.7043,31.8335
150,-81.1268,21.8898
150,-80.8995,22.1452
150,-80.2371,22.5962
150,-79.5898,22.9784
150,-79.0475,23.3025
150,-78.2331,23.8334
150,-77.3579,24.4088
150,-76.5772,24.9335
150,-75.7683,25.4151
150,-74.8458,25.8556
150,-73.8787,26.2215
150,-73.0076,26.5097
150,-71.9891,26.7278
150,-70.6376,26.8209
150,-69.0994,27.0341
150,-67.5172,27.5854
150,-65.9098,28.3405
150,-64.3900,28.7436
150,-62.8822,29.1379
150,-61.3829,29.5233
150,-59.8950,29.8993
150,-58.4215,30.2657
150,-56.9493,30.6252
150,-55.4928,30.9758
150,-54.0498,31.3181
150,-52.6070,31.6561
150,-51.1782,31.9863
150,-49.7651,32.3080
150,-48.3513,32.6269
150,-46.9533,32.9364
150,-45.5796,33.2347
150,-44.1945,33.5312
150,-42.8271,33.8192
150,-41.4877,34.0934
150,-40.1685,34.3559
150,-38.8304,34.6154
150,-37.5197,34.8618
150,-36.2268,35.0981
150,-34.9525,35.3217
150,-33.6610,35.5323
150,-32.3898,35.7257
150,-31.1407,35.9022
150,-29.9130,36.0624
150,-28.7143,36.1941
150,-27.4767,36.3096
150,-26.2547,36.4005
150,-25.0469,36.4669
150,-23.8589,36.4928
150,-22.6857,36.4962
150,-21.5262,36.4803
150,-20.3799,36.4464
150,-19.2455,36.3957
150,-18.1225,36.3302
150,-17.0117,36.2490
150,-15.9097,36.1533
150,-14.8159,36.0421
150,-13.7599,35.9237
150,-12.7066,35.7937
150,-11.6526,35.6553
150,-10.5944,35.5111
150,-9.5306,35.3633
150,-8.4600,35.2156
150,-7.3809,35.0696
150,-6.2808,34.9479
150,-5.1593,34.8265
150,-4.0135,34.7005
151,-87.8432,29.8402
151,-87.3172,30.1606
151,-86.7915,30.5114
151,-86.3089,30.8086
151,-85.7399,31.1825
151,-84.9524,31.7385
151,-84.0883,32.3537
151,-83.3264,32.9182
151,-82.5366,33.4248
151,-81.6015,33.7958
151,-80.6850,34.1960
152,-76.9065,33.2584
152,-76.8588,33.5878
152,-76.8150,33.9031
152,-76.8576,34.2455
152,-76.6236,34.4478
152,-76.4109,34.6520
152,-76.2321,34.8926
152,-76.0088,35.1649
152,-75.7407,35.4373
152,-75.4173,35.6672
152,-75.0493,35.8821
152,-74.6608,36.0969
152,-74.2578,36.3268
152,-73.8841,36.5838
152,-73.4664,36.8716
152,-72.9940,37.1556
152,-72.3749,37.5163
152,-71.5326,38.0166
152,-70.5835,38.5611
152,-69.6861,39.0328
152,-68.7921,39.5058
152,-67.9814,39.9875
152,-67.0006,40.5506
152,-65.6180,41.2507
152,-64.0092,41.9953
152,-62.4686,42.6621
152,-60.7177,43.3401
153,-80.4557,32.2664
153,-80.7208,32.9646
153,-80.7617,33.8684
153,-80.6512,34.8609
153,-80.5460,35.7739
153,-80.3816,36.6572
153,-80.1633,37.5130
154,-76.9354,32.6319
154,-76.4961,32.9372
154,-75.8777,33.2134
154,-75.0566,33.4700
154,-74.2199,33.6949
154,-73.5659,33.9226
154,-73.0622,34.0763
154,-72.6502,34.1043
154,-72.4044,34.0578
154,-72.2854,34.0208
154,-72.3467,33.9393
154,-72.5880,33.7802
154,-72.8889,33.6208
154,-73.1124,33.5690
154,-73.2312,33.5022
154,-73.1672,33.2705
154,-73.0734,33.0837
154,-73.1070,33.1519
154,-73.2157,33.2652
154,-73.4018,33.2435
154,-73.5579,33.1466
154,-73.5591,33.0099
154,-73.5002,32.8281
154,-73.4562,32.6189
154,-73.4424,32.4096
154,-73.4910,32.2578
154,-73.5847,32.0911
154,-73.7058,31.8693
154,-73.8269,31.5725
154,-73.9055,31.1858
154,-73.9692,30.7540
154,-74.0630,30.3298
154,-74.1114,29.9355
154,-74.0474,29.5963
154,-73.9537,29.3170
154,-73.8949,29.0702
154,-73.8959,28.8984
154,-73.9721,28.8091
154,-74.1382,28.7799
154,-74.3647,28.7330
154,-74.6804,28.7614
154,-75.0862,28.9223
154,-75.5227,29.1429
154,-75.8704,29.3333
154,-76.2649,29.5243
154,-76.7861,29.7151
154,-77.1072,29.8058
154,-77.5342,29.9294
154,-78.0494,30.0873
154,-78.6422,30.3084
154,-79.1917,30.4687
154,-79.5585,30.4541
154,-79.8339,30.3502
154,-80.1352,30.2335
154,-80.3762,30.1317
154,-80.5496,30.0774
154,-80.6184,30.1132
154,-80.5845,30.2664
154,-80.4607,30.4946
154,-80.3411,30.7201
154,-80.1029,30.9761
154,-79.7029,31.1466
154,-79.1452,31.5576
154,-78.2995,32.5176
154,-77.6874,33.6391
154,-77.9364,34.5923
154,-78.4297,35.3205
154,-78.5950,35.7530
154,-78.4719,35.9020
154,-77.9442,35.8164
154,-77.3142,35.6835
154,-76.9696,35.7560
154,-76.6564,35.9650
154,-76.0685,36.2989
154,-75.6987,36.6464
155,-89.7378,28.2619
155,-90.1593,28.5960
155,-90.3318,28.9525
155,-90.2613,29.3485
155,-90.3198,29.7098
155,-90.3633,30.1010
155,-90.4089,30.5772
155,-90.3652,31.0535
155,-90.1613,31.4372
155,-89.8672,31.8060
155,-89.5830,32.2247
155,-89.2692,32.6585
155,-88.9573,33.0994
155,-88.5711,33.5110
155,-88.0740,33.8445
155,-87.4731,34.1634
155,-86.8186,34.5318
155,-86.0750,34.9159
155,-85.2698,35.2766
155,-84.3770,35.6684
155,-83.4146,36.1216
155,-82.3790,36.6209
156,-77.4973,33.5308
156,-77.5959,33.7078
156,-77.6984,33.8706
156,-77.8872,34.0605
156,-77.7994,34.1104
156,-77.7330,34.1620
156,-77.7005,34.2502
156,-77.6235,34.3699
156,-77.5016,34.4899
156,-77.3244,34.5673
156,-77.1027,34.6297
156,-76.8604,34.6920
156,-76.6037,34.7695
156,-76.3762,34.8740
156,-76.1048,35.0093
156,-75.7786,35.1408
156,-75.3059,35.3491
156,-74.6097,35.6968
156,-73.8069,36.0889
156,-73.0558,36.4080
156,-72.3080,36.7286
156,-71.6436,37.0579
156,-70.8091,37.4684
156,-69.5727,38.0161
156,-68.1101,38.6082
156,-66.7159,39.1225
156,-65.1112,39.6480
156,-63.0367,40.3047
156,-60.9123,40.7878
156,-59.2323,40.8933
156,-57.7133,40.7276
156,-56.2197,40.3538
156,-54.5144,39.9673
156,-52.2142,39.8804
156,-49.8155,39.7071
156,-47.8150,39.1890
156,-46.1166,38.4469
156,-44.0171,38.0668
156,-41.9454,37.6943
156,-39.9027,37.3285
156,-37.8896,36.9682
156,-35.9175,36.6115
156,-33.9781,36.2578
156,-32.0719,35.9063
156,-30.2123,35.5582
156,-28.3869,35.2139
156,-26.5937,34.8741
156,-24.8419,34.5420
156,-23.1172,34.2137
156,-21.4154,33.8898
156,-19.7448,33.5813
156,-18.0861,33.2873
156,-16.4331,33.0146
156,-14.7954,32.7757
156,-13.1609,32.5729
157,-88.0235,29.7290
157,-87.8261,29.8044
157,-87.6495,29.8075
157,-87.3625,29.7467
157,-87.0756,29.6859
157,-86.8736,29.7026
157,-86.7017,29.7643
157,-86.5072,29.8461
157,-86.3277,29.9428
157,-86.1758,30.0320
157,-86.0538,30.1212
157,-85.9593,30.2030
157,-85.8798,30.2997
157,-85.8003,30.4239
157,-85.7059,30.5781
157,-85.6063,30.7598
158,-85.3539,28.6597
158,-85.0168,29.0595
158,-84.5606,29.4146
158,-83.9901,29.9025
158,-83.3672,30.3695
158,-82.7205,30.7970
158,-82.1739,31.3244
158,-81.5677,31.8254
158,-80.8805,32.2793
158,-80.1205,32.6715
158,-79.2872,33.0342
159,-77.2588,24.5273
159,-78.0689,24.5022
159,-78.9790,24.4771
159,-79.8768,24.4393
159,-80.7991,24.4270
159,-81.7892,24.5019
159,-81.8193,24.4769
159,-82.7294,24.5518
159,-83.6849,24.6133
159,-84.6496,24.7017
159,-85.6245,24.8613
159,-86.5698,25.0515
159,-87.4604,25.2109
159,-88.2899,25.4014
159,-89.0726,25.6608
159,-89.8101,25.9513
159,-90.5654,26.2187
159,-91.2303,26.5011
159,-91.7358,26.8180
159,-92.1505,27.1510
159,-92.6023,27.4476
159,-92.9707,27.8009
159,-93.2180,28.2514
159,-93.3908,28.6507
159,-93.4216,29.0450
159,-93.3110,29.4006
159,-93.1086,29.6906
159,-92.8312,29.9505
159,-92.5708,30.2177
159,-92.2514,30.5003
159,-91.8560,30.8101
160,-87.0355,29.3076
160,-86.9955,29.3523
160,-86.8956,29.5182
160,-86.7173,29.7831
160,-86.4958,30.0499
160,-86.2607,30.2733
160,-85.9960,30.4817
160,-85.7259,30.6974
160,-85.3963,30.9135
160,-85.0058,31.1214
160,-84.4965,31.3452
160,-83.8417,31.6111
161,-78.0571,20.2190
161,-78.6143,20.7831
161,-79.0881,21.3213
161,-79.1536,21.4225
161,-79.4806,21.6950
161,-79.9845,22.0248
161,-80.4108,22.3599
161,-80.8155,22.7271
161,-81.2385,23.1632
161,-81.6464,23.6294
161,-82.0198,24.0804
161,-82.3774,24.5317
161,-82.7433,24.9678
161,-83.1083,25.4340
161,-83.4963,25.9553
161,-83.8393,26.5363
161,-84.0705,27.1648
161,-84.2703,27.8387
161,-84.5052,28.4585
161,-84.8012,29.2410
161,-85.1670,30.1689
161,-85.5322,30.8433
162,-91.9696,29.4671
162,-92.1036,30.2121
162,-92.1773,30.9696
162,-92.1465,31.7721
162,-91.9984,32.6372
162,-91.7895,33.5322
162,-91.6182,34.4571
162,-91.4324,35.2922
162,-91.2333,35.9395
162,-90.9753,36.4522
162,-90.6483,36.8894
162,-90.2183,37.3122
162,-89.7297,37.8562
162,-89.0612,38.3722
162,-88.2293,38.7074
162,-87.1041,39.0322
162,-85.6318,39.4786
163,-86.7829,29.1278
163,-86.3120,29.9207
163,-85.9024,30.6961
163,-85.5393,31.1497
163,-84.9972,31.7639
163,-84.3665,32.3786
163,-83.7085,32.9776
163,-82.9937,33.6075
163,-82.2671,34.3506
163,-81.4210,35.0364
163,-80.4072,35.5025
163,-79.2482,35.8653
163,-78.1095,36.1566
164,-96.4220,27.7882
164,-96.1494,28.2101
164,-95.9397,28.5278
164,-95.6192,28.6172
164,-95.2690,28.7358
164,-94.8890,28.8243
164,-94.5314,28.9277
164,-94.1589,29.0314
164,-93.7589,29.1498
164,-93.3287,29.2384
164,-92.8711,29.2719
164,-92.3985,29.2455
164,-91.9260,29.1790
164,-91.4684,29.0526
164,-91.0157,28.8936
164,-90.6382,28.6597
164,-90.3706,28.2606
164,-90.2080,27.9667
164,-90.0906,28.0602
164,-90.0779,28.2738
164,-90.1904,28.3275
164,-90.3477,28.3809
164,-90.4402,28.5118
164,-90.5175,28.6879
164,-90.5997,28.8866
164,-90.6874,29.0950
164,-90.7723,29.2736
164,-90.8509,29.4479
164,-90.9232,29.6179
164,-90.9893,29.7837
164,-91.0489,29.9453
164,-91.1023,30.1027
164,-91.1493,30.2558
164,-91.1812,30.4029
164,-91.2054,30.5456
164,-91.2221,30.6838
164,-91.2311,30.8176
164,-91.2326,30.9470
164,-91.2266,31.0720
164,-91.2130,31.1926
164,-91.1733,31.3073
164,-91.1247,31.4176
164,-91.0657,31.5253
164,-90.9978,31.6287
164,-90.9212,31.7278
164,-90.8358,31.8228
164,-90.7417,31.9136
165,-82.7097,20.0488
165,-83.2573,20.4395
165,-83.7076,20.7750
165,-84.1123,21.1500
165,-84.6174,21.6402
165,-85.1674,22.1606
165,-85.7526,22.6309
165,-86.3224,23.0711
165,-86.7935,23.4833
165,-87.2775,23.8817
165,-87.8826,24.2944
165,-88.5325,24.6922
165,-89.2112,25.0647
165,-89.7876,25.4028
165,-90.1651,25.7080
165,-90.8426,26.2133
165,-91.3290,26.6124
165,-91.6977,26.9239
165,-92.1129,27.1942
165,-92.4527,27.4344
165,-92.6606,27.6970
165,-92.8077,27.9450
165,-93.0151,28.1653
165,-93.1628,28.3555
165,-93.1408,28.5182
165,-93.1178,28.6661
165,-93.2874,28.8515
165,-93.4729,28.9766
165,-93.5306,28.9543
165,-93.5279,28.8872
165,-93.5353,28.8774
165,-93.4830,28.8977
165,-93.3627,28.9304
165,-93.1380,29.0083
165,-92.8241,29.0809
165,-92.3930,29.3188
165,-91.8858,29.7887
165,-91.2481,30.5294
165,-90.4942,31.5617
165,-89.6031,32.6399
165,-88.6210,33.4171
166,-87.9801,29.3395
166,-87.3810,29.8625
166,-86.7822,30.4159
166,-86.2265,30.9158
166,-85.5843,31.4924
166,-84.7237,32.2510
166,-83.7865,33.0689
166,-82.9515,33.8360
166,-82.0886,34.5453
166,-81.0803,35.1190
166,-80.0907,35.7218
167,-87.7962,28.0913
167,-87.1168,28.3624
167,-86.4378,28.6639
167,-85.8019,28.9119
167,-85.0795,29.2365
167,-84.1386,29.7432
167,-83.1211,30.3091
167,-82.2059,30.8243
167,-81.2628,31.2817
167,-80.1743,31.6034
167,-79.1044,31.9543
167,-78.2163,32.4941
167,-77.3461,33.1269
167,-76.3702,33.8147
167,-75.2877,34.3995
167,-74.2144,34.6233
167,-72.8294,34.8720
167,-70.9422,35.4498
167,-68.5710,36.2446
167,-65.7285,37.1121
167,-62.8127,38.1172
167,-60.3857,39.2548
167,-58.0543,40.4898
167,-55.2479,41.7215
167,-52.7960,42.8624
167,-51.3548,43.9019
168,-91.0381,25.4417
168,-91.4717,26.1638
168,-91.9378,26.8672
168,-92.2262,27.3532
168,-92.4375,27.9927
168,-92.5798,28.7688
168,-92.5372,29.3182
168,-92.3606,29.9998
168,-92.0369,30.7437
168,-91.6669,31.4885
168,-91.1366,32.3692
168,-90.4026,33.4682
168,-89.5363,34.6947
168,-88.9112,35.6824
168,-88.2667,36.6504
168,-87.5988,37.5981
168,-86.9032,38.5260
169,-84.4703,29.4471
169,-83.8736,30.3988
169,-83.3701,30.9613
169,-82.4420,31.6565
169,-81.5618,32.2385
169,-80.6105,32.8141
169,-79.5240,33.4704
169,-78.3789,34.1718
169,-77.2409,34.9228
169,-76.1473,35.6294
169,-75.1361,36.2400
169,-74.2158,36.6871
169,-73.3829,36.9099
169,-72.5842,37.0447
169,-71.7108,37.2585
169,-70.8526,37.5024
169,-70.0645,37.7882
169,-69.3211,38.0600
169,-68.5899,38.2610
169,-67.8895,38.4177
169,-67.1784,38.5466
169,-66.5580,38.6753
169,-66.0745,38.8164
169,-65.7264,39.0330
169,-65.4435,39.3667
169,-65.2948,39.7906
169,-65.2540,40.2693
169,-65.3633,40.7483
169,-65.5947,41.1646
169,-65.9317,41.5059
170,-90.4860,29.0983
170,-90.6117,29.5882
170,-91.0319,29.9416
170,-91.5823,30.3473
170,-92.1777,30.7849
170,-92.6658,31.2863
170,-93.1236,31.7283
170,-93.5820,32.0096
171,-76.4073,32.1613
171,-75.7919,32.8415
171,-75.0952,33.5258
171,-74.3174,34.2333
171,-73.3831,34.9903
171,-72.1844,35.7867
171,-70.9711,36.6549
171,-69.9455,37.6364
171,-69.1590,38.6194
171,-68.6794,39.4722
171,-68.3469,40.2839
171,-67.9056,41.1608
171,-67.4349,41.9484
172,-89.7773,25.6462
172,-90.0967,26.1106
172,-90.3408,26.6353
172,-90.5696,27.1500
172,-90.7043,27.7243
172,-90.7022,28.3761
172,-90.6678,29.1134
172,-90.6514,29.9252
172,-90.6313,30.8024
172,-90.4131,31.6130
172,-90.0947,32.3914
172,-89.8334,33.1858
172,-89.5582,33.9805
172,-89.2764,34.7822
173,-77.9763,33.7170
173,-77.8603,34.0260
173,-77.7481,34.3208
173,-77.7224,34.6428
173,-77.4200,34.8246
173,-77.1390,35.0083
173,-76.8919,35.2284
173,-76.6003,35.4802
173,-76.2638,35.7322
173,-75.8721,35.9416
173,-75.4357,36.1360
173,-74.9789,36.3304
173,-74.5076,36.5398
173,-74.0655,36.7764
173,-73.5795,37.0437
173,-73.0387,37.3072
173,-72.3514,37.6475
173,-71.4407,38.1272
173,-70.4233,38.6513
173,-69.4575,39.1025
173,-68.4951,39.5551
173,-67.6161,40.0163
173,-66.5670,40.5589
173,-65.1161,41.2386
173,-63.4389,41.9627
173,-61.8301,42.6090
174,-76.3359,26.5300
174,-77.2028,26.4775
174,-78.1698,26.4251
174,-79.1245,26.3599
174,-80.1038,26.3202
174,-81.1508,26.3677
174,-81.2378,26.3153
174,-82.2047,26.3629
174,-83.2172,26.3970
174,-84.2387,26.4580
174,-85.2706,26.5902
174,-86.2727,26.7531
174,-87.2202,26.8852
174,-88.1066,27.0483
174,-88.9462,27.2803
174,-89.7406,27.5434
174,-90.5528,27.7835
174,-91.2746,28.0385
174,-91.8370,28.3281
174,-92.3085,28.6336
174,-92.8172,28.9029
174,-93.2425,29.2288
174,-93.5467,29.6520
174,-93.7765,30.0239
174,-93.8641,30.3908
174,-93.8104,30.7190
174,-93.6649,30.9816
174,-93.4444,31.2141
174,-93.2409,31.4540
174,-92.9784,31.7093
174,-92.6399,31.9916
175,-88.2212,29.4357
175,-88.5085,29.7975
175,-88.8219,30.2069
175,-89.1864,30.5978
175,-89.5225,30.9781
175,-89.7034,31.4058
175,-89.8231,31.8493
175,-89.9810,32.2848
175,-90.1237,32.7205
176,-86.1060,25.0874
176,-86.4552,25.0107
176,-86.8790,24.9183
176,-87.1729,24.8685
176,-87.4519,24.8491
176,-87.8034,24.8422
176,-88.1249,24.8800
176,-88.2747,24.9273
176,-88.4979,25.1109
176,-89.0309,25.5392
176,-89.6708,26.0417
176,-90.2146,26.4743
176,-90.7438,26.7726
176,-91.2959,26.8480
176,-91.8167,26.8035
176,-92.3284,26.7615
176,-92.6897,26.7343
176,-92.8011,26.7770
176,-92.7626,26.8652
176,-92.7441,26.9731
176,-92.6356,27.0961
176,-92.4021,27.2116
176,-92.1086,27.3269
176,-91.8675,27.4497
176,-91.5815,27.5578
176,-91.1756,27.6459
176,-90.7545,27.6887
176,-90.4109,27.6840
176,-90.1274,27.6195
176,-89.8688,27.5149
176,-89.7004,27.3504
176,-89.6570,27.1083
176,-89.6734,26.8813
176,-89.6697,26.7617
176,-89.6463,26.7121
176,-89.6328,26.5526
176,-89.5981,26.3988
176,-89.5423,26.2508
176,-89.4656,26.1085
176,-89.3795,25.9710
176,-89.2756,25.8390
176,-89.1537,25.7124
176,-89.0140,25.5913
176,-88.8588,25.4747
176,-88.6863,25.3633
176,-88.4965,25.2573
176,-88.2895,25.1565
176,-88.0654,25.0609
176,-87.8642,24.9665
176,-87.6491,24.8769
176,-87.4203,24.7922
176,-87.1777,24.7123
176,-86.9215,24.6372
176,-86.6563,24.5641
176,-86.3779,24.4957
176,-86.0864,24.4317
176,-85.7875,24.3689
176,-85.4760,24.3105
176,-85.1520,24.2563
176,-84.8157,24.2064
176,-84.4743,24.1576
176,-84.1212,24.1128
176,-83.8367,24.0614
176,-83.5433,24.0135
176,-83.2411,23.9692
176,-82.9303,23.9284
176,-82.6190,23.8876
176,-82.2995,23.8502
176,-81.9720,23.8160
176,-81.6456,23.7815
176,-81.3116,23.7500
176,-80.9702,23.7216
176,-80.6305,23.6928
176,-80.2837,23.6668
176,-79.9301,23.6436
176,-79.5779,23.6209
176,-79.2192,23.6009
176,-78.8542,23.5834
176,-78.4903,23.5665
176,-78.1204,23.5520
176,-77.7531,23.5361
176,-77.3802,23.5224
176,-77.0020,23.5109
176,-76.6283,23.4931
176,-76.2498,23.4772
176,-75.8664,23.4633
176,-75.4877,23.4419
176,-75.1046,23.4221
177,-84.8566,29.4712
177,-85.4650,29.6872
177,-86.1319,29.9034
177,-86.6936,30.1118
177,-87.5072,30.5356
177,-88.4409,31.0908
177,-88.9825,31.4678
177,-89.6521,31.9984
177,-90.2578,32.5000
177,-90.7343,32.8231
177,-91.1331,33.1322
177,-91.5731,33.5384
177,-91.9084,34.0644
177,-92.0711,34.7352
177,-92.0837,35.4966
177,-92.0460,36.2774
177,-91.8590,37.0287
177,-91.4921,37.6750
177,-91.0343,38.2609
177,-90.6510,38.8491
177,-90.2096,39.3931
177,-89.6387,39.8776
178,-88.2510,28.6782
178,-88.5586,28.8198
178,-88.7906,28.9615
178,-88.9742,29.0961
178,-89.1302,29.2449
178,-89.2926,29.4215
178,-89.4698,29.6282
178,-89.6822,29.8474
178,-89.9094,30.1116
178,-90.1219,30.4307
178,-90.3490,30.7949
178,-90.6115,31.1641
178,-90.8886,31.5783
178,-91.1513,32.0399
179,-86.0841,23.0634
179,-86.4316,23.7236
179,-86.8545,24.5029
179,-87.1917,25.4577
179,-87.4250,26.4425
179,-87.5053,27.3234
179,-87.4954,28.0821
179,-87.4806,28.7019
179,-87.3658,29.1216
179,-87.2570,29.6101
179,-87.0362,30.0612
179,-86.6214,30.3810
179,-86.2066,30.6008
179,-85.7193,30.8012
179,-85.1771,30.9404
179,-84.6118,30.9676
179,-84.0475,30.9799
179,-83.5207,31.0723
180,-77.9869,32.6217
180,-78.1572,32.9299
180,-78.1800,33.3064
180,-78.1519,33.6532
180,-78.0731,33.9910
180,-77.9846,34.3333
180,-77.8662,34.6757
180,-77.7571,35.0102
180,-77.5594,35.3603
180,-77.2157,35.7450
180,-76.7525,36.1449
180,-76.2652,36.5290
180,-75.6456,36.9296
180,-74.8441,37.3570
180,-73.9387,37.8142
180,-73.0781,38.2900
180,-72.1318,38.7989
180,-71.0603,39.3545
180,-69.8249,39.8835
180,-68.4881,40.3023
180,-66.9180,40.6682
181,-90.0385,28.9114
181,-89.4037,30.1351
181,-88.5689,31.1588
181,-87.4351,32.4255
181,-85.8992,33.8061
181,-84.0317,35.0832
181,-81.7295,36.3535
181,-79.0881,37.6822
181,-76.0598,38.9009
182,-85.3146,29.4763
182,-84.9123,30.4026
182,-84.6033,30.9396
182,-83.8697,31.6094
182,-83.1839,32.1660
182,-82.4271,32.7162
182,-81.5351,33.3471
182,-80.5845,34.0231
182,-79.6410,34.7487
182,-78.7419,35.4299
182,-77.9251,36.0151
183,-75.9290,18.8534
183,-75.8285,19.3425
183,-75.5573,20.0656
183,-75.3860,20.7886
183,-75.2403,21.5184
183,-75.2434,22.2347
183,-75.5185,22.9604
183,-75.9008,23.5808
183,-76.1875,24.0137
183,-76.4583,24.3268
183,-76.7520,24.6224
183,-77.0157,24.8729
183,-77.2394,25.1109
183,-77.3731,25.3190
183,-77.3895,25.4920
183,-77.3305,25.6651
183,-77.2816,25.8731
183,-77.1880,26.1112
183,-77.0687,26.3615
183,-76.8454,26.6573
183,-76.4619,27.0230
183,-76.0028,27.4033
183,-75.5737,27.7338
183,-75.1603,28.0494
183,-74.7886,28.3797
183,-74.4177,28.6955
183,-74.0108,28.9684
183,-73.5751,29.2416
183,-73.1107,29.5345
183,-72.6325,29.8877
183,-72.1240,30.3159
183,-71.6900,30.8337
183,-71.3572,31.4190
183,-71.2474,32.0798
183,-71.3255,32.8012
183,-71.8048,33.5259
183,-72.8755,34.2061
183,-74.0623,34.7720
183,-74.8910,35.1950
183,-75.4197,35.8181
183,-76.2318,36.0703
183,-77.1771,36.0641
183,-78.0517,36.0947
183,-78.8346,36.1102
184,-85.7175,22.8614
184,-86.3820,23.1834
184,-86.9999,23.4759
184,-87.5562,23.8677
184,-88.0823,24.2904
184,-88.6237,24.7048
184,-89.1647,25.1048
184,-89.7138,25.4618
184,-90.2471,25.8193
184,-90.7459,26.2262
184,-91.2295,26.6337
184,-91.7207,27.0207
184,-92.2119,27.3482
184,-92.7410,27.5780
184,-93.1943,27.7626
184,-93.4733,27.9544
184,-93.6767,28.1771
184,-93.9403,28.4768
184,-94.1592,28.7915
184,-94.2359,29.0334
184,-94.3416,29.3060
184,-94.6451,29.6908
184,-95.0240,30.1204
184,-95.3727,30.5426
184,-95.7064,30.9349
185,-86.8358,29.5722
185,-87.2103,29.8381
185,-87.6109,30.1514
185,-88.0628,30.4464
185,-88.4861,30.7306
185,-88.7542,31.0624
185,-88.9612,31.4098
185,-89.2065,31.7494
185,-89.4363,32.0890
186,-77.9557,31.7496
186,-78.0571,32.3977
186,-77.9340,33.2515
186,-77.6597,34.1939
186,-77.3906,35.0569
186,-77.0624,35.8901
186,-76.6803,36.6959
186,-76.2651,37.4863
186,-75.9164,38.3094
186,-75.5499,39.1152
187,-90.9046,28.5371
187,-91.1333,28.9876
187,-91.6565,29.3016
187,-92.3100,29.6679
187,-93.0084,30.0661
187,-93.5995,30.5280
187,-94.1603,30.9306
188,-90.8934,28.0757
188,-91.1724,28.1924
188,-91.3760,28.3091
188,-91.5311,28.4187
188,-91.6586,28.5425
188,-91.7925,28.6942
188,-91.9411,28.8760
188,-92.1250,29.0702
188,-92.3237,29.3094
188,-92.5077,29.6036
188,-92.7063,29.9428
188,-92.9402,30.2870
188,-93.1888,30.6763
188,-93.4230,31.1129
189,-91.7205,29.6058
189,-91.8226,30.3297
189,-91.8050,30.9372
189,-91.7000,31.3948
189,-91.6109,31.9347
189,-91.4774,32.4598
189,-91.3107,32.9571
189,-91.0549,33.4249
190,-90.2198,28.9538
190,-90.5860,29.1248
190,-90.8767,29.2957
190,-91.1190,29.4595
190,-91.3337,29.6377
190,-91.5548,29.8436
190,-91.7907,30.0796
190,-92.0618,30.3280
190,-92.3477,30.6215
190,-92.6189,30.9699
190,-92.9047,31.3634
190,-93.2258,31.7619
190,-93.5616,32.2053
190,-93.8831,32.6962
190,-94.2186,33.2473
190,-94.5971,33.8458
190,-94.9756,34.4892
190,-95.3413,35.1602
190,-95.6326,35.8311
190,-95.8139,36.4745
190,-95.8895,37.0730
190,-95.9205,37.6389
190,-95.8465,38.1150
190,-95.6579,38.4712
190,-95.4035,38.7569
190,-95.2820,39.1779
190,-95.1444,39.5854
190,-94.9905,39.9797
190,-94.8192,40.3598
190,-94.6212,40.7246
190,-94.4035,41.0754
190,-94.1658,41.4123
190,-93.8917,41.7327
190,-93.5929,42.0372
190,-93.2709,42.3273
190,-92.9065,42.6000
190,-92.5151,42.8564
190,-92.0982,43.0980
190,-91.6540,43.3244
190,-91.1629,43.5333
190,-90.6444,43.7274
190,-90.0982,43.9070
190,-89.5247,44.0733
190,-88.9240,44.2253
190,-88.2717,44.3633
190,-87.5911,44.4871
190,-86.8817,44.5997
190,-86.1425,44.7030
190,-85.3757,44.7929
191,-78.1584,18.2658
191,-79.0305,18.6706
191,-79.9171,19.0606
191,-80.7618,19.4576
191,-81.5759,19.8554
191,-82.3631,20.2524
191,-83.1347,20.6502
191,-83.9146,21.0323
191,-84.6935,21.4450
191,-85.5162,22.0484
191,-86.2523,22.4398
191,-86.3817,22.5372
191,-87.0414,22.9544
191,-87.9405,23.7320
191,-88.7039,24.2172
191,-89.3992,24.6268
191,-90.0366,25.0312
191,-90.6580,25.4216
191,-91.3375,25.8265
191,-92.0168,26.2164
191,-92.6614,26.5786
191,-93.2756,26.9112
191,-93.8702,27.2234
191,-94.4344,27.5061
191,-94.9864,27.7684
191,-95.4932,28.0009
191,-95.9452,28.2056
191,-96.3519,28.3957
191,-96.7090,28.5927
191,-97.1107,28.7905
191,-97.6674,29.0031
191,-98.2695,29.1853
192,-78.4083,20.7740
192,-77.8207,21.0994
192,-77.4484,21.3013
192,-77.2741,21.3948
192,-76.9885,21.6287
192,-76.9206,21.7972
192,-76.9286,21.9560
192,-76.9061,22.1272
192,-76.8687,22.2833
192,-76.8037,22.3970
192,-76.7087,22.5107
192,-76.5863,22.6668
192,-76.4488,22.8380
192,-76.3189,23.0166
192,-76.1889,23.1653
192,-76.0590,23.2590
192,-75.9290,23.2926
192,-75.7840,23.2863
192,-75.6691,23.2200
192,-75.6091,23.0986
192,-75.6092,22.9473
192,-75.6567,22.8260
192,-75.7493,22.6746
192,-75.8543,22.4458
192,-75.9894,22.2020
192,-76.1219,21.9855
192,-76.3294,21.8293
192,-76.6621,21.7480
192,-77.0695,21.7566
192,-77.4821,21.8327
192,-77.9096,21.9840
192,-78.3224,22.1599
192,-78.7497,22.4113
192,-79.2197,22.7524
192,-79.6898,23.1386
192,-80.1253,23.4796
192,-80.5299,23.8659
192,-80.9152,24.3420
192,-81.2700,24.8933
192,-81.6277,25.4470
192,-81.9100,26.1206
192,-82.1119,26.9667
192,-82.1501,27.9479
192,-81.9818,28.9967
192,-81.6902,30.0753
192,-81.6353,31.0639
192,-81.5497,32.0361
192,-81.4272,32.9922
193,-78.8470,18.5575
193,-79.7008,18.9525
193,-80.5690,19.3327
193,-81.3953,19.7199
193,-82.1910,20.1078
193,-82.9598,20.4950
193,-83.7130,20.8830
193,-84.4745,21.2553
193,-85.2350,21.6582
193,-86.0393,22.2518
193,-86.7571,22.6334
193,-86.8681,22.7209
193,-87.5094,23.1283
193,-88.3901,23.8961
193,-89.1351,24.3714
193,-89.8121,24.7713
193,-90.4311,25.1659
193,-91.0341,25.5465
193,-91.6952,25.9415
193,-92.3561,26.3216
193,-92.9824,26.6740
193,-93.5781,26.9968
193,-94.1543,27.2992
193,-94.7002,27.5720
193,-95.2338,27.8245
193,-95.7222,28.0472
193,-96.1558,28.2421
193,-96.5442,28.4223
193,-96.8828,28.6095
193,-97.2662,28.7975
193,-97.8045,29.0003
193,-98.3882,29.1727
193,-98.9219,29.2752
194,-80.7498,25.0539
194,-80.1918,25.2837
194,-79.4609,25.6127
194,-78.6757,26.0434
194,-78.0095,26.5425
194,-77.3596,27.1030
194,-76.6507,27.6527
194,-75.9435,28.2627
194,-75.2750,28.9655
194,-74.6274,29.7223
194,-73.9443,30.3772
194,-73.2570,31.0210
194,-72.5653,31.6539
194,-71.8628,32.2771
194,-71.1450,32.8916
194,-70.4176,33.4961
194,-69.6671,34.0939
194,-68.9071,34.6827
194,-68.1155,35.2653
194,-67.2862,35.8428
194,-66.4383,36.4117
194,-65.5440,36.9769
194,-64.6327,37.5338
194,-63.6661,38.0871
194,-62.6801,38.6314
194,-61.6335,39.1737
194,-60.5240,39.7144
194,-59.3882,40.2460
194,-58.1806,40.7730
194,-56.9425,41.2906
194,-55.6320,41.7990
194,-54.2870,42.2958
194,-52.8640,42.7834
194,-51.4072,43.2516
195,-90.1840,28.8406
195,-90.6945,29.1802
195,-90.9558,29.5422
195,-90.9743,29.9437
195,-91.1217,30.3105
195,-91.2541,30.7073
195,-91.3886,31.1890
195,-91.4339,31.6708
195,-91.3189,32.0601
195,-91.1137,32.4343
195,-90.9185,32.8586
195,-90.6936,33.2979
195,-90.4706,33.7444
195,-90.1734,34.1614
195,-89.7651,34.5005
195,-89.2532,34.8250
195,-88.6877,35.1988
195,-88.0330,35.5885
195,-87.3167,35.9547
195,-86.5128,36.3521
195,-85.6394,36.8107
196,-88.4584,26.8215
196,-88.6184,27.3982
196,-88.7932,27.9601
196,-88.9957,28.4519
196,-89.2280,28.8987
196,-89.4954,29.3406
196,-89.7628,29.7373
196,-89.9580,30.1015
196,-90.1976,30.3760
196,-90.5473,30.5550
196,-91.0325,30.6146
196,-91.6854,30.5568
196,-92.3673,30.4532
196,-92.9075,30.3696
196,-93.4021,30.3918
196,-93.9111,30.6041
197,-86.3865,28.7372
197,-86.8211,29.1932
197,-87.2817,29.6967
197,-87.7936,30.1819
197,-88.2770,30.6562
197,-88.6052,31.1781
197,-88.8722,31.7157
197,-89.1775,32.2455
197,-89.4674,32.7752
197,-89.7598,33.3200
197,-89.9627,33.8347
197,-90.0058,34.2869
197,-89.9579,34.6942
197,-89.9278,35.0590
197,-89.8532,35.4538
197,-89.7672,35.9382
197,-89.5484,36.5133
197,-89.1731,37.1920
197,-88.5436,37.8728
197,-87.6103,38.4709
197,-86.5389,38.9323
197,-85.6520,39.2189
198,-77.9580,32.5772
198,-78.1248,32.9495
198,-78.1442,33.3902
198,-78.1126,33.8012
198,-78.0304,34.2031
198,-77.9384,34.6096
198,-77.8166,35.0161
198,-77.7041,35.4148
198,-77.5028,35.8290
198,-77.1558,36.2779
198,-76.6891,36.7420
198,-76.1984,37.1902
198,-75.5753,37.6549
198,-74.7703,38.1465
198,-73.8615,38.6679
198,-72.9975,39.2078
198,-72.0477,39.7808
198,-70.9728,40.4006
198,-69.7339,40.9938
198,-68.3937,41.4767
199,-79.0920,26.5575
199,-79.7264,26.6904
199,-80.3036,26.8645
199,-80.7952,27.0879
199,-81.2249,27.3415
199,-81.5641,27.6853
199,-81.8064,28.1688
199,-82.0330,28.6828
199,-82.3527,29.0815
199,-82.7018,29.4802
199,-83.1029,29.9341
199,-83.3707,30.4777
199,-83.3314,31.1988
199,-83.1396,31.8751
199,-83.0106,32.2611
199,-82.8084,32.5726
200,-78.6055,33.3960
200,-78.3008,33.7284
200,-77.8169,34.0317
200,-77.1304,34.3155
200,-76.4283,34.5675
200,-75.9088,34.8224
200,-75.5396,35.0032
200,-75.2622,35.0583
200,-75.1510,35.0390
200,-75.1665,35.0291
200,-75.3624,34.9747
200,-75.7383,34.8428
200,-76.1738,34.7104
200,-76.5318,34.6858
200,-76.7851,34.6462
200,-76.8557,34.4416
200,-76.8965,34.2819
200,-77.0647,34.3773
200,-77.3079,34.5177
200,-77.6286,34.5231
200,-77.9193,34.4534
200,-78.0550,34.3438
200,-78.1306,34.1891
200,-78.2212,34.0070
200,-78.3420,33.8249
201,-84.4712,29.1720
201,-85.2557,29.4123
201,-86.0986,29.6529
201,-86.8364,29.8857
201,-87.8261,30.3338
201,-88.9358,30.9134
201,-89.6535,31.3148
201,-90.4992,31.8697
201,-91.2809,32.3957
201,-91.9335,32.7431
201,-92.5083,33.0766
201,-93.1243,33.5072
201,-93.6357,34.0575
201,-93.9745,34.7528
201,-94.1632,35.5385
201,-94.3016,36.3437
201,-94.2906,37.1194
202,-87.7459,29.3400
202,-87.6972,29.3782
202,-87.6693,29.3442
202,-87.5309,29.2463
202,-87.3927,29.1484
202,-87.3395,29.1279
202,-87.3161,29.1525
202,-87.2704,29.1971
202,-87.2396,29.2567
202,-87.2363,29.3088
202,-87.2630,29.3609
202,-87.3172,29.4055
202,-87.3864,29.4651
202,-87.4555,29.5522
202,-87.5098,29.6693
202,-87.5588,29.8138
202,-87.5332,29.9735
202,-87.3525,30.0957
202,-87.1566,30.2776
202,-87.1106,30.6371
202,-87.0800,30.9818
202,-86.9492,31.1289
202,-86.8034,31.1860
203,-82.5672,22.1191
203,-83.0087,22.5667
203,-83.3528,22.9592
203,-83.6514,23.3913
203,-84.0504,23.9384
203,-84.4941,24.5158
203,-84.9732,25.0431
203,-85.4369,25.5403
203,-85.8018,26.0095
203,-86.1796,26.4649
203,-86.6787,26.9346
203,-87.2224,27.3894
203,-87.7949,27.8189
203,-88.2651,28.2140
203,-88.5365,28.5762
203,-89.1079,29.1385
203,-89.4881,29.5946
203,-89.7506,29.9630
203,-90.0597,30.2903
203,-90.2934,30.5876
203,-90.3952,30.9071
203,-90.4361,31.2121
203,-90.5373,31.4894
203,-90.5789,31.7367
204,-65.6213,17.3480
204,-66.3428,17.5129
204,-67.1459,17.7045
204,-68.0118,17.9334
204,-68.8040,18.1008
204,-69.5807,18.2539
204,-70.3653,18.4139
204,-71.1496,18.5744
204,-71.9341,18.7419
204,-72.7185,18.8949
204,-73.5000,19.0056
204,-74.2874,19.1154
204,-75.1184,19.3194
204,-75.8563,19.3359
204,-76.6619,19.3619
204,-77.5252,19.4564
204,-78.2822,19.4813
204,-78.9941,19.4770
204,-79.6653,19.4129
204,-80.3630,19.3975
204,-81.1475,19.5077
204,-81.6319,19.5180
204,-82.2028,19.5612
204,-82.8008,19.6385
204,-83.3577,19.7486
204,-83.8697,19.8590
204,-84.3418,19.9267
204,-84.7386,19.9795
204,-85.0607,20.0021
204,-85.3075,20.1000
204,-85.5309,20.3262
204,-85.6764,20.7205
204,-85.8315,21.1953
204,-86.0453,21.6410
204,-86.1163,22.1457
204,-86.2142,22.6615
204,-86.5050,23.2545
204,-86.8831,23.8820
204,-87.1958,24.4995
204,-87.5520,25.1025
204,-88.0065,25.6927
204,-88.5210,26.2230
204,-89.0264,26.6554
204,-89.5899,27.0435
204,-90.2446,27.4611
204,-90.9588,27.8640
204,-91.6940,28.2241
204,-92.4277,28.5845
204,-93.1495,29.0022
204,-93.7966,29.4050
204,-94.3267,29.7449
204,-94.7655,30.0255
204,-95.1655,30.2506
204,-95.5344,30.4460
204,-95.9132,30.6515
205,-91.2280,28.4963
205,-91.7152,28.8803
205,-91.9533,29.2866
205,-91.9485,29.7324
205,-92.0726,30.1435
205,-92.1817,30.5846
205,-92.2930,31.1107
205,-92.3150,31.6368
205,-92.1768,32.0704
205,-91.9483,32.4890
205,-91.7298,32.9576
205,-91.4816,33.4412
205,-91.2354,33.9320
205,-90.9149,34.3934
206,-80.8565,32.1075
206,-81.0427,32.8483
206,-81.0046,33.7947
206,-80.8153,34.8297
206,-80.6311,35.7854
206,-80.3878,36.7112
206,-80.0906,37.6096
207,-87.7561,29.4973
207,-87.1558,29.7606
207,-86.5558,30.0543
207,-85.9989,30.2944
207,-85.3555,30.6113
207,-84.4937,31.1102
207,-83.5553,31.6682
207,-82.7191,32.1756
207,-81.8550,32.6252
208,-92.0257,29.6948
208,-91.8371,30.3682
208,-91.7485,30.7416
208,-91.2599,31.3150
208,-90.6713,31.8883
209,-77.0464,23.6911
209,-77.7649,23.6323
209,-78.5834,23.5736
209,-79.3897,23.5021
209,-80.2204,23.4561
209,-81.1189,23.4973
209,-81.0574,23.4387
209,-81.8759,23.4800
209,-82.7399,23.5078
209,-83.6129,23.5625
209,-84.4963,23.6884
209,-85.3500,23.8450
209,-86.1490,23.9708
209,-86.8870,24.1276
209,-87.5781,24.3533
209,-88.2240,24.6101
209,-88.8877,24.8439
209,-89.4610,25.0927
209,-89.8749,25.3759
209,-90.1980,25.6752
209,-90.5582,25.9382
209,-90.8350,26.2578
209,-90.9908,26.6747
209,-91.0720,27.0403
209,-91.0112,27.4009
209,-90.8091,27.7229
209,-90.5151,27.9792
209,-90.1461,28.2054
209,-89.7941,28.4390
209,-89.3831,28.6879
209,-88.8962,28.9640
209,-88.3201,29.2705
209,-87.6979,29.6037
209,-86.9571,29.9530
209,-86.1360,30.2776
209,-85.0941,30.6356
209,-83.7549,31.0613
209,-82.2311,31.5181
209,-81.0496,31.9094
209,-79.8854,32.2937
209,-78.7338,32.6706
209,-77.5959,33.0414
209,-76.4710,33.4068
209,-75.3491,33.7661
209,-74.2372,34.1213
209,-73.1351,34.4727
209,-72.0258,34.8193
209,-70.9238,35.1659
209,-69.8072,35.5101
209,-68.6960,35.8530
209,-67.5907,36.1955
209,-66.4606,36.5393
209,-65.3332,36.8831
209,-64.2095,37.2253
209,-63.0487,37.5687
209,-61.8928,37.9081
209,-60.7411,38.2420
209,-59.5387,38.5777
209,-58.3376,38.9080
209,-57.1386,39.2318
209,-55.8742,39.5563
209,-54.6203,39.8681
209,-53.3699,40.1708
209,-52.0450,40.4764
209,-50.7305,40.7663
209,-49.4186,41.0455
209,-48.1115,41.3140
209,-46.7341,41.5771
209,-45.3604,41.8267
210,-90.4260,26.8567
210,-90.9055,27.5944
210,-91.4175,28.3136
210,-91.7518,28.8153
210,-92.0090,29.4705
210,-92.1972,30.2623
210,-92.2005,30.8274
210,-92.0698,31.5246
210,-91.7920,32.2843
210,-91.4679,33.0448
211,-86.2045,20.2278
211,-86.3590,20.5843
211,-86.5129,20.8520
211,-86.6334,21.0508
211,-86.7580,21.3915
211,-86.8079,21.7172
211,-86.7477,21.9303
211,-86.5823,22.0836
211,-86.3346,22.2394
211,-86.0567,22.3500
211,-85.8139,22.4207
211,-85.6311,22.4164
211,-85.5383,22.3296
211,-85.5056,22.1829
211,-85.4627,22.0310
211,-85.4800,21.8493
211,-85.6023,21.6476
211,-85.7544,21.4157
211,-85.8381,21.1761
211,-85.9289,20.8821
211,-86.0661,20.5153
211,-86.1033,20.1486
211,-86.0600,19.7448
211,-85.9777,19.3150
211,-85.9899,18.9232
211,-86.0071,18.5390
211,-86.0291,18.1624
211,-86.0560,17.7935
211,-86.0923,17.4317
211,-86.1344,17.0773
211,-86.1870,16.7292
211,-86.2462,16.3883
211,-86.3118,16.0546
211,-86.3868,15.7268
211,-86.4685,15.4062
211,-86.5570,15.0925
211,-86.6575,14.7863
212,-88.7395,26.4762
212,-88.3106,27.3544
212,-87.8903,28.1839
212,-87.4173,29.1482
212,-86.9410,30.1916
212,-86.5741,31.2837
212,-86.2917,32.3993
212,-86.1287,33.4341
212,-85.7425,34.6070
212,-84.6820,36.1793
213,-79.9517,25.3225
213,-79.3290,25.6447
213,-78.5335,26.0660
213,-77.6836,26.5890
213,-76.9528,27.1805
213,-76.2382,27.8333
213,-75.4647,28.4753
213,-74.6928,29.1776
213,-73.9596,29.9728
213,-73.2474,30.8219
213,-72.4997,31.5691
213,-71.7468,32.3038
213,-70.9842,33.0272
213,-70.2150,33.7389
213,-69.4272,34.4406
213,-68.6164,35.1335
213,-67.7764,35.8179
213,-66.9220,36.4919
213,-66.0300,37.1590
213,-65.0952,37.8198
213,-64.1397,38.4702
213,-63.1306,39.1154
213,-62.0978,39.7508
213,-61.0131,40.3811
213,-59.8672,41.0045
213,-58.6902,41.6174
213,-57.4474,42.2229
213,-56.1382,42.8193
213,-54.7894,43.4039
213,-53.3706,43.9738
213,-51.9099,44.5301
214,-86.3010,29.0854
214,-86.7812,29.4394
214,-87.2874,29.8409
214,-87.8448,30.2240
214,-88.3737,30.5964
214,-88.7475,31.0164
214,-89.0601,31.4520
214,-89.4109,31.8797
214,-89.7464,32.3075
214,-90.0843,32.7503
215,-90.6920,25.1250
215,-91.1461,25.6776
215,-91.6327,26.2116
215,-91.9417,26.5282
215,-92.1735,26.9982
215,-92.3364,27.6049
215,-92.3143,27.9848
215,-92.1582,28.4969
215,-91.8551,29.0714
215,-91.5056,29.6468
215,-90.9959,30.3580
215,-90.2824,31.2876
215,-89.4367,32.3446
215,-88.8321,33.1629
215,-88.2123,33.9651
215,-87.5769,34.7513
215,-86.9194,35.5214
215,-86.2355,36.2754
216,-79.4145,21.1601
216,-78.9941,21.6499
216,-78.7889,22.0163
216,-78.7818,22.2742
216,-78.6634,22.6725
216,-78.7627,23.0056
216,-78.9378,23.3287
216,-79.0826,23.6643
216,-79.2123,23.9849
216,-79.3145,24.2630
216,-79.3867,24.5411
216,-79.4315,24.8617
216,-79.4612,25.1973
216,-79.4984,25.5404
216,-79.5356,25.8535
216,-79.5729,26.1116
216,-79.6101,26.3097
216,-79.6323,26.4678
216,-79.6846,26.5659
216,-79.7918,26.6090
216,-79.9590,26.6221
216,-80.1737,26.6652
216,-80.4335,26.6783
216,-80.7057,26.6139
216,-81.0079,26.5345
216,-81.3076,26.4824
216,-81.6824,26.4907
216,-82.1822,26.5738
216,-82.7568,26.7469
216,-83.3365,26.9874
216,-83.9313,27.3031
216,-84.5113,27.6435
216,-85.1057,28.0593
216,-85.7429,28.5649
216,-86.3802,29.1155
216,-86.9829,29.6210
216,-87.5546,30.1717
216,-88.1071,30.8122
216,-88.6291,31.5279
216,-89.1540,32.2461
216,-89.6035,33.0841
216,-89.9725,34.0946
216,-90.1780,35.2403
217,-82.3004,26.5601
217,-83.0436,26.6764
217,-83.7298,26.8339
217,-84.3304,27.0406
217,-84.8689,27.2775
217,-85.3171,27.6047
217,-85.6683,28.0716
217,-86.0038,28.5689
217,-86.4325,28.9510
217,-86.8905,29.3331
217,-87.4005,29.7703
217,-87.7772,30.2972
217,-87.8469,31.0017
217,-87.7639,31.6614
217,-87.7439,32.0307
217,-87.6507,32.3255
218,-90.0802,26.6316
218,-89.6957,27.5485
218,-89.3198,28.4166
218,-88.8912,29.4196
218,-88.4594,30.5016
218,-88.1369,31.6323
218,-87.8989,32.7866
218,-87.7803,33.8600
218,-87.4385,35.0716
218,-86.4224,36.6825
218,-85.2781,38.2565
218,-84.6593,39.4161
218,-84.1176,40.3415
219,-82.4401,23.2902
219,-82.1514,23.6051
219,-81.4276,24.1155
219,-80.7189,24.5573
219,-80.1152,24.9409
219,-79.2394,25.5313
219,-78.3028,26.1662
219,-77.4607,26.7505
219,-76.5904,27.2916
219,-75.6064,27.7915
219,-74.5780,28.2169
219,-73.6455,28.5647
219,-72.5655,28.8423
219,-71.1526,28.9948
219,-69.5531,29.2676
219,-67.9095,29.8784
219,-66.2407,30.6930
219,-64.6595,31.1556
219,-63.0825,31.6097
219,-61.5118,32.0543
219,-59.9479,32.4894
219,-58.3837,32.9172
219,-56.8264,33.3360
219,-55.2657,33.7492
219,-53.7126,34.1546
219,-52.1534,34.5582
219,-50.6022,34.9546
219,-49.0675,35.3421
219,-47.5202,35.7260
219,-45.9829,36.1007
219,-44.4662,36.4646
219,-42.9247,36.8283
219,-41.4051,37.1787
219,-39.8550,37.5280
219,-38.3280,37.8618
219,-36.8134,38.1839
219,-35.2756,38.5017
219,-33.7486,38.8058
219,-32.2445,39.0842
219,-30.7531,39.3441
219,-29.2290,39.5828
220,-86.5761,23.9925
220,-86.9396,24.6576
220,-87.3785,25.4418
220,-87.7317,26.4015
220,-87.9809,27.3911
220,-88.0772,28.2769
220,-88.0833,29.0404
220,-88.0845,29.6650
220,-87.9857,30.0896
220,-87.8929,30.5829
220,-87.6882,31.0389
220,-87.2894,31.3635
220,-86.8906,31.5882
220,-86.4192,31.7934
220,-85.8930,31.9374
220,-85.3437,31.9696
220,-84.7954,31.9867
221,-78.6705,33.5189
221,-78.2708,33.9424
221,-77.6920,34.3369
221,-76.9106,34.7119
221,-76.1135,35.0550
221,-75.4990,35.4010
221,-75.0349,35.6730
221,-74.6625,35.8193
221,-74.4564,35.8911
221,-74.3769,35.9724
221,-74.4778,36.0092
221,-74.7588,35.9684
221,-75.0993,35.9272
221,-75.3624,35.9937
222,-77.5272,31.1676
222,-77.7609,31.6938
222,-77.9933,32.2353
222,-78.2985,32.8043
222,-78.5595,33.4030
222,-78.6952,33.8843
222,-78.7257,34.6706
222,-78.7088,34.8044
222,-78.9234,35.4634
222,-79.3750,35.9721
222,-79.5383,36.6641
222,-79.6412,37.3398
222,-79.8096,37.9460
222,-80.0074,38.5074
222,-80.2332,39.0487
223,-76.7962,33.2179
223,-76.7403,33.2388
223,-76.3137,34.2975
223,-75.7089,35.5336
223,-74.9604,36.9148
223,-74.1340,38.4432
223,-73.2071,40.0322
223,-72.1521,41.5791
223,-71.1538,43.0495
223,-70.4007,44.3951
223,-69.8005,45.6669
223,-68.9489,47.0756
224,-78.7803,31.8522
224,-78.9760,32.0549
224,-79.0243,32.3259
224,-79.0216,32.5672
224,-78.9682,32.7995
224,-78.9050,33.0363
224,-78.8121,33.2732
224,-78.7284,33.5022
224,-78.5560,33.7468
224,-78.2378,34.0260
224,-77.7999,34.3205
224,-77.3381,34.5990
224,-76.7438,34.8941
224,-75.9677,35.2160
224,-75.0878,35.5677
224,-74.2526,35.9380
224,-73.3317,36.3414
224,-72.2856,36.7916
224,-71.0756,37.2150
224,-69.7642,37.5283
224,-68.2195,37.7887
224,-66.3531,37.9887
224,-64.3634,38.2623
224,-62.5226,38.6956
224,-60.6073,39.3360
224,-58.4598,40.1673
224,-56.1512,41.1096
224,-53.8219,42.0254
224,-51.2952,42.8833
224,-48.4306,43.5554
225,-87.2776,25.3537
225,-87.5502,25.5686
225,-87.8569,25.8246
225,-88.1891,26.0600
225,-88.5361,26.2955
225,-88.8759,26.5233
225,-89.2153,26.7664
225,-89.5551,27.0367
225,-89.8946,27.3372
225,-90.2344,27.6576
225,-90.5738,28.0081
225,-90.9211,28.3785
225,-91.2531,28.7790
225,-91.5579,29.2068
225,-91.8323,29.6499
225,-92.1077,30.0511
225,-92.3115,30.5207
225,-92.4709,31.1002
225,-92.6908,31.6916
225,-92.6869,32.2776
225,-92.5700,32.8625
226,-89.1603,26.7467
226,-88.7706,27.7511
226,-88.3894,28.7068
226,-87.9556,29.7973
226,-87.5185,30.9668
226,-87.1908,32.1851
226,-86.9476,33.4269
226,-86.8237,34.5878
227,-83.5756,20.1753
227,-84.4028,20.3137
227,-85.2141,20.4819
227,-85.9243,20.7542
227,-86.5527,21.0884
227,-87.1220,21.4417
227,-87.9913,21.6950
227,-88.9343,21.9553
227,-89.8298,22.2016
227,-90.5519,22.4118
227,-91.1684,22.6081
227,-91.7452,22.8185
227,-92.3069,23.0147
227,-92.9265,23.1604
227,-93.5455,23.3213
227,-94.1223,23.5593
227,-94.6840,23.8278
227,-95.2464,24.0509
227,-95.8226,24.3344
227,-96.4337,24.8025
227,-97.0612,25.2409
227,-97.6722,25.4137
227,-98.2997,25.5475
227,-98.9672,25.8112
228,-86.6834,21.0499
228,-87.5136,21.3271
228,-88.2971,21.5749
228,-89.0190,21.9220
228,-89.7107,22.3000
228,-90.4177,22.6697
228,-91.1244,23.0250
228,-91.8391,23.3373
228,-92.5380,23.6500
228,-93.2025,24.0122
228,-93.8517,24.3751
228,-94.5085,24.7173
228,-95.1653,25.0001
228,-95.8600,25.1853
228,-96.4790,25.3251
228,-96.9236,25.4722
228,-97.2926,25.6502
228,-97.7218,25.9052
228,-98.1063,26.1752
228,-98.3487,26.3724
228,-98.6199,26.6002
229,-77.8116,33.4021
229,-77.5409,33.5893
229,-77.2851,33.7615
229,-77.0419,33.9138
229,-76.8587,34.0210
229,-76.7954,34.0730
229,-76.7322,34.0804
229,-76.5262,34.0528
229,-76.3057,34.0399
229,-76.1847,34.0595
229,-76.0792,34.1994
229,-75.9529,34.5114
229,-75.7527,34.9588
229,-75.4272,35.4736
229,-75.0262,36.0183
229,-74.6485,36.4676
229,-74.1997,36.9778
229,-73.6461,37.6771
229,-72.9732,38.4372
229,-72.2388,39.1007
229,-71.3467,39.7967
229,-70.2358,40.6042
229,-69.0203,41.4562
230,-84.7645,28.0185
230,-85.5055,28.0873
230,-86.3050,28.1565
230,-86.9993,28.2178
230,-87.9455,28.4944
230,-89.0118,28.9025
230,-89.6860,29.1324
230,-90.4882,29.5158
230,-91.2264,29.8703
230,-91.8356,30.0463
230,-92.3669,30.2083
230,-92.9395,30.4674
230,-93.4074,30.8462
230,-93.7027,31.3700
230,-93.8479,31.9842
230,-93.9428,32.6180
231,-87.8715,24.0320
231,-88.2023,23.8511
231,-88.6076,23.6545
231,-88.8831,23.5005
231,-89.1437,23.3769
231,-89.4768,23.2658
231,-89.7798,23.1994
231,-89.9112,23.1425
231,-90.1159,23.2218
231,-90.6306,23.5460
231,-91.2520,23.9442
231,-91.7774,24.2726
231,-92.2882,24.4667
231,-92.8219,24.4378
231,-93.3243,24.2891
231,-93.8175,24.1429
231,-94.1604,24.0116
231,-94.2533,23.9500
231,-94.1965,23.9340
231,-94.1595,23.9377
231,-94.0326,23.9564
231,-93.7807,23.9677
231,-93.4687,23.9789
231,-93.2092,23.9975
231,-92.9048,24.0013
231,-92.4804,23.9852
231,-92.0409,23.9238
231,-91.6789,23.8149
231,-91.3770,23.6462
231,-91.1000,23.4374
231,-90.9131,23.1686
231,-90.8514,22.8224
231,-90.8492,22.4911
231,-90.8272,22.2673
231,-90.7854,22.1135
231,-90.7534,21.8497
231,-90.7153,21.5931
231,-90.6711,21.3435
231,-90.6208,21.1010
231,-90.5748,20.8651
231,-90.5254,20.6362
231,-90.4724,20.4141
231,-90.4161,20.1991
231,-90.3563,19.9909
231,-90.3155,19.7881
231,-90.2737,19.5921
231,-90.2310,19.4027
231,-90.1874,19.2199
231,-90.1428,19.0438
231,-90.1296,18.8708
231,-90.1178,18.7041
231,-90.1111,18.5411
231,-90.1060,18.3841
231,-90.1023,18.2331
231,-90.1002,18.0881
231,-90.1395,17.9426
232,-88.2168,29.6353
232,-88.2744,30.1828
232,-88.6266,30.5938
232,-89.1091,31.0571
232,-89.6364,31.5524
232,-90.0564,32.1113
232,-90.4462,32.6109
232,-90.8367,32.9499
232,-91.2561,33.1695
232,-91.7315,33.3210
232,-92.2659,33.4280
232,-92.8551,33.5504
232,-93.4757,33.6866
232,-94.0306,33.8158
233,-88.4762,28.7011
233,-88.9306,29.1296
233,-89.4110,29.6056
233,-89.9427,30.0633
233,-90.4458,30.5102
233,-90.7938,31.0046
233,-91.0806,31.5147
234,-84.8208,29.3629
234,-84.2321,30.1850
234,-83.7366,30.6177
234,-82.8165,31.1833
234,-81.9443,31.6356
234,-81.0009,32.0816
234,-79.9225,32.6081
234,-78.7854,33.1798
234,-77.6553,33.8012
234,-76.5698,34.3781
234,-75.5665,34.8590
234,-74.6542,35.1764
234,-73.8294,35.2696
234,-73.0386,35.2747
234,-72.1732,35.3588
234,-71.3230,35.4730
234,-70.5429,35.6291
234,-69.8075,35.7713
234,-69.0843,35.8426
234,-68.3919,35.8696
234,-67.6888,35.8688
234,-67.0763,35.8679
234,-66.6009,35.8792
234,-66.2607,35.9661
234,-65.9858,36.1702
234,-65.8452,36.4644
234,-65.8124,36.8134
234,-65.9296,37.1627
234,-66.1690,37.4494
235,-87.0008,22.5564
235,-87.7384,22.6349
235,-88.4293,22.6839
235,-89.0586,22.8322
235,-89.6577,23.0114
235,-90.2722,23.1823
235,-90.8862,23.3388
235,-91.5084,23.4524
235,-92.1147,23.5663
235,-92.6866,23.7297
235,-93.2432,23.8937
235,-93.8075,24.0372
235,-94.3717,24.1212
235,-94.9738,24.1076
235,-95.5002,24.0487
235,-95.8522,23.9970
235,-96.1287,23.9761
235,-96.4653,24.0324
235,-96.7572,24.1036
235,-96.9070,24.1019
235,-97.0857,24.1310
235,-97.4622,24.2724
235,-97.9142,24.4585
235,-98.3359,24.6372
235,-98.7427,24.7860
235,-99.0923,24.8718
235,-99.4712,24.9134
235,-99.9708,24.9198
235,-100.4997,24.9409
235,-100.9714,25.0468
236,-86.4635,22.8466
236,-86.8656,22.7630
236,-87.3422,22.6638
236,-87.6891,22.6071
236,-88.0210,22.5809
236,-88.4255,22.5671
236,-88.7998,22.5981
236,-89.0025,22.6385
236,-89.2786,22.8152
236,-89.8646,23.2367
236,-90.5574,23.7324
236,-91.1541,24.1581
236,-91.7362,24.4495
236,-92.3413,24.5180
236,-92.9150,24.4667
236,-93.4796,24.4179
236,-93.8938,24.3838
236,-94.0581,24.4196
236,-94.0726,24.5010
236,-94.1069,24.6020
236,-94.0513,24.7181
236,-93.8708,24.8268
236,-93.6301,24.9353
236,-93.4420,25.0512
236,-93.2089,25.1525
236,-92.8559,25.2337
236,-92.4877,25.2696
236,-92.1971,25.2581
236,-91.9665,25.1868
236,-91.7608,25.0753
236,-91.6453,24.9039
236,-91.6549,24.6550
236,-91.7241,24.4211
236,-91.7734,24.2946
236,-91.8029,24.2382
236,-91.8423,24.0718
236,-91.8681,23.9109
236,-91.8803,23.7556
236,-91.8791,23.6059
236,-91.8644,23.4617
236,-91.8363,23.3230
236,-91.7949,23.1899
236,-91.7402,23.0623
236,-91.6951,22.9392
236,-91.6397,22.8216
236,-91.5740,22.7093
236,-91.4980,22.6023
236,-91.4119,22.5006
236,-91.3156,22.4042
236,-91.2092,22.3131
236,-91.0928,22.2272
236,-90.9690,22.1441
236,-90.8355,22.0660
236,-90.7416,21.9906
236,-90.6406,21.9200
236,-90.5327,21.8541
236,-90.4179,21.7930
236,-90.2964,21.7366
236,-90.1681,21.6848
236,-90.0331,21.6377
236,-89.8946,21.5922
236,-89.7498,21.5512
236,-89.5986,21.5145
236,-89.4411,21.4821
236,-89.2775,21.4539
236,-89.1077,21.4300
236,-88.9353,21.4063
236,-88.7570,21.3865
236,-88.5729,21.3706
236,-88.3832,21.3586
236,-88.1878,21.3504
236,-87.9869,21.3459
236,-87.7862,21.3366
236,-87.5802,21.3308
236,-87.3691,21.3282
237,-89.1641,29.0337
237,-89.0078,29.1387
237,-88.8722,29.1714
237,-88.6262,29.1403
237,-88.3803,29.1091
237,-88.2194,29.1554
237,-88.0885,29.2467
237,-87.9350,29.3581
237,-87.7966,29.4844
237,-87.6856,29.6033
237,-87.6047,29.7221
237,-87.5512,29.8335
237,-87.5128,29.9598
237,-87.4743,30.1137
237,-87.4209,30.2975
237,-87.3623,30.5088
237,-87.2290,30.7352
237,-86.9407,30.9242
237,-86.6371,31.1729
237,-86.4834,31.5992
237,-86.3452,32.0106
237,-86.1068,32.2245
237,-85.8534,32.3483
237,-85.6573,32.4671
238,-83.6935,20.1650
238,-83.4321,20.4955
238,-82.7357,21.0215
238,-82.0542,21.4789
238,-81.4778,21.8781
238,-80.6293,22.4841
238,-79.7200,23.1346
238,-78.9052,23.7345
238,-78.0622,24.2912
238,-77.1055,24.8068
238,-76.1043,25.2478
238,-75.1992,25.6111
238,-74.1465,25.9043
238,-72.7609,26.0725
238,-71.1886,26.3609
238,-69.5723,26.9873
238,-67.9308,27.8175
238,-66.3769,28.2957
238,-64.8347,28.7641
238,-63.3062,29.2216
238,-61.7834,29.6694
238,-60.2746,30.1055
238,-58.7793,30.5306
238,-57.2861,30.9476
238,-55.8063,31.3540
238,-54.3260,31.7550
238,-52.8588,32.1467
238,-51.3889,32.5349
238,-49.9334,32.9144
238,-48.5012,33.2832
238,-47.0555,33.6489
238,-45.6347,34.0013
238,-44.2318,34.3435
238,-42.8101,34.6840
238,-41.4170,35.0093
238,-40.0425,35.3217
238,-38.6514,35.6270
238,-37.2778,35.9206
238,-35.9209,36.2029
238,-34.5410,36.4778
238,-33.1796,36.7349
238,-31.8364,36.9730
238,-30.5274,37.1835
238,-29.1774,37.3831
238,-27.8441,37.5585
238,-26.5364,37.6907
238,-25.2442,37.7957
238,-23.9674,37.8741
238,-22.7165,37.9136
238,-21.4802,37.9323
238,-20.2588,37.9306
238,-19.0528,37.9100
238,-17.8668,37.8687
238,-16.6928,37.8117
238,-15.5293,37.7387
238,-14.3765,37.6492
238,-13.2331,37.5422
238,-12.0995,37.4178
238,-10.9748,37.2813
238,-9.8572,37.1386
238,-8.7412,36.9934
238,-7.6277,36.8576
238,-6.5074,36.7236
238,-5.3737,36.5924
238,-4.2267,36.4562
238,-3.0796,36.3128
238,-1.9140,36.1812
238,-0.7400,36.0483
238,0.4769,35.9232
238,1.7025,35.7993
239,-86.6884,23.7649
239,-87.1746,23.8487
239,-87.6949,23.9735
239,-88.2408,24.0778
239,-88.8014,24.1821
239,-89.3549,24.2788
239,-89.9080,24.3907
239,-90.4614,24.5299
239,-91.0145,24.6993
239,-91.5680,24.8885
239,-92.1210,25.1080
239,-92.6819,25.3472
239,-93.2275,25.6166
239,-93.7460,25.9133
239,-94.2341,26.2252
239,-94.7231,26.4953
239,-95.1406,26.8338
239,-95.5136,27.2821
239,-95.9471,27.7424
239,-96.1568,28.1973
239,-96.2536,28.6510
239,-96.3866,29.1128
239,-96.4601,29.5596
239,-96.4876,29.9711
239,-96.3667,30.3682
239,-96.0225,30.7654
240,-80.1038,28.9553
240,-80.7765,29.1140
240,-81.3920,29.3138
240,-81.9220,29.5630
240,-82.3899,29.8424
240,-82.7675,30.2120
240,-83.0481,30.7213
240,-83.3130,31.2611
240,-83.6711,31.6856
240,-84.0585,32.1101
241,-88.3153,29.0460
241,-87.7459,29.2685
241,-87.1768,29.5214
241,-86.6507,29.7207
241,-86.0382,29.9968
241,-85.2073,30.4549
241,-84.2997,30.9722
241,-83.4945,31.4388
241,-82.6612,31.8476
241,-81.6826,32.1206
241,-80.7227,32.4229
241,-79.9445,32.9142
241,-79.1842,33.4983
242,-85.0273,29.6037
242,-84.5677,30.3280
242,-84.1695,31.0348
242,-83.8177,31.4198
242,-83.2870,31.9655
242,-82.6677,32.5115
242,-82.0211,33.0420
242,-81.3177,33.6033
242,-80.6024,34.2778
242,-79.7677,34.8951
242,-78.7653,35.2926
243,-78.8173,20.9264
243,-79.5052,21.5388
243,-80.1099,22.1252
243,-80.3062,22.2746
243,-80.7640,22.5953
243,-81.3988,22.9733
243,-81.9558,23.3566
243,-82.4914,23.7721
243,-83.0452,24.2564
243,-83.5840,24.7708
243,-84.0881,25.2700
243,-84.5765,25.7696
243,-85.0733,26.2538
243,-85.5691,26.7683
243,-86.0880,27.3377
243,-86.5617,27.9671
243,-86.9238,28.6437
243,-87.2543,29.3658
243,-87.6201,30.0338
243,-88.0469,30.8645
243,-88.5435,31.8407
243,-89.0395,32.5633
243,-89.5721,33.1801
244,-78.9365,27.7554
244,-79.5399,27.8029
244,-80.0861,27.8915
244,-80.5468,28.0294
244,-80.9454,28.1975
244,-81.2537,28.4559
244,-81.4650,28.8539
244,-81.6606,29.2824
244,-81.9493,29.5956
244,-82.2675,29.9089
244,-82.6375,30.2773
244,-82.8744,30.7354
244,-82.8041,31.3710
244,-82.5813,31.9619
244,-82.4214,32.2624
244,-82.1882,32.4883
244,-81.8654,32.8062
245,-77.2814,25.9639
245,-77.6480,25.9255
245,-77.9860,25.8909
245,-78.1759,25.8031
245,-78.3907,25.7180
245,-78.6090,25.6721
245,-78.7954,25.6450
245,-78.9128,25.6085
245,-79.0001,25.5720
245,-79.1100,25.5355
245,-79.2048,25.4991
245,-79.2647,25.4626
245,-79.3095,25.4261
245,-79.3544,25.3596
245,-79.4142,25.3531
245,-79.5016,25.4867
245,-79.6189,25.6802
245,-79.7489,25.8287
245,-79.9236,26.0072
245,-80.1609,26.2558
245,-80.4283,26.5343
245,-80.7030,26.8053
245,-80.9330,27.0613
245,-81.0655,27.2823
245,-81.1377,27.4883
245,-81.2050,27.6943
245,-81.2424,27.9154
245,-81.2745,28.1713
245,-81.2470,28.4424
245,-81.1146,28.7135
245,-80.9517,28.9694
245,-80.8982,29.1826
245,-80.7564,29.3965
245,-80.3616,29.6528
245,-79.8611,29.9235
245,-79.4274,30.1641
245,-78.9658,30.4506
245,-78.4295,30.8176
245,-77.8705,31.2776
245,-77.8229,31.2911
245,-77.1527,31.6696
245,-76.0275,32.1181
245,-74.8470,32.6010
245,-73.6322,33.1452
245,-72.4948,33.7553
246,-88.5087,26.3132
246,-88.8527,26.9038
246,-89.1214,27.5546
246,-89.3748,28.1955
246,-89.5341,28.8961
246,-89.5566,29.6740
246,-89.5468,30.5376
246,-89.5550,31.4756
246,-89.5594,32.4790
246,-89.3658,33.4159
246,-89.0721,34.3205
246,-88.8353,35.2411
246,-88.5848,36.1619
246,-88.3276,37.0899
246,-87.9975,38.0034
246,-87.5842,38.8659
247,-81.7991,20.3342
247,-81.5882,20.5449
247,-81.3325,20.7706
247,-81.0588,21.0160
247,-80.6659,21.3070
247,-80.0851,21.6528
247,-79.3994,22.0434
247,-78.7382,22.4538
247,-78.0328,22.8798
247,-77.3162,23.2970
247,-76.4662,23.7162
247,-75.4218,24.1188
247,-74.1997,24.5526
247,-72.8834,25.0622
247,-71.4331,25.5890
247,-69.8713,26.0642
247,-68.2665,26.5254
247,-66.7157,26.9935
247,-65.2000,27.4618
247,-63.6417,27.9300
247,-62.0993,28.3873
247,-60.5694,28.8339
247,-59.0548,29.2692
247,-57.5482,29.6954
247,-56.0568,30.1110
247,-54.5836,30.5166
247,-53.1117,30.9148
247,-51.6602,31.3027
247,-50.2063,31.6860
247,-48.7693,32.0592
247,-47.3564,32.4216
247,-45.9367,32.7792
247,-44.5426,33.1244
247,-43.1681,33.4600
247,-41.7829,33.7911
247,-40.4269,34.1062
247,-39.0918,34.4092
247,-37.7466,34.7056
247,-36.4193,34.9910
247,-35.1109,35.2625
247,-33.7871,35.5199
247,-32.4837,35.7594
247,-31.2025,35.9809
247,-29.9428,36.1853
247,-28.6587,36.3671
247,-27.3910,36.5252
247,-26.1390,36.6580
247,-24.9016,36.7653
247,-23.6841,36.8320
247,-22.4816,36.8751
247,-21.2932,36.8981
247,-20.1182,36.9019
247,-18.9569,36.8845
247,-17.8075,36.8517
247,-16.6690,36.8050
247,-15.5397,36.7428
247,-14.4189,36.6638
247,-13.3061,36.5683
247,-12.2006,36.4581
247,-11.0995,36.3363
248,-79.4578,30.5044
248,-79.5479,30.9310
248,-79.4906,31.4260
248,-79.3823,31.8914
248,-79.2233,32.3476
248,-79.0546,32.8084
248,-78.8561,33.2693
248,-78.6668,33.7223
248,-78.3889,34.1909
248,-77.9651,34.6941
248,-77.4216,35.2125
248,-76.8542,35.7150
248,-76.1544,36.2341
248,-75.2727,36.7800
249,-78.7424,33.0535
249,-78.7824,33.3760
249,-78.6750,33.7668
249,-78.5166,34.1279
249,-78.3075,34.4800
249,-78.0887,34.8366
249,-77.8401,35.1933
249,-77.6007,35.5422
249,-77.2726,35.9066
249,-76.7987,36.3056
249,-76.2052,36.7198
249,-75.5876,37.1182
249,-74.8377,37.5331
249,-73.9059,37.9748
249,-72.8702,38.4464
249,-71.8794,38.9364
249,-70.8028,39.4596
249,-69.6010,40.0296
249,-68.2353,40.5729
249,-66.7682,41.0060
250,-86.3657,29.4211
250,-86.9925,29.5900
250,-87.6777,29.7593
250,-88.2578,29.9207
250,-89.0897,30.2975
250,-90.0418,30.8057
250,-90.6017,31.1356
250,-91.2897,31.6192
250,-91.9137,32.0738
250,-92.4086,32.3499
250,-92.8257,32.6120
250,-93.2840,32.9712
250,-93.6377,33.4502
250,-93.8187,34.0740
250,-93.8497,34.7884
250,-93.8304,35.5223
250,-93.6617,36.2266
251,-85.4134,20.1805
251,-85.6358,20.5625
251,-85.8577,20.8556
251,-86.0462,21.0798
251,-86.2387,21.4460
251,-86.3566,21.7972
251,-86.3643,22.0358
251,-86.2669,22.2145
251,-86.0872,22.3958
251,-85.8773,22.5319
251,-85.7025,22.6280
251,-85.5877,22.6492
251,-85.5628,22.5878
251,-85.5981,22.4665
251,-85.6232,22.3402
251,-85.7085,22.1839
251,-85.8987,22.0076
251,-86.1188,21.8012
251,-86.2705,21.5871
251,-86.4292,21.3186
251,-86.6344,20.9772
251,-86.7396,20.6359
251,-86.7643,20.2576
251,-86.7500,19.8532
251,-86.8302,19.4869
251,-86.9125,19.1275
251,-86.9969,18.7751
251,-87.0877,18.4295
251,-87.1820,18.0908
251,-87.2856,17.7582
251,-87.3937,17.4324
251,-87.5064,17.1133
251,-87.6294,16.8001
251,-87.7576,16.4935
251,-87.8910,16.1935
251,-88.0294,15.9000
251,-88.1786,15.6124
251,-88.3350,15.3303
251,-88.4969,15.0545
251,-88.6666,14.7840
251,-88.8420,14.5197
252,-63.8352,18.7781
252,-64.5296,19.1009
252,-65.3055,19.4504
252,-66.1443,19.8371
252,-66.9095,20.1624
252,-67.6590,20.4734
252,-68.4165,20.7913
252,-69.1736,21.1097
252,-69.9311,21.4350
252,-70.6883,21.7460
252,-71.4427,22.0145
252,-72.2030,22.2822
252,-73.0069,22.6441
252,-73.7177,22.8185
252,-74.4962,23.0024
252,-75.3323,23.2548
252,-76.0623,23.4376
252,-76.7470,23.5911
252,-77.3911,23.6849
252,-78.0617,23.8273
252,-78.8190,24.0955
252,-79.2764,24.2636
252,-79.8201,24.4648
252,-80.3910,24.6999
252,-80.9208,24.9680
252,-81.4057,25.2362
252,-81.8506,25.4617
252,-82.2204,25.6725
252,-82.5154,25.8530
252,-82.7350,26.1087
252,-82.9313,26.4929
252,-83.0497,27.0450
252,-83.1777,27.6778
252,-83.3644,28.2813
252,-83.4082,28.9439
252,-83.4791,29.6176
252,-83.7427,30.3685
252,-84.0937,31.1538
252,-84.3793,31.9293
252,-84.7084,32.6901
252,-85.1357,33.4382
252,-85.6231,34.1264
253,-88.5626,24.9798
253,-88.4877,25.5520
253,-88.4276,26.1092
253,-88.3952,26.5963
253,-88.3925,27.0385
253,-88.4249,27.4758
253,-88.4575,27.8679
253,-88.4177,28.2274
253,-88.4224,28.4973
253,-88.5372,28.6717
253,-88.7874,28.7266
253,-89.2054,28.6643
253,-89.6523,28.5560
253,-89.9577,28.4678
253,-90.2173,28.4854
253,-90.4914,28.6930
253,-90.7822,29.0147
253,-91.0647,29.1294
253,-91.3415,29.2405
253,-91.6134,29.3474
253,-91.8801,29.4504
253,-92.1416,29.5495
253,-92.4002,29.6442
253,-92.6541,29.7349
253,-92.9032,29.8216
253,-93.1476,29.9044
253,-93.3918,29.9838
253,-93.6318,30.0593
253,-93.8676,30.1309
253,-94.0877,30.1923
254,-86.1033,30.1084
254,-86.4348,30.3523
254,-86.7925,30.6436
254,-87.2014,30.9166
254,-87.5817,31.1788
254,-87.8069,31.4886
254,-87.9709,31.8140
254,-88.1732,32.1315
254,-88.3601,32.4492
254,-88.5494,32.7818
254,-88.6493,33.0843
254,-88.5894,33.3243
255,-89.4291,28.1124
255,-89.9148,28.4745
255,-90.1513,28.8590
255,-90.1450,29.2830
255,-90.2676,29.6723
255,-90.3752,30.0916
255,-90.4849,30.5958
255,-90.5054,31.1002
255,-90.3656,31.5120
256,-83.8525,26.4443
256,-83.5457,27.4224
256,-83.0988,28.6376
256,-82.7286,29.7415
256,-82.3452,30.8310
256,-81.8150,32.0265
256,-81.2915,33.2243
256,-80.6875,34.4211
256,-79.7379,35.6177
257,-84.3086,28.7206
257,-83.8643,29.5906
257,-83.5133,30.0713
257,-82.7377,30.6848
257,-82.0099,31.1851
257,-81.2110,31.6790
257,-80.2770,32.2535
257,-79.2844,32.8732
257,-78.2988,33.5425
257,-77.3577,34.1675
257,-76.4989,34.6964
257,-75.7310,35.0617
257,-75.0507,35.2028
257,-74.4044,35.2559
257,-73.6834,35.3880
257,-72.9777,35.5502
257,-72.3421,35.7543
257,-71.7511,35.9444
257,-71.1724,36.0637
257,-70.6244,36.1386
257,-70.0658,36.1858
257,-69.5978,36.2328
257,-69.2668,36.2922
257,-69.0711,36.4271
257,-68.9407,36.6790
257,-68.9445,37.0213
257,-69.0561,37.4182
257,-69.3178,37.8155
257,-69.7017,38.1501
257,-70.1912,38.4097
257,-70.7205,38.5944
257,-71.2645,38.7040
257,-71.7813,38.7810
257,-72.2379,38.7982
257,-72.6048,38.7526
257,-72.9112,38.6924
257,-73.2277,38.7045
257,-73.4846,38.6866
257,-73.6664,38.5487
257,-73.7579,38.3809
257,-73.7669,38.2330
257,-73.7313,38.1751
257,-73.7255,38.2922
257,-73.7046,38.4693
257,-73.6563,38.5814
257,-73.5779,38.6635
257,-73.4869,38.7031
257,-73.3513,38.7578
257,-73.1601,38.8599
257,-72.9246,39.0520
257,-72.6759,39.3390
257,-72.3980,39.7462
257,-72.0936,40.2636
257,-71.7713,40.8405
258,-77.2525,33.8596
258,-76.8145,33.9644
258,-76.3916,34.0543
258,-75.9812,34.1241
258,-75.6308,34.1490
258,-75.4003,34.1186
258,-75.1699,34.0436
258,-74.7968,33.9336
258,-74.4091,33.8383
258,-74.1209,33.7756
258,-73.8482,33.8330
258,-73.5548,34.0627
258,-73.1874,34.4277
258,-72.6947,34.8601
258,-72.1265,35.3224
258,-71.5816,35.6893
258,-70.9657,36.1171
258,-70.2449,36.7340
258,-69.4048,37.4118
258,-68.5032,37.9928
258,-67.4440,38.6064
258,-66.1659,39.3316
258,-64.7831,40.1011
258,-63.4425,40.8474
258,-62.1223,41.5958
258,-60.8607,42.3558
258,-59.5614,43.0905
258,-58.1811,43.7643
259,-88.0736,27.1473
259,-87.5582,27.4397
259,-87.0430,27.7625
259,-86.5709,28.0317
259,-86.0124,28.3776
259,-85.2354,28.9056
259,-84.3818,29.4928
259,-83.6305,30.0293
259,-82.8512,30.5080
259,-81.9266,30.8510
259,-81.0206,31.2232
259,-80.2963,31.7843
259,-79.5900,32.4383
259,-78.7780,33.1475
259,-77.8594,33.7535
259,-76.9499,33.9987
259,-75.7288,34.2687
259,-74.0055,34.8677
259,-71.7982,35.6839
259,-69.1195,36.5726
259,-66.3676,37.5990
259,-64.1045,38.7580
259,-61.9369,40.0142
259,-59.2944,41.2672
259,-57.0063,42.4294
260,-78.4667,32.5300
260,-78.5342,32.8876
260,-78.4544,33.3135
260,-78.3236,33.7098
260,-78.1422,34.0970
260,-77.9509,34.4887
260,-77.7299,34.8804
260,-77.5181,35.2644
260,-77.2177,35.6639
260,-76.7714,36.0981
260,-76.2054,36.5474
260,-75.6155,36.9809
260,-74.8932,37.4309
260,-73.9890,37.9077
260,-72.9809,38.4144
261,-84.5844,19.5648
261,-84.5626,19.9371
261,-84.5109,20.2794
261,-84.4316,20.6016
261,-84.3373,20.8939
261,-84.2580,21.1662
261,-84.1638,21.4085
261,-84.0495,21.6232
261,-83.8903,21.8230
261,-83.6909,22.0302
261,-83.4168,22.2376
261,-83.1016,22.4651
261,-82.6433,22.6521
261,-82.0065,22.7594
261,-81.5697,22.8666
261,-80.8273,22.9416
261,-79.9962,22.9812
261,-79.3719,22.9955
261,-78.8227,22.9957
261,-78.2634,22.9954
261,-77.7492,23.0103
261,-77.2950,23.0577
261,-76.8756,23.1248
261,-76.3889,23.1571
261,-75.9089,23.1893
261,-75.4360,23.2212
261,-74.9699,23.2529
261,-74.5113,23.2844
261,-74.0597,23.3157
261,-73.6157,23.3471
261,-73.1787,23.3784
261,-72.7487,23.4096
261,-72.3265,23.4414
261,-71.9113,23.4733
261,-71.5039,23.5062
261,-71.1035,23.5391
261,-70.7110,23.5729
261,-70.3255,23.6069
261,-69.9471,23.6410
261,-69.5776,23.6755
261,-69.2152,23.7103
261,-68.8597,23.7452
261,-68.5134,23.7807
261,-68.1740,23.8164
261,-67.8416,23.8523
261,-67.5192,23.8894
261,-67.2039,23.9268
261,-66.8953,23.9643
261,-66.5974,24.0022
261,-66.3063,24.0404
261,-66.0220,24.0787
261,-65.7482,24.1147
261,-65.4812,24.1508
261,-65.1841,24.1924
261,-64.8926,24.2343
261,-64.6120,24.2769
261,-64.3368,24.3198
261,-64.0671,24.3630
261,-63.8088,24.4032
261,-63.5559,24.4437
261,-63.3082,24.4843
261,-63.0657,24.5251
261,-62.8368,24.5602
261,-62.6129,24.5953
261,-62.3942,24.6304
261,-62.1803,24.6656
261,-61.9713,24.7008
261,-61.7772,24.7271
261,-61.5878,24.7533
261,-61.4032,24.7794
261,-61.2230,24.8054
261,-61.0473,24.8313
261,-60.8864,24.8471
261,-60.7298,24.8626
261,-60.5774,24.8780
261,-60.4291,24.8931
261,-60.2847,24.9080
261,-60.1440,24.9228
261,-60.0071,24.9373
261,-59.8846,24.9407
261,-59.7657,24.9437
261,-59.6501,24.9466
261,-59.5377,24.9491
261,-59.4283,24.9514
261,-59.3219,24.9535
261,-59.2182,24.9554
261,-59.1171,24.9570
261,-59.0283,24.9472
261,-58.9419,24.9371
261,-58.8576,24.9267
261,-58.7754,24.9162
261,-58.6951,24.9054
261,-58.6166,24.8945
261,-58.5395,24.8834
261,-58.4639,24.8721
261,-58.3896,24.8608
261,-58.3163,24.8493
261,-58.2439,24.8377
261,-58.1722,24.8260
261,-58.1012,24.8143
261,-58.0381,24.7892
261,-57.9753,24.7640
261,-57.9126,24.7388
262,-76.2878,31.9750
262,-76.3595,31.9734
262,-76.0604,33.0094
262,-75.5832,34.2229
262,-74.9623,35.5816
262,-74.2635,37.0873
262,-73.4642,38.6537
262,-72.5368,40.1780
262,-71.6661,41.6259
262,-71.0405,42.9489
262,-70.5679,44.1980
262,-69.8439,45.5841
263,-86.6633,21.9817
263,-87.5066,22.2636
263,-88.3032,22.5160
263,-89.0383,22.8678
263,-89.7431,23.2504
263,-90.4632,23.6248
263,-91.1830,23.9847
263,-91.9109,24.3017
263,-92.6229,24.6190
263,-93.3005,24.9859
263,-93.9629,25.3534
263,-94.6328,25.7003
263,-95.3028,25.9877
263,-96.0106,26.1775
263,-96.6427,26.3220
263,-97.1004,26.4738
263,-97.4826,26.6564
263,-97.9249,26.9161
263,-98.3225,27.1907
263,-98.5780,27.3925
263,-98.8624,27.6250
263,-99.3447,27.9698
263,-99.9024,28.3594
263,-100.4298,28.7414
263,-100.9423,29.0937
263,-101.3976,29.3829
263,-101.8822,29.6280
263,-102.4875,29.8378
263,-103.1221,30.0623
263,-103.6995,30.3717
263,-104.2620,30.6967
263,-104.8293,30.9793
263,-105.4020,31.2310
263,-105.9719,31.5232
263,-106.5331,31.8099
263,-107.0860,32.0925
263,-107.6304,32.3704
263,-108.1597,32.6454
263,-108.6802,32.9201
264,-78.8530,25.9708
264,-79.5019,26.2148
264,-80.0936,26.4998
264,-80.5998,26.8342
264,-81.0440,27.1987
264,-81.3978,27.6536
264,-81.6546,28.2480
264,-81.8957,28.8730
264,-82.2300,29.3827
264,-82.5937,29.8924
264,-83.0092,30.4572
264,-83.2916,31.1118
264,-83.2669,31.9439
264,-83.0896,32.7312
264,-82.9752,33.2281
264,-82.7875,33.6506
264,-82.5102,34.1648
264,-82.0855,34.7700
264,-81.5656,35.4530
264,-80.7834,36.2894
264,-79.5835,37.3740
264,-78.2814,38.4088
264,-77.2593,39.1217
264,-76.3793,39.6282
264,-75.5932,40.0833
264,-74.7773,40.3476
264,-73.7814,40.3780
264,-72.6752,40.2670
264,-71.7492,40.4267
265,-76.4474,31.9990
265,-76.0863,32.5656
265,-75.5461,33.1031
265,-74.8032,33.6211
265,-74.0447,34.1073
265,-73.4689,34.5964
265,-73.0434,35.0114
265,-72.7096,35.3007
265,-72.5421,35.5156
265,-72.5012,35.7399
265,-72.6407,35.9197
265,-72.9603,36.0220
265,-73.3394,36.1239
265,-73.6411,36.3334
265,-73.8381,36.5280
265,-73.8523,36.5576
265,-73.8367,36.6322
265,-73.9485,36.9617
265,-74.1354,37.3363
265,-74.3997,37.5760
265,-74.6341,37.7405
265,-74.7134,37.8651
265,-74.7327,37.9446
265,-74.7670,37.9967
265,-74.8314,38.0488
265,-74.9582,38.1584
265,-75.1301,38.2530
265,-75.3294,38.2925
265,-75.5287,38.2571
265,-75.6855,38.1317
266,-76.9000,33.4383
266,-76.6854,33.6607
266,-76.4858,33.8683
266,-76.2987,34.0558
266,-76.1716,34.1983
266,-76.1645,34.2856
266,-76.1574,34.3283
266,-76.0077,34.3359
266,-75.8432,34.3583
266,-75.7784,34.4131
266,-75.7291,34.5883
266,-75.6590,34.9356
266,-75.5149,35.4183
266,-75.2455,35.9683
266,-74.9007,36.5483
266,-74.5791,37.0328
266,-74.1865,37.5783
266,-73.6891,38.3128
266,-73.0723,39.1083
266,-72.3941,39.8070
266,-71.5582,40.5383
266,-70.5034,41.3811
266,-69.3440,42.2682
267,-79.8066,18.1862
267,-80.2719,18.2977
267,-80.7669,18.4393
267,-81.2470,18.6676
267,-81.7272,18.8923
267,-82.2224,19.0551
267,-82.7875,19.2454
267,-83.2421,19.4643
267,-83.6478,19.6985
267,-84.0856,19.9175
267,-84.5081,20.1516
267,-84.8958,20.4205
267,-85.2684,20.7047
267,-85.6894,20.9711
267,-86.0287,21.2578
267,-86.2089,21.5843
267,-86.5890,22.0108
267,-86.9462,22.3979
267,-87.2493,22.8639
267,-87.5290,23.2028
267,-87.8096,23.5170
267,-88.1324,23.8635
267,-88.4699,24.2701
267,-88.8075,24.7816
267,-89.1302,25.3232
267,-89.4108,25.7921
267,-89.6905,26.2763
267,-90.0280,26.8304
267,-90.3508,27.4293
267,-90.6184,28.0633
267,-90.8111,28.6824
267,-90.9363,29.2164
267,-90.9714,29.7355
267,-90.8781,30.2591
267,-90.8317,30.8886
267,-90.9118,31.1151
267,-90.9401,31.6624
267,-90.8721,32.3682
267,-90.8507,32.9536
267,-90.7324,33.5213
267,-90.4011,34.2131
267,-89.9927,34.8744
267,-89.7312,35.3948
267,-89.3530,35.8275
267,-88.6502,36.2121
267,-87.8133,36.5805
267,-87.0503,36.9988
267,-86.2736,37.4336
267,-85.4755,37.8668
268,-79.7115,19.0155
268,-79.7027,19.3118
268,-79.6492,19.6231
268,-79.5777,19.9541
268,-79.3869,20.3308
268,-79.0082,20.7622
268,-78.5247,21.2384
268,-78.0657,21.7343
268,-77.5624,22.2460
268,-77.0479,22.7488
268,-76.4001,23.2536
268,-75.5578,23.7418
268,-74.5378,24.2612
268,-73.4237,24.8564
268,-72.1755,25.4688
268,-70.8158,26.0296
268,-69.4132,26.5764
268,-68.0645,27.1301
268,-66.7510,27.6840
268,-65.3948,28.2378
268,-64.0471,28.7800
268,-62.7094,29.3095
268,-61.3740,29.8277
268,-60.0472,30.3334
268,-58.7195,30.8288
268,-57.4001,31.3123
268,-56.0726,31.7875
268,-54.7579,32.2522
268,-53.4309,32.7113
268,-52.1119,33.1601
268,-50.7848,33.6054
268,-49.4664,34.0408
268,-48.1572,34.4650
268,-46.8233,34.8854
268,-45.5097,35.2911
268,-44.1669,35.6955
268,-42.8341,36.0889
268,-41.5243,36.4652
268,-40.1781,36.8398
268,-38.8425,37.1999
268,-37.4779,37.5540
268,-36.1238,37.8946
268,-34.7930,38.2155
268,-33.4141,38.5303
268,-32.0442,38.8240
268,-30.6991,39.0852
268,-29.3658,39.3227
268,-27.9736,39.5448
268,-26.6067,39.7199
268,-25.2527,39.8665
268,-23.9134,39.9829
268,-22.6035,40.0581
268,-21.3078,40.1088
269,-89.2429,28.2872
269,-89.5361,29.0154
269,-89.6408,29.6792
269,-89.6894,30.4326
269,-89.4387,30.9711
269,-89.0377,31.6414
269,-88.6366,32.5631
269,-88.2707,33.4284
270,-82.8021,26.5659
270,-82.4847,27.4167
270,-82.0272,28.5045
270,-81.6463,29.4811
270,-81.2523,30.4432
270,-80.7115,31.5114
270,-80.1773,32.5818
270,-79.5627,33.6513
270,-78.6024,34.7205
270,-77.5548,35.8551
270,-76.4275,37.0591
270,-75.4235,38.2634
271,-88.9422,27.4503
271,-89.5344,28.2270
271,-90.1592,28.9851
271,-90.6063,29.5257
271,-90.9762,30.2199
271,-91.2772,31.0506
271,-91.3932,31.6546
271,-91.3753,32.3908
271,-91.2103,33.1894
271,-90.9989,33.9889
272,-77.9768,26.9818
272,-78.5908,26.9571
272,-79.3047,26.9324
272,-80.0064,26.8950
272,-80.7326,26.8831
272,-81.5265,26.9584
272,-81.3604,26.9338
272,-82.0744,27.0091
272,-82.8337,27.0710
272,-83.6022,27.1598
272,-84.3810,27.3198
272,-85.1301,27.5105
272,-85.8246,27.6703
272,-86.4579,27.8611
272,-87.0445,28.1209
272,-87.5858,28.4118
272,-88.1449,28.6796
272,-88.6137,28.9625
272,-88.9230,29.2798
272,-89.1415,29.6131
273,-82.5724,21.7997
273,-83.1760,22.3563
273,-83.6824,22.8577
273,-84.1432,23.3986
273,-84.7044,24.0547
273,-85.3104,24.7409
273,-85.9517,25.3771
273,-86.5775,25.9833
273,-87.1046,26.5613
273,-87.6447,27.1256
273,-88.3059,27.7043
273,-89.0118,28.2680
273,-89.7465,28.8063
273,-90.3790,29.3103
273,-90.8126,29.7815
273,-91.5461,30.4526
273,-92.0886,31.0176
273,-92.5133,31.4950
273,-92.9846,31.9312
273,-93.3805,32.3373
273,-93.6445,32.7657
273,-93.8476,33.1796
273,-94.1111,33.5659
273,-94.3148,33.9220
273,-94.3489,34.2505
273,-94.3819,34.5643
273,-94.6076,34.9156
273,-94.8491,35.2066
273,-94.9629,35.3503
273,-95.0162,35.4490
273,-95.0797,35.6051
273,-95.0834,35.7913
273,-95.0192,35.9899
273,-94.8505,36.2337
273,-94.5928,36.4721
273,-94.2177,36.8760
274,-87.1681,27.4860
274,-87.1658,28.1656
274,-87.1783,28.8302
274,-87.2185,29.4247
274,-87.2884,29.9743
274,-87.3934,30.5189
274,-87.4985,31.0184
274,-87.5313,31.4853
274,-87.6087,31.8625
274,-87.7960,32.1443
275,-85.1747,24.6463
275,-84.8309,25.0498
275,-84.4869,25.4533
275,-84.1777,25.8142
275,-83.8991,26.1603
275,-83.6482,26.5239
275,-83.4112,26.8673
275,-83.1673,27.1708
275,-82.9234,27.5743
275,-82.5669,28.0505
275,-82.1356,28.5813
275,-81.7356,29.1343
275,-81.2477,29.6883
275,-80.5832,30.1771
275,-79.8599,30.6953
275,-79.1779,31.2888
275,-78.5720,32.0023
275,-78.1989,32.9037
275,-77.6842,33.8093
275,-76.6307,34.5020
276,-85.7438,24.8075
276,-85.4298,25.2372
276,-85.1157,25.6669
276,-84.8364,26.0541
276,-84.5877,26.4263
276,-84.3667,26.8162
276,-84.1596,27.1857
276,-83.9456,27.5154
276,-83.7316,27.9451
276,-83.4049,28.4476
276,-83.0035,29.0046
276,-82.6335,29.5838
276,-82.1754,30.1640
276,-81.5408,30.6790
277,-87.8916,25.3603
277,-88.2073,25.5362
277,-88.5572,25.7532
277,-88.9325,25.9496
277,-89.3227,26.1461
277,-89.7057,26.3349
277,-90.0882,26.5390
277,-90.4712,26.7703
277,-90.8538,27.0319
277,-91.2368,27.3132
277,-91.6193,27.6247
277,-92.0098,27.9561
277,-92.3849,28.3176
277,-92.7328,28.7065
277,-93.0504,29.1105
277,-93.3689,29.4728
277,-93.6159,29.9034
277,-93.8185,30.4439
277,-94.0815,30.9963
277,-94.1207,31.5433
277,-94.0470,32.0892
277,-94.0095,32.6431
277,-93.9125,33.1821
278,-86.3937,20.2283
278,-86.5041,20.5550
278,-86.5845,20.8517
278,-86.6375,21.1284
278,-86.6753,21.3750
278,-86.7282,21.6017
278,-86.7661,21.7984
278,-86.7840,21.9675
278,-86.7569,22.1217
278,-86.6897,22.2833
278,-86.5477,22.4451
278,-86.3647,22.6270
278,-86.0385,22.7684
278,-85.5339,22.8301
278,-85.2293,22.8917
278,-84.6191,22.9211
278,-83.9201,22.9151
278,-83.4279,22.8838
278,-83.0109,22.8384
278,-82.5837,22.7925
278,-82.2017,22.7618
278,-81.8797,22.7636
278,-81.5925,22.7851
278,-81.2379,22.7718
278,-80.8890,22.7593
278,-80.5458,22.7478
278,-80.2083,22.7372
278,-79.8765,22.7274
278,-79.5509,22.7189
278,-79.2310,22.7112
278,-78.9169,22.7045
278,-78.6091,22.6985
278,-78.3072,22.6934
278,-78.0110,22.6891
278,-77.7215,22.6850
278,-77.4378,22.6816
278,-77.1599,22.6790
278,-76.8877,22.6773
278,-76.6217,22.6751
278,-76.3614,22.6736
278,-76.1068,22.6728
278,-75.8584,22.6711
278,-75.6156,22.6701
278,-75.3784,22.6698
278,-75.1467,22.6700
278,-74.9205,22.6708
278,-74.6998,22.6719
278,-74.4846,22.6736
279,-77.5135,34.3757
279,-77.3846,34.3887
279,-77.2710,34.3266
279,-77.1847,34.2671
279,-77.1285,34.1775
279,-77.0697,34.0604
279,-77.0860,33.9284
279,-77.2198,33.7888
279,-77.4435,33.6793
279,-77.6966,33.6563
279,-78.0009,33.6302
279,-78.2839,33.5748
279,-78.4584,33.5811
279,-78.6149,33.6417
279,-78.7159,33.7320
279,-78.7970,33.7999
279,-78.7734,33.8829
279,-78.6197,34.0082
279,-78.3309,34.1338
279,-77.9545,34.2167
279,-77.4884,34.2847
279,-77.0187,34.3370
279,-76.4459,34.4356
279,-75.7189,34.6086
279,-74.9034,34.8865
279,-74.1400,35.2578
279,-73.2609,35.7374
279,-72.2730,36.1954
279,-70.9184,36.8883
279,-68.9300,37.9779
279,-66.6759,39.2392
279,-64.6309,40.4102
279,-62.6334,41.5901
279,-60.6357,42.7731
279,-58.5908,43.9410
280,-77.5509,31.4396
280,-77.4610,31.4945
280,-77.3864,31.4745
280,-77.3392,31.4569
280,-77.3220,31.4093
280,-77.3022,31.3342
280,-77.3575,31.2442
280,-77.5304,31.1466
280,-77.7931,31.0790
280,-78.0852,31.0979
280,-78.4286,31.1139
280,-78.7506,31.1005
280,-78.9642,31.1487
280,-79.1597,31.2513
280,-79.2997,31.3836
280,-79.4199,31.4934
280,-79.4353,31.6184
280,-79.3206,31.7857
280,-79.0709,31.9532
280,-78.7335,32.0781
280,-78.3064,32.1881
280,-77.8757,32.2824
280,-77.3420,32.4229
280,-76.6540,32.6379
280,-75.8775,32.9578
280,-75.1531,33.3711
280,-74.3131,33.8926
280,-73.3642,34.3926
280,-72.0486,35.1275
280,-70.0993,36.2590
280,-67.8842,37.5623
280,-65.8782,38.7753
280,-63.9197,39.9972
280,-61.9611,41.2221
280,-59.9553,42.4320
280,-57.9730,43.6495
280,-55.9875,44.8458
280,-53.9919,46.0210
280,-51.9815,47.1754
281,-85.2164,29.3439
281,-84.8017,30.1801
281,-84.4803,30.6271
281,-83.7342,31.2068
281,-83.0360,31.6734
281,-82.2667,32.1336
281,-81.3624,32.6743
281,-80.3993,33.2603
281,-79.4433,33.8958
281,-78.5318,34.4870
281,-77.7026,34.9821
281,-76.9643,35.3137
282,-80.2022,31.7939
282,-80.4619,32.5552
282,-80.4973,33.5223
282,-80.3814,34.5779
282,-80.2708,35.5542
282,-80.1010,36.5006
282,-79.8772,37.4197
282,-79.6205,38.3233
283,-76.2930,28.9363
283,-76.5777,29.5825
283,-76.8612,30.2440
283,-77.2174,30.9331
283,-77.5294,31.6518
283,-77.7160,32.2531
283,-77.7976,33.1595
283,-77.8317,33.4134
283,-78.0973,34.1924
283,-78.5999,34.8211
283,-78.8142,35.6331
283,-78.9681,36.4288
283,-79.1875,37.1552
284,-79.9266,26.9538
284,-80.5069,27.2241
284,-81.0300,27.5356
284,-81.4676,27.8964
284,-81.8431,28.2874
284,-82.1283,28.7687
284,-82.3165,29.3896
284,-82.4890,30.0410
284,-82.7546,30.5771
284,-83.0497,31.1133
284,-83.3966,31.7046
284,-83.6104,32.3855
284,-83.5170,33.2441
284,-83.2711,34.0578
284,-83.0881,34.5812
284,-82.8318,35.0301
284,-82.4859,35.5708
284,-81.9925,36.2024
284,-81.4040,36.9119
284,-80.5532,37.7747
284,-79.2847,38.8857
284,-77.9139,39.9469
284,-76.8233,40.6863
284,-75.8746,41.2192
284,-75.0199,41.7008
284,-74.1353,41.9915
284,-73.0709,42.0484
284,-71.8961,41.9638
284,-70.9014,42.1499
284,-69.8893,42.3349
285,-63.4667,19.3264
285,-63.9777,19.5729
285,-64.5702,19.8461
285,-65.2256,20.1566
285,-65.8074,20.4055
285,-66.3735,20.6402
285,-66.9477,20.8818
285,-67.5214,21.1239
285,-68.0955,21.3729
285,-68.6693,21.6075
285,-69.2403,21.7998
285,-69.8172,21.9912
285,-70.4377,22.2767
285,-70.9651,22.3749
285,-71.5602,22.4824
285,-72.2129,22.6585
285,-72.7595,22.7650
285,-73.2608,22.8422
285,-73.7216,22.8598
285,-74.2087,22.9259
285,-74.7827,23.1177
285,-75.0566,23.2095
285,-75.4170,23.3344
285,-75.8045,23.4932
285,-76.1509,23.6849
285,-76.4524,23.8769
285,-76.7140,24.0261
285,-76.9003,24.1605
285,-77.0119,24.2648
285,-77.0482,24.4442
285,-77.0610,24.7520
285,-76.9961,25.2278
285,-76.9407,25.7843
285,-76.9439,26.3115
285,-76.8044,26.8978
285,-76.6918,27.4952
285,-76.7721,28.1698
285,-76.9397,28.8788
285,-77.0419,29.5780
285,-77.1876,30.2625
285,-77.4315,30.9343
285,-77.7355,31.5462
285,-78.0305,32.0601
285,-78.3834,32.5298
285,-78.8276,33.0291
285,-79.3313,33.5135
285,-79.8560,33.9552
285,-80.3792,34.3972
286,-87.5426,29.2176
286,-87.2860,29.6956
286,-86.9105,30.1289
286,-86.4206,30.6949
286,-85.8783,31.2401
286,-85.3122,31.7457
286,-84.8462,32.3513
287,-91.7454,29.2265
287,-92.0567,29.3638
287,-92.2926,29.5012
287,-92.4800,29.6314
287,-92.6398,29.7759
287,-92.8060,29.9482
287,-92.9869,30.1505
287,-93.2031,30.3654
287,-93.4341,30.6252
287,-93.6504,30.9400
287,-93.8813,31.2999
287,-94.1476,31.6648
287,-94.4285,32.0746
287,-94.6950,32.5319
287,-94.9757,33.0493
287,-95.2993,33.6142
288,-79.2149,32.9223
288,-79.2568,33.1599
288,-79.1514,33.4658
288,-78.9950,33.7421
288,-78.7879,34.0093
288,-78.5710,34.2810
288,-78.3244,34.5527
288,-78.0870,34.8167
288,-77.7610,35.0962
288,-77.2891,35.4103
288,-76.6975,35.7397
288,-76.0820,36.0531
288,-75.3340,36.3831
288,-74.4042,36.7399
288,-73.3706,37.1266
288,-72.3817,37.5318
288,-71.3071,37.9701
288,-70.1073,38.4551
288,-68.7436,38.9135
288,-67.2785,39.2617
288,-65.5802,39.5570
288,-63.5600,39.7919
288,-61.4167,40.1005
288,-59.4222,40.5686
288,-57.3532,41.2439
288,-55.0519,42.1102
288,-52.5898,43.0874
288,-50.1067,44.0380
289,-88.4266,28.0457
289,-88.6027,28.2105
289,-88.7034,28.3752
289,-88.7556,28.5329
289,-88.7802,28.7048
289,-88.8112,28.9045
289,-88.8569,29.1343
289,-88.9379,29.3765
289,-89.0337,29.6638
289,-89.1148,30.0060
289,-89.2105,30.3933
289,-89.3415,30.7856
289,-89.4872,31.2228
289,-89.6185,31.7075
290,-89.9840,27.3673
290,-90.1969,28.1741
290,-90.2212,28.9166
290,-90.1895,29.7487
290,-89.8584,30.3659
290,-89.3771,31.1148
290,-88.8957,32.1151
290,-88.4494,33.0592
290,-87.9329,34.0644
290,-87.3011,35.0630
290,-86.4701,36.2137
290,-85.4017,37.6652
291,-77.2712,26.2961
291,-77.4880,26.3638
291,-77.6762,26.4352
291,-77.7162,26.4535
291,-77.7812,26.4744
291,-77.8496,26.5346
291,-77.8862,26.6135
291,-77.8537,26.6830
291,-77.7912,26.7526
291,-77.7512,26.8222
291,-77.6962,26.8917
291,-77.6062,26.9613
291,-77.5012,27.0309
291,-77.3962,27.0704
291,-77.3061,27.1700
291,-77.2437,27.4095
291,-77.2111,27.7091
291,-77.1913,27.9636
291,-77.2161,28.2482
291,-77.3036,28.6028
291,-77.4211,28.9873
291,-77.5460,29.3644
291,-77.6261,29.7265
291,-77.6088,30.0535
291,-77.5311,30.3656
291,-77.4486,30.6776
291,-77.3361,31.0047
291,-77.2184,31.3667
291,-77.0411,31.7438
291,-76.7588,32.1210
291,-76.4461,32.4830
291,-76.2427,32.8021
291,-75.9511,33.1221
291,-75.4063,33.4844
291,-74.7561,33.8612
291,-74.1725,34.2079
291,-73.5611,34.6003
291,-72.8749,35.0734
291,-72.1660,35.6394
291,-71.9685,35.7590
291,-71.1485,36.2435
291,-69.8735,36.7981
291,-68.5431,37.3871
291,-67.1785,38.0373
291,-65.8912,38.7534
291,-64.6835,39.5764
291,-63.5824,40.5064
291,-62.4885,41.5155
291,-61.2171,42.4983
292,-85.9780,29.4649
292,-86.6717,29.6322
292,-87.4239,29.7998
292,-88.0710,29.9595
292,-88.9699,30.3346
292,-89.9889,30.8412
292,-90.6159,31.1695
292,-91.3708,31.6514
292,-92.0618,32.1044
292,-92.6237,32.3788
292,-93.1078,32.6393
293,-77.4760,27.4688
293,-77.8706,27.4176
293,-78.2368,27.3702
293,-78.4547,27.2697
293,-78.6976,27.1717
293,-78.9439,27.1131
293,-79.1583,27.0732
293,-79.3038,27.0239
293,-79.4191,26.9747
293,-79.5570,26.9254
293,-79.6799,26.8762
293,-79.7678,26.8269
293,-79.8407,26.7777
293,-79.9136,26.6984
293,-80.0015,26.6791
293,-80.1169,26.7999
293,-80.2623,26.9806
293,-80.4203,27.1163
293,-80.6230,27.2821
293,-80.8884,27.5179
293,-81.1838,27.7836
293,-81.4866,28.0419
293,-81.7446,28.2851
293,-81.9052,28.4933
293,-82.0054,28.6866
293,-82.1008,28.8798
293,-82.1662,29.0880
293,-82.2264,29.3312
293,-82.2270,29.5895
294,-88.1446,29.5131
294,-87.6363,29.8384
294,-87.1283,30.1942
294,-86.6634,30.4964
294,-86.1120,30.8753
294,-85.3421,31.4362
294,-84.4957,32.0564
294,-83.7515,32.6258
294,-82.9793,33.1375
294,-82.0619,33.5134
294,-81.1630,33.9186
294,-80.4459,34.5127
294,-79.7467,35.1997
294,-78.9418,35.9418
294,-78.0304,36.5808
294,-77.1280,36.8589
294,-75.9140,37.1618
295,-84.3928,26.7919
295,-84.1434,27.1758
295,-83.8939,27.5596
295,-83.6792,27.9009
295,-83.4950,28.2274
295,-83.3386,28.5714
295,-83.1962,28.8951
295,-83.0467,29.1790
295,-82.8973,29.5629
295,-82.6352,30.0195
295,-82.2984,30.5306
295,-81.9929,31.0640
295,-81.5995,31.5983
295,-81.0294,32.0675
295,-80.4006,32.5661
295,-79.8131,33.1400
295,-79.3017,33.8338
296,-77.2061,25.6084
296,-77.5846,25.6729
296,-77.9346,25.7412
296,-78.1364,25.7562
296,-78.3631,25.7739
296,-78.5933,25.8309
296,-78.7916,25.9067
296,-78.9209,25.9730
296,-79.0201,26.0394
296,-79.1419,26.1058
296,-79.2486,26.1722
296,-79.3204,26.2386
296,-79.3771,26.3050
296,-79.4339,26.3414
296,-79.5056,26.4377
296,-79.6049,26.6741
296,-79.7341,26.9705
296,-79.8760,27.2219
296,-80.0626,27.5033
296,-80.3118,27.8547
296,-80.5911,28.2360
296,-80.8777,28.6100
296,-81.1196,28.9688
296,-81.2640,29.2926
296,-81.3481,29.6016
296,-81.4273,29.9104
296,-81.4766,30.2343
296,-81.5206,30.5932
296,-81.5051,30.9671
296,-81.3846,31.3411
296,-81.2336,31.6999
297,-92.8201,26.0852
297,-92.2966,27.3006
297,-91.5730,28.3160
297,-90.5505,29.5744
297,-89.1259,30.9468
297,-87.3696,32.2156
297,-85.1787,33.4776
297,-82.6486,34.7981
297,-79.7316,36.0085
298,-88.3201,29.3937
298,-87.7578,29.7571
298,-87.1958,30.1510
298,-86.6768,30.4913
298,-86.0714,30.9083
298,-85.2475,31.5074
298,-84.3471,32.1657
298,-83.5489,32.7732
298,-82.7227,33.3230
298,-81.7513,33.7371
298,-80.7984,34.1803
298,-80.0273,34.8126
298,-79.2740,35.5377
298,-78.4152,36.3179
298,-77.4497,36.9950
298,-76.4933,37.3113
298,-75.2253,37.6523
298,-73.4552,38.3225
298,-71.2010,39.2097
298,-68.4755,40.1695
298,-65.6767,41.2670
299,-81.6568,23.1163
299,-82.3052,23.5119
299,-82.8564,23.8524
299,-83.3620,24.2325
299,-83.9681,24.7277
299,-84.6189,25.2531
299,-85.3050,25.7284
299,-85.9757,26.1737
299,-86.5476,26.5909
299,-87.1325,26.9943
299,-87.8386,27.4120
299,-88.5894,27.8149
299,-89.3689,28.1924
299,-90.0462,28.5354
299,-90.5246,28.8457
299,-91.3030,29.3560
299,-91.8903,29.7602
299,-92.3599,30.0766
299,-92.8760,30.3519
299,-93.3167,30.5972
299,-93.6255,30.8648
299,-93.8735,31.1178
299,-94.1818,31.3431
299,-94.4303,31.5384
299,-94.5093,31.7061
299,-94.5872,31.8590
300,-86.7808,30.2797
300,-87.2618,30.7599
300,-87.7690,31.2877
300,-88.3274,31.7970
300,-88.8572,32.2957
300,-89.2319,32.8418
300,-89.5454,33.4037
300,-89.8972,33.9576
300,-90.2336,34.5117
301,-86.0762,22.1736
301,-86.4327,22.8179
301,-86.8647,23.5815
301,-87.2109,24.5204
301,-87.4532,25.4894
301,-87.5425,26.3545
301,-87.5417,27.0973
301,-87.5359,27.7013
301,-87.4302,28.1052
301,-87.3304,28.5779
301,-87.1187,29.0132
301,-86.7129,29.3171
301,-86.3072,29.5211
301,-85.8288,29.7057
301,-85.2957,29.8290
301,-84.7394,29.8405
301,-84.1842,29.8369
301,-83.6664,29.9135
301,-83.1727,30.0449
301,-82.6419,30.0988
301,-82.0929,30.1545
301,-81.5205,30.2126
302,-77.5839,25.6742
302,-77.8618,25.7178
302,-78.1113,25.7652
302,-78.2125,25.7594
302,-78.3387,25.7561
302,-78.4683,25.7923
302,-78.5660,25.8471
302,-78.5948,25.8926
302,-78.5934,25.9381
302,-78.6146,25.9836
302,-78.6208,26.0291
302,-78.5920,26.0745
302,-78.5482,26.1200
302,-78.5044,26.1355
302,-78.4756,26.2110
302,-78.4743,26.4265
302,-78.5030,26.7020
302,-78.5443,26.9324
302,-78.6304,27.1930
302,-78.7790,27.5235
303,-90.0298,28.5726
303,-90.3448,28.8412
303,-90.5599,29.1098
303,-90.7751,29.3318
303,-90.9901,29.5470
303,-91.2126,29.8081
303,-91.4202,30.0842
303,-91.6078,30.3453
303,-91.7504,30.6214
303,-91.8380,30.9324
303,-91.8805,31.2585
303,-91.9032,31.5621
303,-91.9106,31.8957
303,-91.9257,32.3068
303,-91.9408,32.7329
303,-91.9633,33.1090
303,-91.9709,33.4701
303,-91.9510,33.8387
303,-91.9011,34.2073
303,-91.8384,34.5683
303,-91.7313,34.9445
303,-91.5645,35.3532
303,-91.3614,35.7816
303,-91.2265,36.1752
303,-91.0837,36.5562
303,-90.9317,36.9246
303,-90.7711,37.2804
303,-90.5918,37.6213
304,-87.8651,26.4285
304,-87.4323,27.4814
304,-87.0082,28.4855
304,-86.5314,29.6244
304,-86.0514,30.8425
304,-85.6807,32.1092
304,-85.3945,33.3994
304,-85.2276,34.6088
304,-84.8376,35.9564
304,-83.7734,37.7033
304,-82.5808,39.4133
305,-79.4647,31.4098
305,-79.7506,32.0784
305,-79.8122,32.9526
305,-79.7226,33.9156
305,-79.6381,34.7991
305,-79.4945,35.6528
305,-79.2970,36.4791
305,-79.0664,37.2900
305,-78.9024,38.1336
305,-78.7179,38.9581
305,-78.5125,39.7636
305,-78.2790,40.5489
305,-78.0130,41.3130
305,-77.7096,42.0569
306,-85.8908,25.0637
306,-85.9297,25.4071
306,-85.8783,25.7506
306,-85.8094,26.1289
306,-85.6658,26.5374
306,-85.4768,26.9590
306,-85.1532,27.4242
306,-84.6701,27.9714
306,-84.0407,28.4110
306,-83.2599,29.0103
306,-82.3282,29.6979
306,-81.3222,30.1981
306,-80.2156,30.6847
306,-79.0833,31.2761
306,-77.8031,31.8715
306,-76.2807,32.4781
306,-74.6906,32.8583
306,-73.1672,32.8069
306,-71.8781,32.5452
306,-70.9828,32.3510
306,-70.2655,32.1320
306,-69.4879,31.8849
306,-68.6530,31.6188
306,-67.8467,31.3872
306,-67.0275,31.1615
306,-66.1965,30.9411
306,-65.3622,30.7248
306,-64.5210,30.5127
306,-63.6741,30.3044
306,-62.8227,30.0995
306,-61.9873,29.8941
306,-61.1522,29.6908
306,-60.3139,29.4911
306,-59.4777,29.2938
306,-58.6445,29.0995
306,-57.8432,28.9034
306,-57.0480,28.7106
306,-56.2597,28.5212
306,-55.4730,28.3347
306,-54.6945,28.1515
306,-53.9253,27.9709
306,-53.1994,27.7861
306,-52.4782,27.6038
306,-51.7673,27.4223
306,-51.0668,27.2424
306,-50.3777,27.0649
306,-49.7247,26.8854
306,-49.0825,26.7093
306,-48.4521,26.5367
306,-47.8284,26.3662
306,-47.2169,26.1976
306,-46.6121,26.0312
306,-46.0450,25.8591
306,-45.4888,25.6857
306,-44.9403,25.5139
306,-44.4023,25.3408
306,-43.8718,25.1693
306,-43.3523,24.9937
306,-42.8651,24.8152
306,-42.3880,24.6340
306,-41.9188,24.4540
306,-41.4599,24.2717
306,-41.0086,24.0903
306,-40.5798,23.9098
306,-40.1587,23.7302
306,-39.7450,23.5515
306,-39.3333,23.3748
306,-38.9286,23.1990
306,-38.5257,23.0263
306,-38.1324,22.8604
306,-37.7455,22.6956
306,-37.3555,22.5393
306,-36.9716,22.3841
306,-36.5820,22.2396
306,-36.1979,22.0962
306,-35.8096,21.9655
306,-35.4125,21.8435
306,-35.0202,21.7227
306,-34.6170,21.6131
306,-34.2181,21.5046
306,-33.8234,21.3973
306,-33.4176,21.3013
306,-33.0156,21.2064
306,-32.6010,21.1218
306,-32.1758,21.0576
306,-31.7534,20.9946
306,-31.3160,20.9435
306,-30.8811,20.8935
306,-30.4310,20.8547
306,-29.9828,20.8169
306,-29.5206,20.7882
306,-29.0600,20.7604
306,-28.5847,20.7420
306,-28.1108,20.7243
306,-27.6180,20.7175
306,-27.1262,20.7113
306,-26.6352,20.7057
306,-26.1215,20.7129
306,-25.5847,20.7351
306,-25.0481,20.7576
306,-24.4881,20.7923
306,-23.9282,20.8272
306,-23.3427,20.8745
307,-87.0352,19.7808
307,-87.1125,20.1474
307,-87.1599,20.4840
307,-87.1798,20.8006
307,-87.1846,21.0872
307,-87.2045,21.3538
307,-87.2094,21.5904
307,-87.1942,21.7995
307,-87.1341,21.9936
307,-87.0339,22.1951
307,-86.8589,22.3968
307,-86.6428,22.6186
307,-86.2836,22.8000
307,-85.7460,22.9016
307,-85.4083,23.0032
307,-84.7651,23.0724
307,-84.0331,23.1063
307,-83.5078,23.1150
307,-83.0578,23.1095
307,-82.5976,23.1035
307,-82.1825,23.1127
307,-81.8275,23.1544
307,-81.5073,23.2159
307,-81.1196,23.2425
307,-80.7365,23.2692
307,-80.3577,23.2961
307,-79.9834,23.3231
307,-79.6137,23.3506
307,-79.2485,23.3784
307,-78.8878,23.4064
307,-78.5320,23.4347
307,-78.1806,23.4632
307,-77.8338,23.4919
307,-77.4926,23.5198
307,-77.1559,23.5478
307,-76.8238,23.5759
307,-76.4979,23.6027
307,-76.1765,23.6296
307,-75.8598,23.6565
307,-75.5497,23.6820
307,-75.2443,23.7075
307,-74.9436,23.7329
307,-74.6499,23.7579
307,-74.3609,23.7828
307,-74.0765,23.8076
307,-73.7986,23.8336
307,-73.5254,23.8596
307,-73.2567,23.8855
307,-72.9926,23.9115
307,-72.7349,23.9398
307,-72.4817,23.9682
307,-72.2329,23.9967
307,-71.9886,24.0252
307,-71.7503,24.0565
307,-71.5163,24.0879
307,-71.2866,24.1195
307,-71.0611,24.1512
307,-70.7917,24.1902
307,-70.5253,24.2296
307,-70.2616,24.2692
307,-70.0007,24.3091
307,-69.7481,24.3508
307,-69.4982,24.3928
307,-69.2510,24.4352
307,-69.0065,24.4778
307,-68.7714,24.5208
307,-68.5390,24.5640
307,-68.3091,24.6075
307,-68.0818,24.6513
307,-67.8661,24.6969
307,-67.6529,24.7427
307,-67.4422,24.7888
307,-67.2339,24.8352
307,-67.0279,24.8818
307,-66.8329,24.9297
307,-66.6402,24.9778
307,-66.4497,25.0262
307,-66.2613,25.0748
307,-66.0750,25.1237
307,-65.9003,25.1703
307,-65.6566,25.2299
307,-65.4140,25.2899
307,-65.1726,25.3501
307,-64.9322,25.4106
307,-64.7037,25.4726
307,-64.4762,25.5348
307,-64.2497,25.5972
307,-64.0241,25.6599
307,-63.8128,25.7185
307,-63.6023,25.7772
307,-63.3927,25.8361
307,-63.1837,25.8951
307,-62.9754,25.9543
307,-62.7819,26.0052
307,-62.5890,26.0563
307,-62.3965,26.1073
307,-62.2045,26.1585
307,-61.9281,26.2259
307,-61.6693,26.2838
307,-61.4105,26.3417
307,-61.1518,26.3997
308,-84.4547,29.3018
308,-83.9388,30.1009
308,-83.5162,30.5108
308,-82.6690,31.0535
308,-81.8697,31.4829
308,-80.9992,31.9060
309,-76.3676,25.8001
309,-77.0720,25.8391
309,-77.8764,25.8781
309,-78.6686,25.9043
309,-79.4853,25.9561
309,-80.3697,26.0950
309,-80.2942,26.1340
309,-81.0986,26.2730
309,-81.9485,26.3986
309,-82.8075,26.5510
309,-83.6768,26.7747
309,-84.5164,27.0290
309,-85.3014,27.2525
309,-86.0252,27.5070
309,-86.7023,27.8305
309,-87.3341,28.1850
309,-87.9838,28.5165
309,-88.5430,28.8630
309,-88.9429,29.2439
309,-89.2519,29.6409
309,-89.5980,30.0016
309,-89.8608,30.4189
309,-90.0024,30.9336
309,-90.0696,31.3969
310,-86.9669,29.1702
310,-87.2083,29.4656
310,-87.4757,29.8085
310,-87.7944,30.1330
310,-88.0846,30.4468
310,-88.2196,30.8081
310,-88.2934,31.1851
310,-88.4055,31.5542
310,-88.5023,31.9234
310,-88.6014,32.3076
311,-91.6118,28.1593
311,-91.2613,28.9367
311,-91.0108,29.4142
311,-90.3603,30.0916
311,-89.6098,30.7690
311,-89.0241,31.2869
311,-88.5088,31.7239
311,-87.9229,32.2012
311,-87.3078,32.6788
311,-86.7444,33.1098
311,-86.0068,33.6336
311,-84.9058,34.3965
312,-84.2105,30.0520
312,-83.7584,30.9127
312,-83.3995,31.3841
312,-82.6159,31.9883
312,-81.8803,32.4793
312,-81.0735,32.9639
312,-80.1317,33.5291
312,-79.1311,34.1395
312,-78.1377,34.7995
312,-77.1887,35.4151
312,-76.3221,35.9347
312,-75.5463,36.2907
313,-92.2691,29.4966
313,-92.1701,30.2820
313,-91.9515,30.9510
313,-91.6454,31.4701
314,-79.0581,27.1363
314,-79.6464,27.2039
314,-80.1776,27.3126
314,-80.6232,27.4706
314,-81.0068,27.6588
314,-81.3000,27.9373
314,-81.4963,28.3555
314,-81.6768,28.8041
314,-81.9505,29.1374
314,-82.2536,29.4708
314,-82.6085,29.8593
314,-82.8304,30.3375
314,-82.7450,30.9933
314,-82.5071,31.6043
314,-82.3322,31.9249
314,-82.0839,32.1710
314,-81.7461,32.5089
314,-81.2607,32.9377
315,-78.0225,27.8938
315,-78.2093,28.4528
315,-78.3947,29.0271
315,-78.6529,29.6289
315,-78.8670,30.2604
315,-78.9556,30.7745
315,-78.9392,31.5937
315,-78.8753,31.7603
315,-79.0429,32.4521
315,-79.4475,32.9936
315,-79.5638,33.7184
315,-79.6197,34.4269
315,-79.7411,35.0660
315,-79.8919,35.6602
315,-80.0708,36.2343
315,-80.2641,36.7934
315,-80.4797,37.3901
316,-85.4722,28.4593
316,-84.9284,29.2369
316,-84.4460,29.9970
316,-84.0100,30.4353
316,-83.3952,31.0344
316,-82.6916,31.6337
316,-81.9608,32.2175
316,-81.1732,32.8321
316,-80.3738,33.5600
317,-78.7360,33.3084
317,-78.7237,33.5319
317,-78.7152,33.7413
317,-78.7931,33.9778
317,-78.5945,34.0743
317,-78.4171,34.1725
317,-78.2737,34.3072
317,-78.0857,34.4736
317,-77.8529,34.6402
317,-77.5648,34.7641
317,-77.2321,34.8731
317,-76.8790,34.9820
317,-76.5114,35.1060
317,-76.1730,35.2571
318,-81.4690,25.7344
318,-82.0260,25.8948
318,-82.5259,26.0964
318,-82.9402,26.3472
318,-83.2925,26.6283
318,-83.5544,26.9996
318,-83.7194,27.5106
318,-83.8686,28.0521
318,-84.1110,28.4783
318,-84.3828,28.9045
318,-84.7065,29.3858
318,-84.8970,29.9569
318,-84.7804,30.7055
318,-84.5112,31.4093
318,-84.3049,31.8228
318,-84.0254,32.1617
318,-83.6563,32.5925
318,-83.1396,33.1142
319,-77.7987,31.8885
319,-77.3291,32.2155
319,-76.6803,32.5136
319,-75.8289,32.7920
319,-74.9619,33.0386
319,-74.2775,33.2882
319,-73.7434,33.4637
319,-73.3011,33.5135
319,-73.0250,33.4888
319,-72.8755,33.4736
319,-72.9065,33.4139
319,-73.1175,33.2767
319,-73.3881,33.1390
319,-73.5812,33.1090
319,-73.6696,33.0641
319,-73.5752,32.8542
319,-73.4512,32.6892
319,-73.4544,32.7792
319,-73.5327,32.9143
319,-73.6885,32.9144
319,-73.8143,32.8394
319,-73.7851,32.7244
319,-73.6958,32.5645
319,-73.6215,32.3770
319,-73.5774,32.1896
319,-73.5956,32.0596
319,-73.6589,31.9146
319,-73.7497,31.7147
319,-73.8405,31.4397
319,-73.8887,31.0748
319,-73.9220,30.6648
319,-73.9855,30.2624
319,-74.0036,29.8899
319,-73.9091,29.5725
319,-73.7851,29.3150
319,-73.6959,29.0900
319,-73.6667,28.9401
319,-73.7125,28.8726
319,-73.8482,28.8652
319,-74.0444,28.8401
319,-74.3298,28.8903
319,-74.7052,29.0730
319,-75.1113,29.3154
319,-75.4287,29.5276
319,-75.7929,29.7405
319,-76.2836,29.9530
319,-76.5744,30.0655
319,-76.9711,30.2110
319,-77.4560,30.3906
319,-78.0184,30.6336
319,-78.5375,30.8157
319,-78.8740,30.8229
319,-79.1191,30.7408
319,-79.3900,30.6459
319,-79.6006,30.5659
319,-79.7437,30.5334
319,-79.7822,30.5910
319,-79.7179,30.7660
319,-79.5637,31.0161
319,-79.4138,31.2633
319,-79.1453,31.5412
319,-78.7148,31.7335
319,-78.1268,32.1663
319,-77.2508,33.1481
319,-76.6084,34.2914
319,-76.8270,35.2664
319,-77.2899,36.0164
319,-77.4249,36.4707
319,-77.2715,36.6415
319,-76.7134,36.5777
319,-76.0530,36.4666
319,-75.6781,36.5609
319,-75.3346,36.7917
319,-74.7163,37.1475
319,-74.3161,37.5168
319,-74.5160,37.7699
319,-75.0977,37.9419
319,-75.0385,38.2294
319,-74.9573,38.5117
319,-74.8539,38.7887
320,-77.3029,33.3500
320,-76.6891,33.7870
320,-75.8963,34.1951
320,-74.9008,34.5836
320,-73.8897,34.9402
320,-73.0613,35.2997
320,-72.3832,35.5853
320,-71.7968,35.7451
320,-71.3766,35.8304
320,-71.0831,35.9252
320,-70.9700,35.9755
320,-71.0369,35.9482
320,-71.1634,35.9206
320,-71.2125,36.0006
320,-71.1569,36.0656
320,-70.9184,35.9657
320,-70.6503,35.9107
320,-70.5095,36.1108
320,-70.4437,36.3558
320,-70.4555,36.4660
320,-70.4372,36.5009
320,-70.2639,36.4960
321,-76.1962,31.9959
321,-76.0809,32.0269
321,-75.5950,33.0955
321,-74.9309,34.3416
321,-74.1230,35.7328
321,-73.2373,37.2711
321,-72.2511,38.8701
321,-71.1367,40.4270
321,-70.0791,41.9074
321,-69.2667,43.2630
321,-68.6072,44.5448
322,-77.7970,33.4630
322,-77.7102,33.5447
322,-77.2527,34.6642
322,-76.6170,35.9610
322,-75.8376,37.4031
322,-74.9803,38.9922
322,-74.0225,40.6420
322,-72.9366,42.2497
322,-71.9074,43.7809
322,-71.1233,45.1873
322,-70.4923,46.5198
323,-84.2582,23.0708
323,-84.0047,23.5364
323,-83.9463,23.8973
323,-84.1727,24.0208
323,-84.5344,24.0239
323,-84.9259,24.0373
323,-85.1224,24.0504
323,-84.8266,24.1064
323,-84.4105,24.1769
323,-84.2670,24.2400
323,-84.1986,24.3034
323,-84.0927,24.3667
323,-83.9867,24.4299
323,-83.8957,24.4932
323,-83.7748,24.5565
323,-83.5838,24.6197
323,-83.3629,24.6830
323,-83.1569,24.7537
323,-82.9510,24.8095
323,-82.7525,24.8302
323,-82.5390,24.8360
323,-82.2931,24.8469
323,-82.0271,24.8625
323,-81.7962,24.8758
323,-81.5671,24.8898
323,-81.3399,24.9045
323,-81.1147,24.9199
323,-80.8903,24.9357
323,-80.6676,24.9522
323,-80.4465,24.9693
323,-80.2270,24.9870
323,-80.0092,25.0054
323,-79.7913,25.0247
323,-79.5750,25.0448
323,-79.3600,25.0655
323,-79.1465,25.0869
323,-78.9343,25.1089
323,-78.7219,25.1320
323,-78.4978,25.1532
323,-78.2742,25.1748
323,-78.0510,25.1969
323,-77.8267,25.2189
323,-77.6027,25.2415
323,-77.3791,25.2645
323,-77.1557,25.2880
323,-76.9327,25.3119
323,-76.7089,25.3354
323,-76.4853,25.3593
323,-76.2621,25.3837
323,-76.0390,25.4084
323,-75.8146,25.4335
323,-75.5903,25.4589
323,-75.3662,25.4848
323,-75.1423,25.5110
323,-74.9185,25.5376
323,-74.6917,25.5666
323,-74.4650,25.5960
323,-74.2383,25.6259
323,-74.0117,25.6561
323,-73.7820,25.6904
323,-73.5524,25.7251
323,-73.3227,25.7603
323,-73.0930,25.7960
323,-72.8616,25.8366
323,-72.6301,25.8778
323,-72.3986,25.9195
323,-72.1670,25.9617
323,-71.9354,26.0043
323,-71.7018,26.0529
323,-71.4680,26.1020
323,-71.2342,26.1516
323,-70.9607,26.2007
323,-70.6863,26.2559
323,-70.4112,26.3116
323,-70.1354,26.3679
323,-69.8589,26.4247
323,-69.5795,26.4860
323,-69.2994,26.5478
323,-69.0187,26.6102
323,-68.7361,26.6742
323,-68.4528,26.7387
323,-68.1689,26.8037
323,-67.8844,26.8691
323,-67.5992,26.9322
323,-67.3133,26.9957
323,-67.0269,27.0596
323,-66.7398,27.1206
323,-66.4522,27.1819
323,-66.1017,27.2470
323,-65.7534,27.3086
323,-65.4043,27.3704
323,-65.0545,27.4324
323,-64.7072,27.4895
323,-64.3592,27.5467
323,-64.0107,27.6040
323,-63.6659,27.6548
323,-63.3207,27.7057
323,-62.9751,27.7567
323,-62.6356,27.7980
323,-62.2959,27.8392
323,-61.9558,27.8805
323,-61.6237,27.9099
323,-61.2915,27.9392
324,-74.7717,25.0119
324,-75.6298,24.9548
324,-76.5879,24.8978
324,-77.5338,24.8280
324,-78.5042,24.7837
324,-79.5424,24.8266
324,-79.6205,24.7696
324,-80.5787,24.8125
324,-81.5823,24.8421
324,-82.5949,24.8984
324,-83.6180,25.0261
324,-84.6112,25.1843
324,-85.5499,25.3118
324,-86.4275,25.4702
324,-87.2583,25.6977
324,-88.0438,25.9562
324,-88.8472,26.1916
324,-89.5601,26.4421
324,-90.1137,26.7270
324,-90.5764,27.0280
324,-91.0762,27.2926
324,-91.4927,27.6139
324,-91.7881,28.0325
324,-92.0090,28.3998
324,-92.0877,28.7621
324,-92.0252,29.0857
324,-91.8709,29.3437
324,-91.6415,29.5716
324,-91.4292,29.8068
324,-91.1578,30.0575
324,-90.8105,30.3352
325,-86.8030,30.2665
325,-86.7780,30.3352
325,-86.6931,30.5251
325,-86.5297,30.8140
325,-86.3232,31.1048
325,-86.1031,31.3521
325,-85.8533,31.5845
325,-85.5981,31.8241
325,-85.2835,32.0642
326,-77.3548,33.9028
326,-77.2205,34.2394
326,-77.0901,34.5617
326,-77.0460,34.9112
326,-76.7253,35.1206
326,-76.4259,35.3318
326,-76.1605,35.5795
326,-75.8506,35.8588
326,-75.4957,36.1383
326,-75.0857,36.3752
326,-74.6310,36.5972
326,-74.1558,36.8191
326,-73.6662,37.0561
326,-73.2058,37.3202
326,-72.7014,37.6150
326,-72.1424,37.9061
326,-71.4367,38.2738
326,-70.5076,38.7812
326,-69.4719,39.3327
326,-68.4878,39.8115
326,-67.5071,40.2916
326,-66.6098,40.7804
326,-65.5424,41.3505
326,-64.0731,42.0577
326,-62.3776,42.8094
327,-78.0329,33.5566
327,-78.0505,33.8239
327,-78.0720,34.0769
327,-78.1799,34.3572
327,-78.0112,34.4973
327,-77.8637,34.6392
327,-77.7503,34.8176
327,-77.5923,35.0277
327,-77.3894,35.2380
327,-77.1313,35.4056
327,-76.8286,35.5583
327,-76.5054,35.7109
327,-76.1677,35.8786
327,-75.8593,36.0734
327,-75.5068,36.2990
327,-75.0997,36.5208
327,-74.5460,36.8193
327,-73.7689,37.2573
327,-72.8851,37.7396
327,-72.0530,38.1491
327,-71.2242,38.5600
327,-70.4789,38.9795
327,-69.5634,39.4803
327,-68.2460,40.1182
327,-66.7025,40.8006
327,-65.2273,41.4052
328,-90.3247,26.8591
328,-90.6537,26.9095
328,-90.9072,26.9600
328,-91.1122,27.0033
328,-91.2897,27.0609
328,-91.4735,27.1463
328,-91.6721,27.2618
328,-91.9059,27.3898
328,-92.1546,27.5627
328,-92.3885,27.7906
328,-92.6370,28.0636
328,-92.9209,28.3416
328,-93.2195,28.6645
328,-93.5037,29.0349
328,-93.8019,29.4655
328,-94.1432,29.9435
328,-94.4844,30.4664
328,-94.8129,31.0168
328,-95.0669,31.5673
328,-95.2109,32.0901
328,-95.2493,32.5682
328,-95.2431,33.0135
328,-95.1318,33.3691
328,-94.9059,33.6048
329,-81.7523,20.7057
329,-81.5423,20.8431
329,-81.2874,20.9956
329,-81.0146,21.1678
329,-80.6226,21.3856
329,-80.0426,21.6582
329,-79.3577,21.9755
329,-78.6974,22.3127
329,-77.9928,22.6655
329,-77.2770,23.0095
329,-76.4280,23.3555
329,-75.3844,23.6848
329,-74.1631,24.0454
329,-72.8477,24.4818
329,-71.3982,24.9354
329,-69.8372,25.3374
329,-68.2333,25.7253
329,-66.6833,26.1202
329,-65.1685,26.5153
329,-63.6110,26.9103
329,-62.0719,27.2954
329,-60.5480,27.6709
329,-59.0418,28.0362
329,-57.5552,28.3919
329,-56.0770,28.7398
329,-54.6192,29.0786
329,-53.1805,29.4080
329,-51.7449,29.7308
329,-50.3327,30.0434
329,-48.9411,30.3473
329,-47.5548,30.6472
329,-46.1885,30.9374
329,-44.8432,31.2175
329,-43.5016,31.4935
329,-42.1808,31.7592
329,-40.8809,32.0123
329,-39.6123,32.2506
329,-38.3390,32.4870
329,-37.0891,32.7128
329,-35.8707,32.9212
329,-34.6746,33.1150
329,-33.5010,33.2938
329,-32.3124,33.4631
329,-31.1449,33.6172
329,-29.9981,33.7573
329,-28.8761,33.8758
329,-27.7735,33.9739
329,-26.6897,34.0518
329,-25.6222,34.1089
329,-24.5683,34.1448
329,-23.4892,34.1563
329,-22.4199,34.1470
329,-21.3606,34.1194
329,-20.3447,34.0822
329,-19.3360,34.0335
329,-18.3315,33.9740
329,-17.3284,33.9028
329,-16.3264,33.8189
329,-15.3273,33.7236
329,-14.3305,33.6179
329,-13.3355,33.5034
329,-12.3388,33.3837
329,-11.3365,33.2606
329,-10.3270,33.1367
329,-9.3068,33.0153
329,-8.2755,32.9137
329,-7.2293,32.8078
330,-76.2242,27.6012
330,-76.4670,27.5692
330,-76.6813,27.5411
330,-76.7473,27.4598
330,-76.8383,27.3810
330,-76.9327,27.3417
330,-76.9954,27.3210
330,-76.9889,27.2909
330,-76.9524,27.2609
330,-76.9384,27.2309
330,-76.9095,27.2009
330,-76.8455,27.1708
330,-76.7665,27.1408
330,-76.6876,27.0808
330,-76.6235,27.0808
330,-76.5871,27.2207
330,-76.5806,27.4207
330,-76.5868,27.5756
330,-76.6376,27.7606
330,-76.7511,28.0156
330,-76.8947,28.3006
330,-77.0456,28.5781
330,-77.1517,28.8405
330,-77.1605,29.0679
330,-77.1088,29.2805
330,-77.0523,29.4929
330,-76.9658,29.7204
330,-76.8741,29.9828
330,-76.7229,30.2604
330,-76.4666,30.5379
330,-76.1799,30.8003
330,-76.0026,31.0199
330,-75.7370,31.2402
330,-75.2183,31.5030
330,-74.5940,31.7802
330,-74.0365,32.0273
330,-73.4511,32.3201
330,-72.7909,32.6936
330,-72.1081,33.1601
330,-71.9366,33.1800
330,-71.1427,33.5650
330,-69.8937,34.0200
330,-68.5893,34.5093
330,-67.2507,35.0599
330,-65.9895,35.6765
330,-64.8078,36.3999
330,-63.7327,37.2303
330,-62.6648,38.1398
330,-61.4194,39.0230
330,-60.2219,39.9797
330,-59.2018,41.0689
330,-58.3789,42.2197
330,-57.7861,43.3829
330,-57.2360,44.4596
331,-90.4206,25.7839
331,-90.7231,26.5777
331,-90.8371,27.3071
331,-90.8950,28.1262
331,-90.6536,28.7303
331,-90.2619,29.4662
331,-89.8701,30.4535
331,-89.5135,31.3845
331,-89.0867,32.3767
331,-88.5445,33.3622
331,-87.8032,34.4999
332,-86.2784,24.9953
332,-85.9771,25.5405
332,-85.6757,26.0856
332,-85.4091,26.5882
332,-85.1731,27.0759
332,-84.9647,27.5812
332,-84.7704,28.0662
332,-84.5690,28.5114
332,-84.3677,29.0565
332,-84.0538,29.6744
332,-83.6651,30.3468
332,-83.3077,31.0415
332,-82.8624,31.7371
332,-82.2405,32.3676
332,-81.5597,33.0274
332,-80.9203,33.7626
333,-89.4451,25.7480
333,-89.2311,26.6098
333,-89.0257,27.4229
333,-88.7676,28.3708
333,-88.5063,29.3977
333,-88.3543,30.4734
333,-88.2868,31.5726
333,-88.3386,32.5909
333,-88.1674,33.7474
333,-87.3218,35.3032
333,-86.3479,36.8223
333,-85.8996,37.9268
333,-85.5285,38.7971
333,-84.8845,39.5867
333,-84.1090,40.2720
333,-83.2555,40.9319
334,-86.1302,27.1485
334,-86.1952,27.3265
334,-86.1699,27.5046
334,-86.1270,27.7175
334,-86.0095,27.9606
334,-85.8466,28.2168
334,-85.5492,28.5166
334,-85.0922,28.8984
334,-84.4889,29.1726
334,-83.7341,29.6065
334,-82.8285,30.1287
334,-81.8486,30.4635
334,-80.7682,30.7847
334,-79.6619,31.2107
334,-78.4078,31.6407
334,-76.9115,32.0819
334,-75.3475,32.2967
334,-73.8502,32.0799
334,-72.5872,31.6528
334,-71.7180,31.2932
334,-71.0268,30.9088
334,-70.2753,30.4962
334,-69.4665,30.0648
334,-68.6863,29.6678
334,-67.8985,29.2793
334,-67.1041,28.8987
334,-66.3129,28.5241
334,-65.5182,28.1569
334,-64.7228,27.7960
334,-63.9431,27.4380
334,-63.1669,27.0852
334,-62.4095,26.7355
334,-61.6584,26.3903
334,-60.9139,26.0494
334,-60.1971,25.7101
334,-59.4864,25.3760
334,-58.7844,25.0469
335,-86.9531,25.9641
335,-87.2077,26.6794
335,-87.2737,27.3304
335,-87.2837,28.0710
335,-86.9944,28.5967
335,-86.5547,29.2541
335,-86.1150,30.1630
335,-85.7104,31.0156
335,-85.2356,31.9293
335,-84.6455,32.8364
335,-83.8562,33.8956
335,-82.8295,35.2557
335,-81.5769,36.6620
335,-80.2746,37.8881
335,-78.6975,38.9283
336,-77.2069,31.7823
336,-77.1207,32.0707
336,-77.0383,32.3449
336,-77.0423,32.6463
336,-76.7697,32.8075
336,-76.5184,32.9706
336,-76.3011,33.1701
336,-76.0392,33.4013
336,-75.7325,33.6327
336,-75.3705,33.8215
336,-74.9639,33.9953
336,-74.5368,34.1691
336,-74.0952,34.3579
336,-73.6829,34.5739
336,-73.2266,34.8206
336,-72.7157,35.0635
336,-72.0580,35.3832
336,-71.1771,35.8423
336,-70.1894,36.3458
336,-69.2534,36.7764
336,-68.3208,37.2084
336,-67.4716,37.6490
336,-66.4522,38.1710
336,-65.0310,38.8301
336,-63.3836,39.5336
336,-61.8045,40.1593
336,-60.0150,40.7962
336,-57.7557,41.5643
336,-55.4464,42.1588
336,-53.5816,42.3757
336,-51.8778,42.3214
336,-50.1993,42.0591
336,-48.3092,41.7840
336,-45.8241,41.8084
336,-43.2406,41.7466
337,-86.0839,28.1068
337,-86.4912,28.4357
337,-86.9245,28.8121
337,-87.4090,29.1701
337,-87.8650,29.5174
337,-88.1659,29.9121
337,-88.4055,30.3226
337,-88.6835,30.7252
337,-88.9460,31.1279
337,-89.2110,31.5455
337,-89.3866,31.9331
338,-88.8321,28.0380
338,-88.9503,28.6851
338,-89.3630,29.1956
338,-89.9061,29.7585
338,-90.4940,30.3532
338,-90.9746,31.0117
338,-91.4249,31.6108
338,-91.8759,32.0493
338,-92.3558,32.3684
338,-92.8918,32.6195
339,-88.2383,29.8303
339,-88.1658,29.8689
339,-88.1140,29.8352
339,-87.9518,29.7377
339,-87.7897,29.6401
339,-87.7126,29.6200
339,-87.6655,29.6450
339,-87.5959,29.6900
339,-87.5412,29.7499
339,-87.5141,29.8024
339,-87.5169,29.8549
339,-87.5473,29.8998
339,-87.5927,29.9598
339,-87.6380,30.0472
339,-87.6684,30.1647
339,-87.6936,30.3096
339,-87.6441,30.4696
339,-87.4396,30.5922
339,-87.2198,30.7745
339,-87.1500,31.1344
339,-87.0956,31.4794
340,-88.4998,23.1735
340,-88.8054,23.3993
340,-89.1451,23.6661
340,-89.5104,23.9123
340,-89.8904,24.1587
340,-90.2633,24.3973
340,-90.6357,24.6512
340,-91.0085,24.9324
340,-91.3810,25.2438
340,-91.7539,25.5750
340,-92.1263,25.9364
340,-92.5066,26.3176
340,-92.8716,26.7289
340,-93.2094,27.1676
340,-93.5169,27.6215
340,-93.8253,28.0336
340,-94.0622,28.5141
340,-94.2547,29.1044
340,-94.5075,29.7067
340,-94.5366,30.3035
340,-94.4528,30.8992
340,-94.4052,31.5030
340,-94.2981,32.0918
340,-94.1450,32.6452
340,-93.8434,33.1844
340,-93.3187,33.7235
341,-83.7055,21.9734
341,-83.5433,22.2839
341,-83.5761,22.4898
341,-83.8938,22.4582
341,-84.3466,22.3062
341,-84.8295,22.1646
341,-85.1172,22.0226
341,-84.9126,21.9236
341,-84.5878,21.8390
341,-84.5355,21.7471
341,-84.5584,21.6554
341,-84.5437,21.5636
341,-84.5290,21.4718
341,-84.5292,21.3800
341,-84.4995,21.2882
341,-84.3998,21.1964
341,-84.2701,21.1046
341,-84.1554,21.0203
341,-84.0407,20.9210
341,-83.9335,20.7867
341,-83.8113,20.6374
341,-83.6566,20.4932
341,-83.4819,20.3538
341,-83.3422,20.2120
341,-83.2076,20.0759
341,-83.0806,19.9461
341,-82.9594,19.8215
341,-82.8443,19.7026
341,-82.7354,19.5895
341,-82.6326,19.4821
341,-82.5359,19.3804
341,-82.4453,19.2843
341,-82.3607,19.1939
341,-82.2821,19.1092
341,-82.2235,19.0320
341,-82.1721,18.9607
341,-82.1279,18.8951
342,-81.5261,24.2797
342,-80.9631,24.5824
342,-80.2271,24.9842
342,-79.4369,25.4877
342,-78.7657,26.0597
342,-78.1107,26.6930
342,-77.3967,27.3155
342,-76.6845,27.9983
342,-76.0110,28.7740
342,-75.3583,29.6036
342,-74.6702,30.3312
342,-73.9777,31.0465
342,-73.2811,31.7493
342,-72.5726,32.4410
342,-71.8483,33.1223
342,-71.1160,33.7924
342,-70.3606,34.4543
342,-69.5733,35.1084
342,-68.7731,35.7525
342,-67.9340,36.3898
342,-67.0508,37.0215
342,-66.1493,37.6436
342,-65.1917,38.2617
342,-64.1781,38.8752
342,-63.1392,39.4790
342,-62.0404,40.0786
342,-60.9179,40.6693
342,-59.7259,41.2542
342,-58.4648,41.8324
342,-57.1676,42.4002
342,-55.7977,42.9595
342,-54.3883,43.5023
343,-89.1255,26.5151
343,-89.2800,26.9785
343,-89.3593,27.5022
343,-89.4233,28.0159
343,-89.3932,28.5893
343,-89.2263,29.2401
343,-89.0271,29.9764
343,-88.8459,30.7873
343,-88.6609,31.6635
343,-88.2779,32.4732
343,-87.7948,33.2506
343,-87.3686,34.0440
343,-86.9286,34.8377
344,-76.6395,19.4568
344,-76.5508,19.9536
344,-76.2913,20.6842
344,-76.1318,21.4149
344,-75.9979,22.1523
344,-76.0128,22.8762
344,-76.2996,23.6095
344,-76.6937,24.2376
344,-76.9922,24.6781
344,-77.2747,24.9989
344,-77.5803,25.3021
344,-77.8557,25.5602
344,-78.0912,25.8059
344,-78.2367,26.0216
344,-78.2648,26.2022
344,-78.2176,26.3829
344,-78.1805,26.5985
344,-78.0986,26.8443
344,-77.9911,27.1022
344,-77.7796,27.4056
344,-77.4079,27.7789
344,-76.9606,28.1669
344,-76.5432,28.5050
344,-76.1416,28.8283
344,-75.7816,29.1661
344,-75.4225,29.4896
344,-75.0275,29.7701
344,-74.6035,30.0509
344,-74.1509,30.3515
344,-73.6845,30.7123
344,-73.1877,31.1481
344,-72.7655,31.6736
344,-72.4445,32.2665
344,-72.3465,32.9349
344,-72.4363,33.6639
344,-72.9274,34.3963
344,-74.0098,35.0841
344,-75.2084,35.6576
344,-76.0489,36.0883
344,-76.5894,36.7189
344,-77.4132,36.9788
344,-78.3704,36.9803
344,-79.2567,37.0184
344,-80.0514,37.0416
344,-80.6945,37.1141
344,-81.2323,37.2029
345,-89.5919,29.0699
345,-89.4269,29.7845
345,-89.3619,30.1991
345,-88.8969,30.8137
345,-88.3319,31.4283
345,-87.9317,31.8833
345,-87.6019,32.2575
345,-87.2015,32.6719
345,-86.7719,33.0867
345,-86.3940,33.4548
345,-85.8419,33.9159
345,-84.9265,34.6159
345,-83.8120,35.3451
345,-82.6715,35.8525
345,-81.5820,36.3743
345,-80.6730,37.1599
346,-86.5347,27.7388
346,-86.0962,28.1685
346,-85.6578,28.5982
346,-85.2540,28.9854
346,-84.8808,29.3577
346,-84.5354,29.7476
346,-84.2039,30.1171
346,-83.8655,30.4469
346,-83.5270,30.8766
346,-83.0760,31.3791
346,-82.5501,31.9361
347,-88.7615,27.8423
347,-88.2204,28.1067
347,-87.6796,28.4016
347,-87.1819,28.6430
347,-86.5977,28.9610
347,-85.7951,29.4611
347,-84.9159,30.0204
347,-84.1389,30.5290
347,-83.3340,30.9798
347,-82.3838,31.2948
347,-81.4522,31.6391
347,-80.7023,32.1724
347,-79.9703,32.7985
347,-79.1327,33.4797
347,-78.1884,34.0579
347,-77.2533,34.2751
347,-76.0066,34.5172
348,-78.6625,33.1526
348,-78.4614,33.2315
348,-78.2757,33.2354
348,-78.1172,33.2418
348,-77.9888,33.2182
348,-77.8578,33.1671
348,-77.8019,33.1010
348,-77.8637,33.0274
348,-78.0151,32.9838
348,-78.1960,33.0267
348,-78.4282,33.0666
348,-78.6390,33.0772
348,-78.7414,33.1494
348,-78.8257,33.2760
348,-78.8545,33.4322
348,-78.8634,33.5660
348,-78.7677,33.7150
348,-78.5418,33.9063
348,-78.1808,34.0978
348,-77.7322,34.2466
348,-77.1940,34.3806
348,-76.6521,34.4989
348,-76.0071,34.6634
348,-75.2079,34.9023
348,-74.3203,35.2462
348,-73.4847,35.6834
348,-72.5334,36.2290
348,-71.4734,36.7530
348,-70.0466,37.5118
348,-67.9860,38.6673
348,-65.6597,39.9946
348,-63.5426,41.2315
348,-61.4729,42.4774
348,-59.4031,43.7263
349,-86.5630,24.6959
349,-86.3167,25.1761
349,-86.2655,25.5516
349,-86.4991,25.6896
349,-86.8680,25.7073
349,-87.2668,25.7353
349,-87.4705,25.7630
349,-87.1818,25.8336
349,-86.7730,25.9187
349,-86.6367,25.9965
349,-86.5755,26.0744
349,-86.4767,26.1523
349,-86.3780,26.2301
349,-86.2942,26.3079
349,-86.1805,26.3858
349,-85.9967,26.4637
349,-85.7830,26.5415
349,-85.5843,26.6268
349,-85.3855,26.6972
349,-85.1942,26.7325
349,-84.9880,26.7529
349,-84.7493,26.7783
349,-84.4905,26.8086
349,-84.2667,26.8365
349,-84.0435,26.8642
349,-83.8202,26.8919
349,-83.5970,26.9195
349,-83.3740,26.9470
349,-83.1512,26.9745
349,-82.9286,27.0019
349,-82.7042,27.0290
349,-82.4797,27.0561
349,-82.2551,27.0831
349,-82.0304,27.1100
349,-81.8034,27.1370
349,-81.5618,27.1614
349,-81.3188,27.1855
349,-81.0742,27.2093
349,-80.8272,27.2339
350,-86.3338,24.3114
350,-86.7346,24.1145
350,-87.2100,23.9020
350,-87.5556,23.7321
350,-87.8862,23.5927
350,-88.2894,23.4657
350,-88.6625,23.3834
350,-88.8639,23.3106
350,-89.1387,23.3741
350,-89.7234,23.6823
350,-90.4149,24.0647
350,-91.0104,24.3772
350,-91.5911,24.5554
350,-92.1949,24.5107
350,-92.7673,24.3461
350,-93.3306,24.1840
350,-93.7436,24.0368
350,-93.9066,23.9593
350,-93.9198,23.9275
350,-93.9528,23.9152
350,-93.8960,23.9181
350,-93.7142,23.9135
350,-93.4722,23.9088
350,-93.2828,23.9115
350,-93.0485,23.8995
350,-92.6941,23.8675
350,-92.3247,23.7902
350,-92.0327,23.6655
350,-91.8009,23.4809
350,-91.5939,23.2562
350,-91.4771,22.9715
350,-91.4854,22.6094
351,-77.2138,30.9489
351,-77.4859,31.5614
351,-77.7566,32.1891
351,-78.1001,32.8443
351,-78.3994,33.5292
351,-78.5733,34.0968
351,-78.6421,34.9694
351,-78.6635,35.1895
351,-78.9164,35.9347
351,-79.4062,36.5296
352,-75.2844,29.2823
352,-75.6913,29.9920
352,-76.0223,30.7319
352,-76.3433,31.5216
352,-76.5601,32.2814
352,-76.6537,32.9135
352,-76.5979,33.5310
352,-76.4120,34.2333
352,-76.1358,34.9805
352,-75.8910,35.7549
352,-75.5736,36.5301
352,-75.1512,37.2619
352,-74.6115,37.9796
352,-74.0028,38.6959
352,-73.2493,39.4292
352,-72.3454,40.1431
352,-71.2872,40.9787
352,-70.0599,42.0257
353,-77.6032,25.3382
353,-77.9486,25.4605
353,-78.2655,25.5865
353,-78.4341,25.6594
353,-78.6277,25.7349
353,-78.8247,25.8497
353,-78.9899,25.9833
353,-79.0861,26.1074
353,-79.1522,26.2317
353,-79.2408,26.3559
353,-79.3144,26.4800
353,-79.3530,26.6042
353,-79.3766,26.7284
353,-79.4003,26.8226
353,-79.4389,26.9768
353,-79.5050,27.2710
353,-79.6011,27.6252
353,-79.7099,27.9343
353,-79.8634,28.2735
353,-80.0794,28.6827
353,-80.3256,29.1219
353,-80.5791,29.5536
353,-80.7878,29.9703
353,-80.8991,30.3519
353,-80.9501,30.7187
353,-80.9962,31.0853
353,-81.0123,31.4670
353,-81.0232,31.8837
353,-80.9745,32.3154
353,-80.8209,32.7472
353,-80.6368,33.1638
353,-80.5620,33.5376
353,-80.3990,33.9122
353,-79.9829,34.3291
354,-88.9280,28.1883
354,-89.3204,28.6231
354,-89.4636,29.0804
354,-89.3640,29.5771
354,-89.3933,30.0391
354,-89.4076,30.5311
354,-89.4240,31.1080
354,-89.3512,31.6850
354,-89.1181,32.1695
354,-88.7948,32.6390
354,-88.4814,33.1584
354,-88.1384,33.6930
354,-87.7973,34.2347
355,-76.4585,33.4209
355,-76.3552,33.4886
355,-76.2673,33.4812
355,-76.2066,33.4764
355,-76.1760,33.4415
355,-76.1428,33.3792
355,-76.1848,33.3019
355,-76.3443,33.2170
355,-76.5935,33.1622
355,-76.8723,33.1938
355,-77.2023,33.2225
355,-77.5109,33.2218
355,-77.7110,33.2828
355,-77.8932,33.3981
355,-78.0198,33.5431
355,-78.1265,33.6657
355,-78.1286,33.8034
355,-78.0005,33.9834
355,-77.7373,34.1638
355,-77.3865,34.3013
355,-76.9461,34.4241
355,-76.5020,34.5311
355,-75.9548,34.6844
355,-75.2534,34.9120
355,-74.4636,35.2447
355,-73.7258,35.6707
355,-72.8723,36.2050
355,-71.9101,36.7177
355,-70.5811,37.4653
355,-68.6183,38.6096
355,-66.3899,39.9256
355,-64.3705,41.1513
355,-62.3986,42.3860
355,-60.4266,43.6236
355,-58.4074,44.8463
355,-56.4117,46.0764
356,-79.2622,27.0207
356,-79.8231,27.1889
356,-80.3268,27.3982
356,-80.7450,27.6569
356,-81.1011,27.9457
356,-81.3669,28.3249
356,-81.5357,28.8437
356,-81.6887,29.3929
356,-81.9350,29.8269
356,-82.2106,30.2609
356,-82.5381,30.7501
356,-82.7325,31.3289
356,-82.6197,32.0853
356,-82.3544,32.7969
357,-88.1247,25.1750
357,-88.5928,25.3727
357,-89.0949,25.6115
357,-89.6226,25.8298
357,-90.1651,26.0481
357,-90.7004,26.2588
357,-91.2353,26.4847
357,-91.7706,26.7379
357,-92.3055,27.0213
357,-92.8408,27.3244
357,-93.3757,27.6578
357,-93.9185,28.0111
357,-94.4459,28.3944
357,-94.9462,28.8051
357,-95.4161,29.2310
357,-95.8870,29.6151
357,-96.2863,30.0676
357,-96.6412,30.6299
357,-97.0565,31.2042
358,-80.3054,27.5447
358,-80.9698,27.6183
358,-81.5770,27.7330
358,-82.0987,27.8970
358,-82.5583,28.0913
358,-82.9276,28.3758
358,-83.1999,28.7999
358,-83.4565,29.2545
358,-83.8063,29.5939
358,-84.1855,29.9333
358,-84.6165,30.3278
358,-84.9144,30.8120
358,-84.9052,31.4738
358,-84.7433,32.0908
358,-84.6444,32.4174
358,-84.4723,32.6695
358,-84.2105,33.0135
358,-83.8012,33.4483
359,-85.5963,29.8067
359,-85.6660,29.8210
359,-85.6758,29.9563
359,-85.6071,30.1907
359,-85.4953,30.4271
359,-85.3699,30.6199
359,-85.2149,30.7978
359,-85.0544,30.9830
359,-84.8344,31.1685
359,-84.5537,31.3460
360,-88.5058,29.9697
360,-88.0583,30.2057
360,-87.6111,30.4722
360,-87.2070,30.6850
360,-86.7164,30.9746
360,-86.0073,31.4462
361,-80.3080,21.1262
361,-80.8118,21.7648
361,-81.2322,22.3775
361,-81.2443,22.5531
361,-81.5180,22.9002
361,-81.9686,23.3044
361,-82.3415,23.7140
361,-82.6928,24.1557
361,-83.0625,24.6663
361,-83.4171,25.2070
361,-83.7371,25.7325
361,-84.0413,26.2583
361,-84.3539,26.7688
361,-84.6656,27.3096
361,-85.0002,27.9053
361,-85.2898,28.5609
361,-85.4677,29.2638
361,-85.6141,30.0122
361,-85.7957,30.7065
361,-86.0383,31.5635
361,-86.3507,32.5659
361,-86.6626,33.3148
361,-87.0110,33.9578
361,-87.2868,34.5660
361,-87.3873,35.2690
361,-87.4111,36.0173
361,-87.4879,36.8080
362,-72.8595,23.3607
362,-73.3913,23.6187
362,-73.8620,23.9521
362,-74.2750,24.2723
362,-74.6644,24.5435
362,-75.0866,24.6915
362,-75.4669,24.9350
362,-75.7681,25.4307
362,-76.1694,26.0264
362,-76.5253,26.4960
362,-76.7718,26.9178
362,-76.8685,27.4134
362,-76.8743,27.9093
362,-76.8758,28.3550
362,-76.8768,28.8007
362,-76.9204,29.2964
362,-76.9792,29.7921
362,-77.0674,30.2528
362,-77.0817,30.6836
362,-76.9133,31.0644
362,-76.6842,31.4750
362,-76.5203,31.9982
362,-76.3867,32.5664
362,-76.2876,33.1496
362,-76.1891,33.6579
362,-76.0695,33.9609
362,-75.8916,34.2493
362,-75.6227,34.7000
362,-75.2941,35.2407
362,-74.9796,35.7481
362,-74.5965,36.4321
362,-74.0878,37.4062
362,-73.9990,37.5236
362,-73.7002,38.3193
362,-73.2964,39.2399
362,-72.7027,40.3107
362,-72.3043,41.0577
362,-71.7052,41.8022
362,-70.5419,42.7819
362,-69.1076,43.8936
363,-87.9330,30.1299
363,-87.9334,30.1241
363,-87.9546,30.0460
363,-87.8653,29.9041
363,-87.7762,29.7621
363,-87.7720,29.6976
363,-87.7978,29.6782
363,-87.8011,29.6787
363,-87.8194,29.6943
363,-87.8652,29.7023
363,-87.9410,29.7103
363,-88.0443,29.7109
363,-88.1626,29.7264
363,-88.2809,29.7695
363,-88.3843,29.8425
363,-88.4824,29.9430
363,-88.5059,30.0586
363,-88.3743,30.1368
363,-88.2275,30.2747
363,-88.2305,30.5902
363,-88.2491,30.8908
363,-88.1674,30.9939
363,-88.0707,31.0069
363,-88.0314,31.0149
363,-87.9923,31.0230
363,-87.9106,31.0735
363,-87.8139,31.1390
364,-86.6785,29.3229
364,-86.6861,29.3920
364,-86.6338,29.5823
364,-86.5031,29.8715
364,-86.3292,30.1627
364,-86.1417,30.4104
364,-85.9246,30.6431
364,-85.7021,30.8832
364,-85.4201,31.1236
364,-85.0772,31.3559
365,-90.1977,27.2912
365,-90.5677,27.6026
365,-90.6885,27.9364
365,-90.5665,28.3097
365,-90.5734,28.6483
365,-90.5653,29.0169
365,-90.5594,29.4704
365,-90.4642,29.9241
365,-90.2087,30.2852
365,-89.8630,30.6312
365,-89.5272,31.0273
365,-89.1618,31.4384
365,-88.7983,31.8567
365,-88.3606,32.2456
365,-87.8119,32.5564
365,-87.1595,32.8527
365,-86.4534,33.1984
365,-85.6583,33.5599
365,-84.8014,33.8979
365,-83.8571,34.2671
366,-76.8399,19.3652
366,-76.7410,19.7673
366,-76.4712,20.4033
366,-76.3014,21.0394
366,-76.1572,21.6821
366,-76.1618,22.3114
366,-76.4384,22.9501
366,-76.8222,23.4835
366,-77.1104,23.8294
366,-77.3826,24.0556
366,-77.6779,24.2641
366,-77.9430,24.4276
366,-78.1682,24.5786
366,-78.3034,24.6997
366,-78.3213,24.7857
366,-78.2638,24.8718
366,-78.2164,24.9928
366,-78.1243,25.1438
366,-78.0064,25.3072
366,-77.7847,25.5159
366,-77.4027,25.7946
366,-76.9451,26.0880
366,-76.5174,26.3314
366,-76.1055,26.5601
366,-75.7353,26.8033
366,-75.3659,27.0321
366,-74.9605,27.2180
366,-74.5263,27.4042
366,-74.0634,27.6101
366,-73.5867,27.8763
366,-73.0796,28.2175
366,-72.6471,28.6483
366,-72.3158,29.1466
366,-72.2075,29.7204
366,-72.2871,30.3547
366,-72.7679,30.9925
366,-73.8400,31.5857
366,-75.0283,32.0645
366,-75.8585,32.4006
366,-76.3887,32.9366
366,-77.2023,33.1019
366,-78.1491,33.0087
366,-79.0251,32.9522
366,-79.8095,32.8807
366,-80.4424,32.8586
366,-80.9699,32.8528
366,-81.4953,32.8313
367,-87.6984,29.4363
367,-87.5921,29.4981
367,-87.4259,29.6811
367,-87.1813,29.9631
367,-86.8936,30.2470
367,-86.5922,30.4874
367,-86.2612,30.7129
367,-85.9248,30.9457
367,-85.5289,31.1788
367,-85.0722,31.4039
367,-84.4965,31.6448
367,-83.7755,31.9277
367,-82.9642,32.2107
367,-82.1552,32.4583
367,-81.3319,32.6766
368,-90.6052,28.9997
368,-90.9594,29.1884
368,-91.2135,29.3771
368,-91.4678,29.5192
368,-91.7218,29.6546
368,-91.9834,29.8358
368,-92.2300,30.0320
368,-92.4567,30.2132
368,-92.6383,30.4094
368,-92.7650,30.6406
368,-92.8466,30.8868
368,-92.9083,31.1106
368,-92.9548,31.3643
368,-93.0090,31.6955
368,-93.0631,32.0417
368,-93.1246,32.3379
368,-93.1714,32.6191
368,-93.1904,32.9078
369,-86.9542,30.2298
369,-87.3277,30.7446
369,-87.7273,31.3070
369,-88.1782,31.8509
369,-88.6005,32.3841
369,-88.8677,32.9649
369,-89.0736,33.5613
369,-89.3179,34.1498
370,-76.8503,26.2939
370,-77.1349,26.4214
370,-77.3910,26.5527
370,-77.4989,26.6308
370,-77.6318,26.7115
370,-77.7681,26.8315
370,-77.8726,26.9702
370,-77.9080,27.0996
370,-77.9134,27.2290
370,-77.9413,27.3584
370,-77.9542,27.4878
370,-77.9320,27.6171
370,-77.8949,27.7465
370,-77.8579,27.8459
370,-77.8357,28.0053
370,-77.8411,28.3047
370,-77.8765,28.6641
370,-77.9245,28.9784
370,-78.0173,29.3228
370,-78.1726,29.7372
370,-78.3580,30.1816
370,-78.5508,30.6185
370,-78.6988,31.0404
370,-78.7494,31.4272
370,-78.7396,31.7991
370,-78.7250,32.1710
370,-78.6804,32.5579
370,-78.6306,32.9797
370,-78.5211,33.4167
370,-78.3068,33.8536
370,-78.0619,34.2754
370,-77.9265,34.6544
370,-77.7027,35.0342
370,-77.2259,35.4564
371,-82.7858,25.7212
371,-82.5448,26.5855
371,-82.1636,27.6869
371,-81.8590,28.6770
371,-81.5413,29.6526
371,-81.0769,30.7344
371,-80.6191,31.8183
371,-80.0808,32.9013
371,-79.1968,33.9840
371,-78.2255,35.1323
371,-77.1745,36.3498
371,-76.2469,37.5676
372,-92.0958,28.1494
372,-91.8183,28.8568
372,-91.6407,29.2642
372,-91.0632,29.8716
372,-90.3857,30.4790
372,-89.8729,30.9269
372,-89.4306,31.2938
372,-88.9176,31.7011
373,-81.7260,25.1219
373,-81.4491,25.8982
373,-81.0321,26.9114
373,-80.6917,27.8134
373,-80.3382,28.7010
373,-79.8379,29.6946
373,-79.3442,30.6904
373,-78.7701,31.6854
373,-77.8503,32.6800
373,-76.8431,33.7401
373,-75.7564,34.8695
373,-74.7929,35.9992
373,-73.7625,37.0590
373,-72.5359,37.9582
373,-71.1685,38.7485
373,-70.0216,39.7182
373,-68.8701,40.6715
373,-67.7085,41.6087
374,-78.2226,33.1756
374,-78.1966,33.2431
374,-77.7998,34.3484
374,-77.2250,35.6310
374,-76.5064,37.0588
374,-75.7099,38.6337
374,-74.8129,40.2693
375,-88.7521,28.2640
375,-88.4031,29.1055
375,-88.0627,29.8981
375,-87.6695,30.8256
375,-87.2732,31.8322
375,-86.9862,32.8875
375,-86.7837,33.9663
376,-78.3610,33.2883
376,-78.4236,33.3620
376,-78.1155,34.4735
376,-77.6292,35.7624
376,-76.9992,37.1965
376,-76.2913,38.7776
376,-75.4829,40.4194
376,-74.5464,42.0191
376,-73.6666,43.5424
376,-73.0320,44.9408
376,-72.5503,46.2653
376,-71.8172,47.7268
376,-71.0611,49.1577
377,-82.5718,25.4778
377,-82.1863,26.3451
377,-81.6607,27.4494
377,-81.2116,28.4424
377,-80.7495,29.4210
377,-80.1407,30.5056
377,-79.5384,31.5925
377,-78.8557,32.6785
377,-77.8273,33.7641
377,-76.7115,34.9152
377,-75.5162,36.1357
377,-74.4441,37.3565
377,-73.3051,38.5072
377,-71.9699,39.4975
377,-70.4939,40.3788
377,-69.2384,41.4396
377,-67.9758,42.4814
378,-85.3488,29.2407
378,-84.7280,29.9915
378,-84.1684,30.7248
378,-83.6554,31.1363
378,-82.9634,31.7085
378,-82.1828,32.2811
378,-81.3749,32.8380
378,-80.5102,33.4258
378,-79.6336,34.1269
378,-78.6376,34.7706
378,-77.4739,35.1946
379,-87.4618,23.8237
379,-88.0235,24.2943
379,-88.6606,24.8841
379,-89.2120,25.6493
379,-89.6594,26.4445
379,-89.9538,27.1359
379,-90.1581,27.7049
379,-90.3575,28.1351
379,-90.4569,28.3653
379,-90.5622,28.6642
379,-90.5556,28.9258
379,-90.3550,29.0560
379,-90.1544,29.0862
379,-89.8811,29.0970
379,-89.5531,29.0466
379,-89.2020,28.8843
379,-88.8519,28.7070
379,-88.5392,28.6098
379,-88.2506,28.5674
379,-87.9250,28.4476
379,-87.5787,28.3332
379,-87.2118,28.2240
379,-86.8244,28.1202
379,-86.4294,28.0200
379,-86.0172,27.9248
379,-85.5900,27.8338
379,-85.1460,27.7475
379,-84.6855,27.6659
379,-84.2120,27.5880
379,-83.7225,27.5147
379,-83.2210,27.4450
379,-82.7040,27.3798
379,-82.1761,27.3182
379,-81.6331,27.2610
379,-81.0806,27.2069
379,-80.5191,27.1554
379,-79.9435,27.1079
379,-79.4084,27.0566
379,-78.8623,27.0089
379,-78.3121,26.9634
379,-77.7514,26.9213
379,-77.1876,26.8806
379,-76.6138,26.8432
379,-76.0374,26.8059
379,-75.4584,26.7680
379,-74.8703,26.7331
379,-74.2811,26.6955
379,-73.6833,26.6607
379,-73.0865,26.6223
379,-72.4914,26.5806
379,-71.8886,26.5411
379,-71.2879,26.4972
379,-70.6801,26.4553
379,-70.0767,26.4061
379,-69.4793,26.3486
379,-68.8757,26.2925
379,-68.2789,26.2269
379,-67.6764,26.1626
379,-67.0818,26.0876
379,-66.5773,25.9887
379,-66.0698,25.8901
379,-65.5710,25.7840
379,-65.0696,25.6780
379,-64.5777,25.5669
379,-64.0834,25.4559
379,-63.5993,25.3404
379,-63.1132,25.2248
379,-62.6368,25.1036
379,-62.2329,24.9711
379,-61.8284,24.8385
379,-61.4319,24.7020
379,-61.0349,24.5653
379,-60.6461,24.4276
379,-60.2571,24.2898
379,-59.8678,24.1517
379,-59.4860,24.0141
379,-59.1723,23.8713
379,-58.8590,23.7284
379,-58.5496,23.5843
379,-58.2406,23.4400
379,-57.9321,23.2954
379,-57.6297,23.1517
379,-57.3278,23.0079
379,-57.0829,22.8621
379,-56.8404,22.7208
379,-56.5987,22.5795
379,-56.3576,22.4380
379,-56.1172,22.2963
379,-55.8770,22.1597
379,-55.6373,22.0230
379,-55.4412,21.8862
379,-55.2458,21.7494
379,-55.0508,21.6125
379,-54.8533,21.4788
379,-54.6562,21.3451
379,-54.4595,21.2114
379,-54.2631,21.0776
379,-54.1050,20.9446
379,-53.9430,20.8132
380,-78.7730,32.3403
380,-78.7612,32.7066
380,-78.7532,33.0588
380,-78.8315,33.4381
380,-78.6333,33.6773
380,-78.4564,33.9183
380,-78.3135,34.1958
380,-78.1260,34.5049
380,-77.8937,34.8143
380,-77.6060,35.0810
380,-77.2738,35.3328
380,-76.9211,35.5845
380,-76.5540,35.8513
380,-76.2161,36.1452
380,-75.8342,36.4698
380,-75.3976,36.7907
380,-74.8143,37.1883
380,-74.0077,37.7255
381,-90.3369,29.0746
381,-90.3519,29.7816
381,-90.4668,30.1886
381,-90.1818,30.7957
381,-89.7968,31.4027
381,-89.5765,31.8502
381,-89.4267,32.2167
381,-89.2063,32.6236
381,-88.9567,33.0308
381,-88.7587,33.3914
381,-88.3866,33.8448
381,-87.6511,34.5373
381,-86.7166,35.2589
381,-85.7561,35.7587
381,-84.8465,36.2729
381,-84.1175,37.0510
381,-83.4765,37.7870
381,-82.8238,38.2108
381,-82.2064,38.5010
381,-81.6348,38.8069
381,-81.0363,39.1151
381,-80.3911,39.4849
381,-79.5663,39.8291
381,-78.3334,39.9950
381,-77.1962,40.2432
381,-76.6196,40.8676
381,-76.3262,41.5572
381,-76.0068,41.9191
381,-75.8561,42.3713
381,-75.8886,43.2830
381,-76.0861,44.2853
381,-76.3698,45.0898
381,-76.7160,45.6994
382,-92.0447,26.3341
382,-91.5175,27.4908
382,-90.7902,28.4476
382,-89.7640,29.6473
382,-88.3356,30.9611
382,-86.5757,32.1712
382,-84.3811,33.3746
383,-91.5438,25.5121
383,-92.0276,26.1040
383,-92.5438,26.6773
383,-92.8824,27.0332
383,-93.1438,27.5426
383,-93.3363,28.1886
383,-93.3438,28.6079
383,-93.2174,29.1593
383,-92.9439,29.7731
383,-92.6240,30.3878
383,-92.1439,31.1384
383,-91.4600,32.1073
383,-90.6439,33.2037
383,-90.0689,34.0613
383,-89.4779,34.9020
383,-88.8667,35.7253
384,-86.8618,29.7803
384,-86.2575,30.5085
384,-85.7145,31.2191
384,-85.2180,31.6080
384,-84.5425,32.1576
384,-83.7784,32.7074
384,-82.9871,33.2417
385,-77.5771,28.1587
385,-77.8891,28.3382
385,-78.1727,28.5214
385,-78.3080,28.6515
385,-78.4683,28.7841
385,-78.6320,28.9561
385,-78.7639,29.1468
385,-78.8267,29.3281
385,-78.8595,29.5095
385,-78.9148,29.6909
385,-78.9551,29.8722
385,-78.9604,30.0536
385,-78.9507,30.2349
385,-78.9411,30.3863
385,-78.9463,30.5976
385,-78.9792,30.9490
385,-79.0419,31.3603
385,-79.1174,31.7266
385,-79.2376,32.1230
385,-79.4203,32.5894
385,-79.6332,33.0857
385,-79.8534,33.5746
385,-80.0288,34.0484
385,-80.1068,34.4872
386,-78.8599,25.3545
386,-79.4659,25.5813
386,-80.0149,25.8492
386,-80.4782,26.1664
386,-80.8795,26.5138
386,-81.1905,26.9515
386,-81.4045,27.5289
386,-81.6027,28.1366
386,-81.8942,28.6292
386,-82.2150,29.1218
386,-82.5877,29.6695
386,-82.8273,30.3069
386,-82.7597,31.1219
386,-82.5395,31.8920
386,-82.3823,32.3718
386,-82.1518,32.7771
386,-81.8317,33.2742
386,-81.3640,33.8622
386,-80.8013,34.5281
386,-79.9763,35.3473
386,-78.7336,36.4148
386,-77.3886,37.4324
386,-76.3237,38.1283
386,-75.4008,38.6176
386,-74.5719,39.0555
386,-73.7131,39.3027
386,-72.6744,39.3160
386,-71.5254,39.1878
386,-70.5565,39.3303
387,-87.8582,25.2291
387,-88.0391,25.8080
387,-88.2347,26.3719
387,-88.4580,26.8657
387,-88.7111,27.3147
387,-88.9993,27.7586
387,-89.2876,28.1575
387,-89.5035,28.5237
387,-89.7640,28.8003
387,-90.1346,28.9814
387,-90.6405,29.0430
387,-91.3143,28.9874
387,-92.0170,28.8858
387,-92.5780,28.8043
387,-93.0934,28.8286
387,-93.6233,29.0430
387,-94.1699,29.3714
387,-94.7081,29.4928
387,-95.2374,29.6103
387,-95.7589,29.7241
387,-96.2720,29.8342
387,-96.7788,29.9412
387,-97.2779,30.0446
388,-89.1109,28.8204
388,-89.5569,29.1236
388,-89.7538,29.4493
388,-89.7078,29.8145
388,-89.7908,30.1449
388,-89.8588,30.5053
388,-89.9289,30.9506
388,-89.9097,31.3961
388,-89.7303,31.7490
389,-85.1178,27.1459
389,-85.2490,27.6384
389,-85.2899,28.1311
389,-85.3133,28.6586
389,-85.2620,29.2162
389,-85.1653,29.7869
389,-84.9341,30.4014
389,-84.5433,31.0977
389,-84.0062,31.6865
389,-83.3177,32.4350
389,-82.4783,33.2717
389,-81.5647,33.9211
389,-80.5504,34.5568
390,-85.6541,24.7069
390,-85.8161,25.0112
390,-86.0121,25.3565
390,-86.2337,25.6813
390,-86.4701,26.0062
390,-86.6993,26.3234
390,-86.9281,26.6559
390,-87.1573,27.0156
390,-87.3861,27.4056
390,-87.6153,27.8153
390,-87.8441,28.2552
390,-88.0808,28.7150
390,-88.3021,29.2049
390,-88.4963,29.7222
390,-88.6601,30.2546
390,-88.8249,30.7453
390,-88.9181,31.3043
390,-88.9669,31.9732
390,-89.0761,32.6540
390,-88.9616,33.3294
391,-81.9351,26.2635
391,-81.6331,27.1534
391,-81.1909,28.2804
391,-80.8254,29.2960
391,-80.4468,30.2972
391,-79.9214,31.4046
391,-79.4026,32.5141
391,-78.8034,33.6227
391,-77.8585,34.7309
391,-76.8262,35.9047
391,-75.7143,37.1478
391,-74.7257,38.3912
391,-73.6702,39.5646
391,-72.4185,40.5775
391,-71.0260,41.4815
391,-69.8539,42.5649
392,-88.5974,23.4357
392,-88.9489,23.5438
392,-89.3344,23.6929
392,-89.7455,23.8214
392,-90.1714,23.9501
392,-90.5901,24.0711
392,-91.0084,24.2073
392,-91.4271,24.3708
392,-91.8454,24.5645
392,-92.2641,24.7780
392,-92.6824,25.0217
392,-93.1086,25.2853
392,-93.5194,25.5790
392,-93.9031,25.9000
392,-94.2564,26.2362
392,-94.6106,26.5306
392,-94.8934,26.8934
392,-95.1317,27.3660
392,-95.4304,27.8506
392,-95.5053,28.3298
392,-95.4674,28.8078
392,-95.4656,29.2939
392,-95.4044,29.7650
392,-95.2971,30.2008
392,-95.0414,30.6222
392,-94.5624,31.0437
392,-93.9783,31.4795
392,-93.4608,31.9426
393,-86.6281,26.3666
393,-86.3203,26.9296
393,-86.0125,27.4925
393,-85.7395,28.0129
393,-85.4970,28.5185
393,-85.2822,29.0416
393,-85.0814,29.5444
393,-84.8736,30.0074
393,-84.6658,30.5703
393,-84.3454,31.2060
393,-83.9503,31.8962
393,-83.5865,32.6087
393,-83.1347,33.3222
393,-82.5063,33.9704
393,-81.8191,34.6481
394,-80.1759,32.5137
394,-80.4090,32.8329
394,-80.4947,33.2205
394,-80.5294,33.5784
394,-80.5135,33.9272
394,-80.4877,34.2805
394,-80.4322,34.6339
394,-80.3859,34.9795
394,-80.2510,35.3407
394,-79.9702,35.7364
394,-79.5698,36.1474
395,-90.0737,28.5259
395,-90.3729,28.5075
395,-90.5966,28.4892
395,-90.7718,28.4636
395,-90.9194,28.4524
395,-91.0735,28.4690
395,-91.2423,28.5156
395,-91.4463,28.5748
395,-91.6651,28.6789
395,-91.8693,28.8379
395,-92.0880,29.0421
395,-92.3421,29.2512
395,-92.6109,29.5054
395,-92.8652,29.8069
395,-93.1337,30.1686
395,-93.4452,30.5778
395,-93.7566,31.0318
395,-94.0553,31.5135
395,-94.2795,31.9951
395,-94.3937,32.4491
395,-94.4023,32.8583
395,-94.3663,33.2348
395,-94.2252,33.5216
395,-93.9696,33.6885
395,-93.6481,33.7848
395,-93.4595,34.0164
395,-93.2707,34.2399
395,-93.0777,34.4546
395,-92.8814,34.6609
396,-86.5215,22.3393
396,-87.1897,22.4605
396,-87.8111,22.5523
396,-88.3711,22.7434
396,-88.9007,22.9653
396,-89.4457,23.1791
396,-89.9903,23.3784
396,-90.5430,23.5347
396,-91.0799,23.6914
396,-91.5823,23.8976
396,-92.0695,24.1045
396,-92.5643,24.2907
396,-93.0591,24.4175
396,-93.5917,24.4467
396,-94.0487,24.4305
396,-94.3313,24.4216
396,-94.5383,24.4436
396,-94.8054,24.5427
396,-95.0279,24.6566
396,-95.1082,24.6978
396,-95.2175,24.7697
396,-95.5246,24.9538
396,-95.9071,25.1827
396,-96.2594,25.4041
396,-96.5967,25.5957
396,-96.8768,25.7244
396,-97.1863,25.8088
396,-97.6164,25.8579
396,-98.0759,25.9218
396,-98.4781,26.0706
396,-98.8655,26.2349
396,-99.2576,26.3568
396,-99.6551,26.4479
396,-100.0499,26.5794
397,-89.5613,28.0621
397,-89.6487,28.8155
397,-89.5475,29.5046
397,-89.3903,30.2833
397,-88.9337,30.8470
397,-88.3269,31.5425
397,-87.7199,32.4894
397,-87.1482,33.3800
397,-86.5061,34.3319
397,-85.7488,35.2770
398,-86.5892,22.0667
398,-87.3583,22.3401
398,-88.0807,22.5840
398,-88.7415,22.9271
398,-89.3721,23.3012
398,-90.0180,23.6670
398,-90.6636,24.0184
398,-91.3172,24.3268
398,-91.9550,24.6356
398,-92.5583,24.9939
398,-93.1464,25.3528
398,-93.7422,25.6911
398,-94.3379,25.9700
398,-94.9714,26.1512
398,-95.5293,26.2872
398,-95.9128,26.4304
398,-96.2207,26.6044
398,-96.5888,26.8556
398,-96.9122,27.1216
398,-97.0934,27.3149
398,-97.3036,27.5388
398,-97.7116,27.8751
398,-98.1950,28.2560
398,-98.6483,28.6296
398,-99.0865,28.9732
399,-89.1051,28.9489
399,-89.2627,29.6246
399,-89.7148,30.1638
399,-90.2972,30.7553
399,-90.9245,31.3788
399,-91.4445,32.0659
399,-91.9342,32.6937
400,-64.2622,17.8320
400,-64.8365,18.1012
400,-65.4923,18.3971
400,-66.2110,18.7304
400,-66.8561,19.0021
400,-67.4855,19.2595
400,-68.1230,19.5238
400,-68.7600,19.7887
400,-69.3974,20.0605
400,-70.0345,20.3178
400,-70.6688,20.5328
400,-71.3090,20.7470
400,-71.9928,21.0552
400,-72.5835,21.1761
400,-73.2419,21.3064
400,-73.9580,21.5053
400,-74.5678,21.6345
400,-75.1325,21.7344
400,-75.6565,21.7747
400,-76.2070,21.8636
400,-76.8442,22.0781
400,-77.1815,22.1927
400,-77.6051,22.3403
400,-78.0560,22.5219
400,-78.4657,22.7364
400,-78.8305,22.9510
400,-79.1553,23.1230
400,-79.4050,23.2802
400,-79.5799,23.4072
400,-79.6795,23.6093
400,-79.7556,23.9399
400,-79.7539,24.4385
400,-79.7619,25.0177
400,-79.8284,25.5676
400,-79.7522,26.1767
400,-79.7029,26.7968
400,-79.8465,27.4941
400,-80.0774,28.2259
400,-80.2429,28.9478
400,-80.4519,29.6551
400,-80.7592,30.3496
400,-81.1264,30.9842
400,-81.4847,31.5209
400,-81.9009,32.0134
400,-82.4084,32.5354
400,-82.9754,33.0425
400,-83.5634,33.5070
400,-84.1499,33.9717
400,-84.7245,34.4937
401,-88.9818,25.2940
401,-89.3864,25.6986
401,-89.7157,26.1635
401,-90.0297,26.6184
401,-90.2496,27.1330
401,-90.3328,27.7250
401,-90.3836,28.4025
401,-90.4524,29.1546
401,-90.5175,29.9721
401,-90.3845,30.7230
401,-90.1514,31.4416
401,-89.9752,32.1762
401,-89.7853,32.9111
401,-89.5887,33.6531
402,-86.6730,25.4789
402,-86.7420,25.9747
402,-86.8257,26.4556
402,-86.9372,26.8664
402,-87.0785,27.2322
402,-87.2548,27.5931
402,-87.4312,27.9089
402,-87.5353,28.1920
402,-87.6839,28.3855
402,-87.9426,28.4836
402,-88.3366,28.4622
402,-88.8986,28.3234
402,-89.4894,28.1388
402,-89.9386,27.9743
402,-90.3421,27.9155
402,-90.7601,28.0467
402,-91.1948,28.2921
402,-91.6212,28.3305
402,-92.0404,28.3669
402,-92.4523,28.4015
402,-92.8587,28.4340
402,-93.2585,28.4645
402,-93.6543,28.4933
402,-94.0440,28.5201
402,-94.4276,28.5451
402,-94.8090,28.5692
402,-95.1849,28.5916
402,-95.5599,28.6139
402,-95.9299,28.6347
402,-96.2949,28.6540
402,-96.6611,28.6741
402,-97.0228,28.6928
402,-97.3800,28.7102
402,-97.7403,28.7288
402,-98.0966,28.7463
402,-98.4489,28.7626
402,-98.8044,28.7796
402,-99.1563,28.7956
402,-99.5095,28.8116
403,-86.8425,27.1624
403,-87.0777,27.7151
403,-87.2225,28.2680
403,-87.3499,28.8557
403,-87.4025,29.4735
403,-87.4098,30.1044
403,-87.2826,30.7790
403,-86.9957,31.5355
403,-86.5626,32.1845
403,-85.9781,32.9931
404,-86.9286,21.5912
404,-87.1794,22.0601
404,-87.4296,22.4400
404,-87.6464,22.7510
404,-87.8673,23.2040
404,-88.0135,23.6420
404,-88.0496,23.9674
404,-87.9806,24.2329
404,-87.8292,24.5009
404,-87.6476,24.7239
404,-87.5011,24.9068
404,-87.4147,25.0148
404,-87.4182,25.0402
404,-87.4818,25.0057
404,-87.5352,24.9662
404,-87.6488,24.8967
404,-87.8674,24.8072
404,-88.1159,24.6876
404,-88.2959,24.5603
404,-88.4830,24.3786
404,-88.7165,24.1240
404,-88.8500,23.8695
404,-88.9031,23.5780
404,-88.9171,23.2605
404,-89.0256,22.9809
404,-89.1305,22.7064
404,-89.2317,22.4372
404,-89.3293,22.1732
404,-89.4233,21.9143
404,-89.5235,21.6602
404,-89.6221,21.4111
404,-89.7190,21.1671
404,-89.8142,20.9281
404,-89.9234,20.6946
404,-90.0326,20.4661
404,-90.1419,20.2426
404,-90.2522,20.0249
404,-90.3821,19.8129
404,-90.5135,19.6060
405,-85.8597,27.8884
405,-85.7107,28.4294
405,-85.4426,28.9258
405,-85.0603,29.5549
405,-84.6255,30.1631
405,-84.1670,30.7318
405,-83.8084,31.4005
405,-83.3904,32.0428
405,-82.8913,32.6379
405,-82.3194,33.1713
405,-81.6742,33.6753
405,-81.0096,34.1932
405,-80.2571,34.7126
405,-79.3995,35.2157
405,-78.4400,35.7500
405,-77.4094,36.3231
405,-76.3229,36.9874
405,-75.2432,37.7821
405,-74.1058,38.6248
406,-82.8643,27.6147
406,-82.6428,28.5926
406,-82.2813,29.8075
406,-81.9963,30.9111
406,-81.6983,32.0003
407,-80.0788,23.6640
407,-79.3872,23.9038
407,-78.5228,24.2428
407,-77.6039,24.6834
407,-76.8042,25.1926
407,-76.0207,25.7630
407,-75.1782,26.3227
407,-74.3374,26.9426
407,-73.5353,27.6555
407,-72.7541,28.4223
407,-71.9375,29.0871
407,-71.1247,29.7402
407,-70.3119,30.3825
407,-69.4942,31.0144
407,-68.6774,31.6359
407,-67.8508,32.2484
407,-67.0095,32.8526
407,-66.1661,33.4470
407,-65.2951,34.0345
407,-64.4197,34.6123
407,-63.5120,35.1840
407,-62.5663,35.7496
407,-61.6117,36.3054
407,-60.6091,36.8571
407,-59.5945,37.3991
407,-58.5238,37.9359
407,-57.4393,38.4620
407,-56.2917,38.9845
407,-55.1267,39.4959
407,-53.8881,40.0012
407,-52.6351,40.4856
407,-51.3030,40.9618
407,-49.9496,41.4217
407,-48.5223,41.8671
407,-47.0737,42.2964
407,-45.5513,42.7115
407,-44.0054,43.1088
408,-79.9858,20.2320
408,-80.5323,20.8696
408,-80.9955,21.4813
408,-81.0503,21.6559
408,-81.3666,22.0020
408,-81.8599,22.4053
408,-82.2755,22.8138
408,-82.6696,23.2546
408,-83.0820,23.7641
408,-83.4792,24.3039
408,-83.8419,24.8284
408,-84.1889,25.3532
408,-84.5441,25.8627
408,-84.8985,26.4025
408,-85.2759,26.9972
408,-85.6082,27.6518
408,-85.8287,28.3537
408,-86.0178,29.1011
408,-86.2421,29.7944
408,-86.5275,30.6504
408,-86.8826,31.6518
408,-87.2371,32.3997
408,-87.6282,33.0418
408,-87.9467,33.6491
409,-76.7738,30.7692
409,-77.0153,31.3657
409,-77.2555,31.9775
409,-77.5685,32.6169
409,-77.8372,33.2859
409,-77.9806,33.8376
409,-78.0189,34.6943
409,-78.0098,34.8985
409,-78.2321,35.6278
409,-78.6915,36.2069
409,-78.8625,36.9693
409,-78.9731,37.7153
409,-79.1494,38.3919
409,-79.3548,39.0237
409,-79.5885,39.6354
409,-79.8365,40.2321
409,-80.1069,40.8664
409,-80.3182,41.4405
409,-80.4046,41.8746
410,-86.5424,29.1297
410,-86.0572,29.5416
410,-85.5723,29.9838
410,-85.1305,30.3725
410,-84.6022,30.8379
410,-83.8554,31.4853
410,-83.0321,32.1919
410,-82.3110,32.8478
410,-81.5620,33.4460
410,-80.6676,33.9084
410,-79.7919,34.4000
411,-90.8719,29.1192
411,-91.1955,29.4891
411,-91.4191,29.8590
411,-91.6429,30.1824
411,-91.8664,30.4989
411,-92.0975,30.8614
411,-92.3136,31.2388
411,-92.5098,31.6012
411,-92.6609,31.9787
411,-92.7571,32.3911
411,-92.8081,32.8185
412,-88.1314,24.7013
412,-88.3951,24.7774
412,-88.6929,24.8945
412,-89.0163,24.9911
412,-89.3544,25.0878
412,-89.6854,25.1768
412,-90.0159,25.2810
412,-90.3468,25.4125
412,-90.6774,25.5742
412,-91.0084,25.7557
412,-91.3389,25.9675
412,-91.6773,26.1990
412,-92.0004,26.4607
412,-92.2963,26.7497
412,-92.5619,27.0539
412,-92.8284,27.3164
412,-93.0234,27.6472
412,-93.1739,28.0878
412,-93.3849,28.5404
412,-93.3721,28.9876
412,-93.2464,29.4336
412,-93.1568,29.8877
412,-93.0079,30.3269
412,-92.8128,30.7306
412,-92.4693,31.1201
412,-91.9027,31.5095
413,-83.2308,26.5330
413,-82.9026,27.2907
413,-82.4343,28.2854
413,-82.0426,29.1687
413,-81.6378,30.0377
413,-81.0862,31.0128
413,-80.5413,31.9900
413,-79.9159,32.9663
413,-78.9448,33.9423
413,-77.8863,34.9839
413,-76.7483,36.0947
414,-80.0247,29.0321
414,-80.6211,29.2270
414,-81.1605,29.4631
414,-81.6142,29.7485
414,-82.0060,30.0641
414,-82.3073,30.4700
414,-82.5117,31.0155
414,-82.7004,31.5915
414,-82.9823,32.0523
414,-83.2935,32.5130
415,-79.7545,32.6733
415,-79.8567,32.9881
415,-79.8116,33.3712
415,-79.7156,33.7247
415,-79.5688,34.0692
415,-79.4123,34.4181
415,-79.2260,34.7671
415,-79.0489,35.1082
415,-78.7832,35.4650
415,-78.3716,35.8563
415,-77.8404,36.2629
416,-91.0733,28.1196
416,-90.8717,28.0080
416,-90.6556,28.0520
416,-90.4468,28.2497
416,-90.2378,28.4843
416,-90.4778,28.7913
416,-91.0201,29.0167
416,-91.3644,28.9079
416,-91.6024,28.6491
416,-91.6809,28.4153
416,-91.6847,28.1815
416,-91.7409,27.9976
416,-91.7670,27.8139
416,-91.7381,27.5800
416,-91.6492,27.3462
416,-91.5430,27.1547
416,-91.3315,26.9786
416,-90.9744,26.7498
416,-90.5138,26.6110
416,-90.0345,26.6369
416,-89.4961,26.8434
416,-88.8504,27.1777
416,-88.2784,27.6758
416,-87.9366,28.2890
416,-87.7606,29.0082
416,-87.6563,29.7592
416,-87.6429,30.5405
416,-87.6249,31.3141
416,-87.7252,32.0729
417,-91.0208,28.8624
417,-91.2936,29.2071
417,-91.4664,29.5518
417,-91.6394,29.8499
417,-91.8121,30.1412
417,-91.9925,30.4784
417,-92.1578,30.8305
417,-92.3032,31.1677
418,-86.7403,26.6827
418,-86.9343,27.2909
418,-87.1430,27.8841
418,-87.3794,28.4073
418,-87.6456,28.8856
418,-87.9468,29.3588
418,-88.2482,29.7870
418,-88.4772,30.1825
418,-88.7508,30.4884
418,-89.1344,30.6989
418,-89.6534,30.7899
418,-90.3403,30.7635
418,-91.0560,30.6913
418,-91.6302,30.6391
418,-92.1587,30.6927
418,-92.7016,30.9364
419,-90.6169,27.8921
419,-90.6267,28.3440
419,-90.9311,28.6594
419,-91.3657,29.0270
419,-91.8453,29.4266
419,-92.2175,29.8899
419,-92.5595,30.2938
419,-92.9021,30.5371
419,-93.2737,30.6610
419,-93.7012,30.7169
419,-94.1879,30.7282
419,-94.7293,30.7550
419,-95.3021,30.7955
419,-95.8092,30.8291
419,-96.3008,30.8606
419,-96.7774,30.8901
420,-85.7028,23.3881
420,-86.1255,24.2357
420,-86.6236,25.2024
420,-87.0359,26.3446
420,-87.3443,27.5168
420,-87.4998,28.5851
420,-87.5651,29.5311
420,-87.6254,30.3383
420,-87.5858,30.9454
420,-87.5522,31.6213
420,-87.4066,32.2598
420,-87.0669,32.7669
420,-86.7273,33.1741
421,-86.4432,30.2443
421,-86.8589,30.5924
421,-87.3007,30.9880
421,-87.7937,31.3652
421,-88.2582,31.7317
421,-88.5675,32.1457
421,-88.8157,32.5754
421,-89.1021,32.9972
421,-89.3732,33.4191
421,-89.6466,33.8560
421,-89.8307,34.2628
421,-89.8549,34.6070
422,-82.4981,25.5938
422,-81.9509,25.7110
422,-81.2308,25.9273
422,-80.4563,26.2453
422,-79.8010,26.6318
422,-79.1618,27.0796
422,-78.4637,27.5166
422,-77.7673,28.0139
422,-77.1096,28.6041
422,-76.4728,29.2483
422,-75.8006,29.7904
422,-75.1256,30.3236
422,-74.4432,30.8484
422,-73.7563,31.3645
422,-73.0560,31.8734
422,-72.3501,32.3740
422,-71.6219,32.8689
422,-70.8861,33.3563
422,-70.1228,33.8404
422,-69.3507,34.3178
422,-68.5385,34.7923
422,-67.7148,35.2601
422,-66.8457,35.7262
422,-65.9638,36.1859
422,-65.0284,36.6452
422,-64.0779,37.0975
422,-63.1137,37.5424
422,-62.0852,37.9872
422,-61.0405,38.4245
422,-59.9258,38.8616
422,-58.7912,39.2901
422,-57.5797,39.7193
422,-56.3456,40.1404
422,-55.0251,40.5602
422,-53.6842,40.9600
422,-52.3194,41.3466
422,-50.8645,41.7285
422,-49.3942,42.0875
423,-82.3396,24.7947
423,-82.0903,25.2139
423,-82.0360,25.5284
423,-82.2666,25.6055
423,-82.6324,25.5622
423,-83.0282,25.5292
423,-83.2289,25.4959
423,-82.9372,25.5055
423,-82.5253,25.5297
423,-82.3860,25.5464
423,-82.3218,25.5634
423,-82.2200,25.5803
423,-82.1182,25.5971
423,-82.0314,25.6140
423,-81.9147,25.6309
423,-81.7279,25.6478
423,-81.5111,25.6646
423,-81.3093,25.6890
423,-81.1075,25.6984
423,-80.9132,25.6727
423,-80.7040,25.6321
423,-80.4622,25.5965
423,-80.2004,25.5658
423,-79.9736,25.5327
423,-79.7474,25.5010
424,-80.0354,20.6365
424,-79.8228,20.7400
424,-79.5654,20.8586
424,-79.2900,20.9969
424,-78.8954,21.1807
424,-78.3128,21.4194
424,-77.6254,21.7029
424,-76.9625,22.0061
424,-76.2553,22.3250
424,-75.5370,22.6350
424,-74.6853,22.9471
424,-73.6391,23.2425
424,-72.4153,23.5692
424,-71.0973,23.9717
424,-69.6453,24.3914
424,-68.0817,24.7595
424,-66.4752,25.1135
424,-64.9226,25.4744
424,-63.4052,25.8356
424,-61.8452,26.1967
424,-60.3043,26.5483
424,-58.7831,26.8903
424,-57.2827,27.2230
424,-55.7955,27.5478
424,-54.3297,27.8638
424,-52.8847,28.1707
424,-51.4504,28.4696
424,-50.0367,28.7595
424,-48.6478,29.0415
424,-47.2806,29.3152
424,-45.9181,29.5831
424,-44.5819,29.8405
424,-43.2684,30.0880
424,-41.9778,30.3247
424,-40.6948,30.5527
424,-39.4357,30.7701
424,-38.2008,30.9770
424,-36.9917,31.1734
424,-35.7906,31.3631
424,-34.6124,31.5398
424,-33.4561,31.7031
424,-32.3222,31.8536
424,-31.2085,31.9915
424,-30.1134,32.1173
424,-29.0402,32.2234
424,-27.9579,32.3123
424,-26.8933,32.3831
424,-25.8447,32.4356
424,-24.8100,32.4697
424,-23.7874,32.4868
424,-22.7753,32.4873
424,-21.7721,32.4708
424,-20.7762,32.4408
424,-19.7849,32.4005
424,-18.7963,32.3507
424,-17.8086,32.2913
424,-16.8203,32.2212
424,-15.8331,32.1413
424,-14.8439,32.0511
424,-13.8552,31.9730
424,-12.8593,31.8916
424,-11.8555,31.8073
424,-10.8425,31.7212
424,-9.8194,31.6353
424,-8.7846,31.5499
424,-7.7374,31.4564
424,-6.6731,31.3549
424,-5.5989,31.2561
424,-4.5181,31.1792
424,-3.4222,31.1156
425,-74.8533,26.7768
425,-75.5268,26.7995
425,-76.3003,26.8222
425,-77.0616,26.8322
425,-77.8474,26.8677
425,-78.7009,26.9903
425,-78.5944,27.0131
425,-79.3679,27.1358
425,-80.1869,27.2452
425,-81.0149,27.3813
425,-81.8533,27.5887
425,-82.6620,27.8267
425,-83.4161,28.0339
425,-84.1090,28.2722
425,-84.7551,28.5794
425,-85.3560,28.9176
425,-85.9748,29.2329
425,-86.5031,29.5631
425,-86.8720,29.9278
425,-87.1501,30.3085
425,-87.4653,30.6529
425,-87.6971,31.0540
425,-87.8079,31.5523
425,-87.8442,31.9994
426,-88.2612,25.6321
426,-88.6566,26.1517
426,-88.9768,26.7316
426,-89.2816,27.3016
426,-89.4923,27.9312
426,-89.5662,28.6382
426,-89.6078,29.4308
426,-89.6675,30.2979
426,-89.7233,31.2304
426,-89.5812,32.0963
426,-89.3389,32.9299
426,-89.1535,33.7796
426,-88.9544,34.6295
426,-88.7486,35.4865
427,-86.3290,30.0555
427,-86.3640,30.1762
427,-86.3391,30.4181
427,-86.2358,30.7590
427,-86.0894,31.1018
427,-85.9293,31.4011
427,-85.7396,31.6855
427,-85.5445,31.9771
427,-85.2899,32.2692
427,-84.9744,32.5531
427,-84.5401,32.8529
427,-83.9604,33.1948
427,-83.2904,33.5366
427,-82.6227,33.8432
427,-81.9406,34.1204
428,-81.9509,21.4874
428,-82.7016,21.5758
428,-83.4366,21.6939
428,-84.0703,21.9162
428,-84.6223,22.2004
428,-85.1151,22.5037
428,-85.9080,22.7069
428,-86.7746,22.9172
428,-87.5937,23.1135
428,-88.2393,23.2737
428,-88.7794,23.4200
428,-89.2798,23.5804
428,-89.7651,23.7265
428,-90.3082,23.8222
428,-90.8508,23.9330
428,-91.3511,24.1211
428,-91.8365,24.3396
428,-92.3223,24.5126
428,-92.8222,24.7461
428,-93.3569,25.1642
428,-93.9078,25.5526
428,-94.4424,25.6754
428,-94.9935,25.7591
428,-95.5846,25.9728
428,-96.1792,26.2657
428,-96.7274,26.5048
428,-97.2649,26.6722
428,-97.8359,26.7751
428,-98.4506,26.8787
428,-99.1361,27.0519
428,-99.8363,27.2852
428,-100.5470,27.4987
428,-101.1220,27.8917
428,-101.5426,28.6119
428,-101.6077,29.4983
428,-101.1863,30.3069
428,-100.4934,31.2048
428,-99.8735,32.3076
428,-99.1791,33.4113
429,-84.4879,28.7793
429,-83.9945,29.5984
429,-83.5624,30.3999
429,-83.1769,30.8797
429,-82.6124,31.5202
429,-81.9592,32.1610
429,-81.2787,32.7862
429,-80.5415,33.4423
430,-88.1468,25.1502
430,-88.6088,25.2995
430,-89.1049,25.4898
430,-89.6266,25.6596
430,-90.1630,25.8294
430,-90.6923,25.9916
430,-91.2212,26.1690
430,-91.7504,26.3737
430,-92.2793,26.6086
430,-92.8086,26.8633
430,-93.3374,27.1482
430,-93.8741,27.4530
430,-94.3955,27.7878
430,-94.8898,28.1500
430,-95.3536,28.5274
430,-95.8185,28.8631
430,-96.2117,29.2670
430,-96.5606,29.7809
430,-96.9699,30.3066
430,-97.1554,30.8270
430,-97.2280,31.3462
430,-97.3367,31.8735
430,-97.3861,32.3858
430,-97.3894,32.8627
430,-97.2442,33.3254
430,-96.8759,33.7880
430,-96.4023,34.2650
430,-95.9953,34.7693
430,-95.5605,35.3046
430,-95.1088,35.7682
430,-94.5186,36.4442
430,-93.6852,37.5394
430,-92.6767,38.8838
431,-87.0577,23.6006
431,-87.5896,23.4705
431,-88.1960,23.3248
431,-88.6725,23.2217
431,-89.1342,23.1490
431,-89.6684,23.0888
431,-90.1725,23.0733
431,-90.5049,23.0673
431,-90.9108,23.1975
431,-91.6265,23.5726
431,-92.4490,24.0218
431,-93.1755,24.4010
431,-93.8873,24.6460
431,-94.6221,24.6680
431,-95.3255,24.5702
431,-96.0199,24.4750
431,-96.5638,24.3945
431,-96.8579,24.3838
431,-97.0021,24.4187
431,-97.1661,24.4733
431,-97.2403,24.5430
431,-97.1895,24.6051
431,-97.0786,24.6672
431,-97.0202,24.7367
431,-96.9169,24.7914
431,-96.6936,24.8262
431,-96.4551,24.8157
431,-96.2942,24.7577
431,-96.1934,24.6399
431,-96.1174,24.4820
431,-96.1317,24.2641
431,-96.2710,23.9687
431,-96.4699,23.6884
431,-96.6490,23.5155
431,-96.8082,23.4126
431,-96.9773,23.1997
431,-97.1293,22.9940
431,-97.2694,22.7950
431,-97.3950,22.6029
431,-97.5062,22.4178
431,-97.6031,22.2395
431,-97.6857,22.0682
431,-97.7726,21.9014
431,-97.8480,21.7411
431,-97.9119,21.5874
431,-97.9643,21.4401
431,-98.0053,21.2993
432,-71.4877,25.3646
432,-72.0423,25.9026
432,-72.6121,26.4256
432,-73.1325,26.8633
432,-73.6365,27.2866
432,-74.1492,27.7444
432,-74.6608,28.2476
432,-75.2102,28.8132
432,-75.6852,29.4086
432,-75.9712,29.9661
432,-76.2095,30.5696
432,-76.6227,31.2479
432,-76.9339,32.0306
432,-76.9321,32.9013
432,-76.7582,33.8915
432,-76.6679,34.7966
432,-76.2826,36.2525
432,-75.8175,37.8025
432,-75.3070,39.2135
432,-74.4134,40.8470
432,-73.6313,42.7745
432,-72.3642,44.7074
432,-70.8557,46.4355
432,-69.7935,47.9252
433,-71.8288,22.2260
433,-72.3104,22.4225
433,-72.6679,22.6812
433,-72.9973,22.9297
433,-73.3069,23.2364
433,-73.6061,23.5255
433,-73.8459,23.5917
433,-74.0194,23.6739
433,-74.3850,24.0469
433,-74.6308,24.3505
433,-74.8240,24.6021
433,-75.1461,24.8097
433,-75.4630,24.9574
433,-75.6128,25.0848
433,-75.7021,25.2126
433,-75.8170,25.3922
433,-75.9411,25.5678
433,-76.0547,25.6771
433,-76.3802,25.9231
433,-76.6544,25.9575
433,-76.8192,25.8783
433,-76.8442,25.9353
433,-76.9582,26.0335
433,-77.4899,26.1681
433,-77.5973,26.1888
433,-77.6732,26.2288
433,-77.9363,26.3440
433,-78.3479,26.5146
433,-78.7753,26.6993
433,-78.9955,26.8188
433,-79.2144,26.9545
433,-79.6485,27.1601
433,-80.0534,27.4097
433,-80.2259,27.6570
433,-80.2924,27.9650
433,-80.3474,28.3699
433,-80.4315,28.8202
433,-80.6430,29.2780
433,-80.8705,29.6754
433,-81.0204,29.9330
433,-81.1095,30.1307
433,-81.1666,30.3582
433,-81.1486,30.5859
433,-81.0629,30.7834
433,-80.8876,31.0411
433,-80.6299,31.4388
433,-80.3267,31.8964
433,-80.0965,32.2561
433,-79.7657,32.7516
433,-79.1890,33.5696
433,-78.5047,34.5068
433,-77.8522,35.4019
433,-77.2438,36.1621
433,-76.7739,36.5813
433,-76.2828,37.0173
433,-75.6610,37.7887
433,-74.8218,38.7725
433,-73.6493,39.9241
433,-72.3609,41.0278
433,-71.2825,41.8504
434,-90.8290,25.6460
434,-91.3464,26.3197
434,-91.8963,26.9748
434,-92.2686,27.4124
434,-92.5637,28.0036
434,-92.7898,28.7313
434,-92.8311,29.2323
434,-92.7383,29.8655
434,-92.4984,30.5611
434,-92.2122,31.2576
434,-91.7658,32.0899
434,-91.1156,33.1406
434,-90.3332,34.3186
434,-89.7918,35.2580
435,-85.8872,29.9443
435,-85.4296,30.7944
435,-85.0334,31.6270
435,-84.6837,32.1378
435,-84.1550,32.8094
435,-83.5377,33.4812
435,-82.8931,34.1374
436,-88.8596,26.7158
436,-89.1507,27.2261
436,-89.3665,27.7967
436,-89.5669,28.3573
436,-89.6733,28.9776
436,-89.6429,29.6753
436,-89.5802,30.4585
436,-89.5356,31.3163
436,-89.4871,32.2394
436,-89.2406,33.0959
436,-88.8940,33.9202
436,-88.6043,34.7606
437,-76.8915,33.7705
437,-76.6669,33.9490
437,-76.4573,34.1126
437,-76.2602,34.2561
437,-76.1232,34.3546
437,-76.1060,34.3980
437,-76.0890,34.3967
437,-75.9292,34.3604
437,-75.7548,34.3388
437,-75.6800,34.3498
437,-75.6207,34.4809
437,-75.5406,34.7843
437,-75.3865,35.2230
437,-75.1072,35.7291
437,-74.7523,36.2651
437,-74.4208,36.7057
437,-74.0182,37.2072
437,-73.5108,37.8978
437,-72.8840,38.6493
437,-72.1958,39.3040
437,-71.3498,39.9914
437,-70.2851,40.7902
437,-69.1157,41.6334
437,-67.9884,42.4535
438,-77.2612,29.8840
438,-77.4066,30.6291
438,-77.5507,31.3895
438,-77.7676,32.1773
438,-77.9403,32.9949
438,-77.9876,33.6951
438,-77.9299,34.7003
438,-77.8247,35.0530
438,-77.9510,35.9309
438,-78.3142,36.6585
438,-78.3893,37.5693
438,-78.4038,38.4639
438,-78.4839,39.2891
439,-87.3250,27.6513
439,-87.2585,28.1691
439,-87.2068,28.6720
439,-87.1828,29.1049
439,-87.1885,29.4928
439,-87.2294,29.8757
439,-87.2703,30.2136
439,-87.2389,30.5187
439,-87.2521,30.7343
439,-87.3753,30.8544
439,-87.6339,30.8551
439,-88.0603,30.7384
440,-90.8175,26.4667
440,-91.3356,27.2621
440,-91.8862,28.0389
440,-92.2591,28.5982
440,-92.5548,29.3111
440,-92.7816,30.1605
440,-92.8235,30.7833
440,-92.7313,31.5382
440,-92.4922,32.3554
440,-92.2066,33.1736
440,-91.7608,34.1276
440,-91.1113,35.3000
440,-90.3295,36.5998
440,-89.7888,37.6609
440,-89.2233,38.7002
440,-88.6293,39.7173
440,-88.0029,40.7123
440,-87.3414,41.6855
441,-70.3038,19.8624
441,-71.1167,20.5255
441,-71.8986,21.1890
441,-72.6189,21.8668
441,-73.2934,22.5156
441,-73.9565,23.0935
441,-74.5881,23.6421
441,-75.2530,24.1982
441,-75.7829,24.7687
441,-76.0338,25.3665
441,-76.1777,25.9953
441,-76.4323,26.6737
441,-76.6724,27.3219
441,-76.8131,27.8500
441,-76.9672,28.3485
441,-77.2568,28.9120
441,-77.5620,29.4751
441,-77.7896,30.0033
441,-77.9567,30.5017
441,-78.0694,30.9874
441,-78.1515,31.4283
441,-78.2862,31.7691
441,-78.3463,32.1548
441,-78.2388,32.7006
441,-78.0411,33.3814
441,-77.9134,34.0872
441,-77.6358,35.0080
441,-77.1976,36.0549
441,-77.0306,36.6346
441,-76.7264,37.5456
441,-76.3254,38.5612
441,-75.8950,39.4588
441,-75.3201,40.3878
441,-74.5921,41.4272
441,-73.6149,42.5144
441,-72.3575,43.5702
441,-70.9097,44.6410
441,-69.4340,45.7530
442,-85.4244,28.4608
442,-84.8483,29.3874
442,-84.3334,30.2964
442,-83.8650,30.8836
442,-83.2177,31.6316
443,-79.1241,32.4108
443,-78.8838,32.4584
443,-78.6588,32.4310
443,-78.4612,32.4061
443,-78.2935,32.3513
443,-78.1233,32.2688
443,-78.0283,32.1715
443,-78.0508,32.0666
443,-78.1630,31.9917
443,-78.3048,32.0033
443,-78.4977,32.0119
443,-78.6693,31.9912
443,-78.7325,32.0322
443,-78.7776,32.1274
443,-78.7672,32.2524
443,-78.7369,32.3549
443,-78.6019,32.4726
443,-78.3369,32.6326
443,-77.9367,32.7928
443,-77.4489,32.9104
443,-76.8714,33.0130
443,-76.2903,33.1000
443,-75.6062,33.2333
443,-74.7678,33.4409
443,-73.8409,33.7535
443,-72.9661,34.1594
443,-71.9756,34.6737
443,-70.8763,35.1664
443,-69.4104,35.8939
443,-67.3106,37.0182
443,-64.9451,38.3142
443,-62.7887,39.5198
443,-60.6798,40.7344
443,-58.5708,41.9520
443,-56.4146,43.1546
443,-54.2819,44.3647
444,-89.9712,22.2854
444,-90.2899,21.8934
444,-90.3086,21.5015
444,-90.3410,21.1958
444,-90.3461,20.9175
444,-90.2948,20.5305
444,-90.1835,20.2335
444,-90.0098,20.1891
444,-89.8210,20.2496
444,-89.6598,20.2351
444,-89.5585,20.2656
444,-89.5547,20.3861
444,-89.5959,20.5817
445,-79.0433,32.7149
445,-78.8934,32.8407
445,-78.3728,34.0042
445,-77.6741,35.3452
445,-76.8316,36.8313
445,-75.9112,38.4645
445,-74.8903,40.1584
445,-73.7414,41.8102
445,-72.6491,43.3855
446,-77.3424,33.6546
446,-76.4239,34.3618
446,-75.4240,35.0729
446,-74.3429,35.8072
446,-73.1055,36.5911
446,-71.6036,37.4144
446,-70.0871,38.3094
446,-68.7583,39.3178
446,-67.6687,40.3276
446,-66.8859,41.2073
446,-66.2502,42.0459
446,-65.5057,42.9496
447,-91.5303,28.8162
447,-91.8190,29.1092
447,-92.0077,29.4022
447,-92.1965,29.6485
447,-92.3850,29.8881
447,-92.5811,30.1736
447,-92.7623,30.4741
447,-92.9235,30.7595
447,-93.0396,31.0600
447,-93.1009,31.3955
447,-93.1169,31.7460
447,-93.1132,32.0739
447,-93.0942,32.4319
447,-93.0829,32.8674
447,-93.0716,33.3179
447,-93.0676,33.7183
447,-93.0489,34.1038
447,-93.0025,34.4968
447,-92.9262,34.8898
447,-92.8371,35.2752
447,-92.7035,35.6757
447,-92.5103,36.1088
447,-92.2808,36.5617
447,-92.1195,36.9796
447,-91.9507,37.3845
447,-91.7692,37.7749
447,-91.5774,38.1517
447,-91.3641,38.5127
448,-88.1591,29.4725
448,-88.1207,29.4732
448,-88.0225,29.5951
448,-87.8459,29.8160
448,-87.6261,30.0388
448,-87.3927,30.2180
448,-87.1297,30.3824
448,-86.8611,30.5541
448,-86.5332,30.7261
448,-86.1444,30.8900
448,-85.6368,31.0698
448,-84.9837,31.2917
448,-84.2404,31.5135
448,-83.4993,31.7000
448,-82.7439,31.8572
448,-81.9938,31.9873
448,-81.2475,32.1008
448,-80.4993,32.2477
448,-79.7551,32.3929
448,-79.0148,32.5369
448,-78.2783,32.6802
448,-77.5458,32.8224
448,-76.8172,32.9649
448,-76.0930,33.1084
448,-75.3735,33.2529
448,-74.6422,33.3979
448,-73.9138,33.5444
448,-73.1889,33.6930
448,-72.4662,33.8418
448,-71.7472,33.9917
448,-71.0319,34.1414
448,-70.2879,34.2919
448,-69.5438,34.4427
448,-68.8026,34.5934
448,-68.0650,34.7424
448,-67.3318,34.8877
448,-66.5988,35.0328
448,-65.8705,35.1740
448,-65.0942,35.3165
448,-64.3210,35.4557
448,-63.5461,35.5946
448,-62.7752,35.7288
448,-62.0081,35.8586
448,-61.2456,35.9840
448,-60.4819,36.1086
448,-59.7256,36.2291
448,-58.8939,36.3537
448,-58.0672,36.4716
448,-57.2462,36.5805
448,-56.4223,36.6883
448,-55.6051,36.7864
448,-54.7940,36.8754
449,-91.3672,28.0715
449,-91.0195,27.9299
449,-90.6574,27.9438
449,-90.3025,28.1114
449,-89.9475,28.3160
449,-90.0413,28.5929
449,-90.4376,28.7882
449,-90.6358,28.6493
449,-90.7278,28.3605
449,-90.6602,28.0966
449,-90.5179,27.8327
449,-90.4281,27.6188
449,-90.3081,27.4050
449,-90.1331,27.1410
449,-89.8982,26.8772
449,-89.6459,26.6555
449,-89.2883,26.4494
449,-88.7852,26.1905
449,-88.1785,26.0217
449,-87.5531,26.0175
449,-86.8686,26.1939
449,-86.0768,26.4981
449,-85.3587,26.9661
449,-84.8709,27.5493
449,-84.5489,28.2384
449,-84.2984,28.9594
449,-84.1390,29.7106
449,-83.9749,30.4541
449,-83.9292,31.1829
450,-80.0186,31.9154
450,-80.1438,32.5758
450,-80.0447,33.4419
450,-79.7943,34.3966
450,-79.5490,35.2719
450,-79.2447,36.1174
450,-78.8864,36.9355
451,-90.3470,28.6605
451,-89.9698,29.3949
451,-89.6014,30.0807
451,-89.1802,30.9013
451,-88.7558,31.8009
451,-88.4407,32.7492
451,-88.2102,33.7211
451,-88.0990,34.6121
451,-87.7646,35.6413
451,-86.7560,37.0698
451,-85.6191,38.4615
451,-85.0077,39.4387
452,-87.2684,22.7211
452,-87.6237,22.7726
452,-88.0535,22.8086
452,-88.3535,22.8871
452,-88.6386,22.9961
452,-88.9961,23.1175
452,-89.3236,23.2837
452,-89.4794,23.4593
452,-89.7087,23.7712
452,-90.2478,24.3279
452,-90.8937,24.9587
452,-91.4436,25.5196
452,-91.9788,25.9463
452,-92.5370,26.1499
452,-93.0639,26.2338
452,-93.5816,26.3202
452,-93.9489,26.4213
452,-94.0664,26.5923
452,-94.0340,26.8089
452,-94.0215,27.0451
452,-93.9191,27.2964
452,-93.6916,27.5402
452,-93.4041,27.7839
452,-93.1691,28.0351
452,-92.8892,28.2715
452,-92.4893,28.4879
452,-92.0742,28.6590
452,-91.7367,28.7827
452,-91.4593,28.8465
452,-91.2067,28.8703
452,-91.0444,28.8341
452,-91.0071,28.7203
452,-91.0294,28.6216
452,-91.0318,28.6304
452,-91.0145,28.7091
452,-91.0070,28.6779
452,-90.9717,28.6506
452,-90.9085,28.6273
452,-90.8175,28.6078
452,-90.6988,28.5923
452,-90.5523,28.5807
452,-90.3782,28.5731
452,-90.1765,28.5693
452,-89.9473,28.5694
452,-89.6929,28.5721
452,-89.4115,28.5786
452,-89.1031,28.5887
452,-88.7710,28.6012
452,-88.4123,28.6172
452,-88.0273,28.6367
452,-87.6201,28.6581
452,-87.1870,28.6830
452,-86.7283,28.7111
452,-86.2488,28.7410
452,-85.7443,28.7741
452,-85.2213,28.8085
452,-84.6739,28.8460
452,-84.1104,28.8839
452,-83.5321,28.9221
452,-82.9306,28.9631
452,-82.3158,29.0059
452,-81.6786,29.0514
452,-81.0298,29.0982
452,-80.3685,29.1446
452,-79.6038,29.2035
452,-78.8237,29.2619
452,-78.0303,29.3211
452,-77.2234,29.3803
452,-76.3947,29.4420
452,-75.5538,29.5004
452,-74.7047,29.5541
452,-73.8490,29.6036
452,-72.9883,29.6489
452,-72.1242,29.6900
452,-71.2582,29.7259
452,-70.3746,29.7632
452,-69.4895,29.7945
452,-68.6037,29.8188
452,-67.7202,29.8342
452,-66.8410,29.8389
452,-65.9669,29.8330
453,-86.9435,29.5847
453,-86.8867,29.6408
453,-86.8508,29.6247
453,-86.7043,29.5447
453,-86.5580,29.4646
453,-86.4967,29.4620
453,-86.4653,29.5046
453,-86.4115,29.5670
453,-86.3726,29.6445
453,-86.3612,29.7145
453,-86.3799,29.7845
453,-86.4260,29.8469
453,-86.4872,29.9244
453,-86.5483,30.0294
453,-86.5944,30.1644
453,-86.6354,30.3268
453,-86.6017,30.5043
453,-86.4130,30.6444
453,-86.2090,30.8443
453,-86.1549,31.2217
453,-86.1163,31.5842
453,-85.9774,31.7492
453,-85.8236,31.8242
453,-85.7271,31.8941
453,-85.6308,31.9641
454,-85.2553,21.5007
454,-85.6230,22.0272
454,-86.0662,22.6729
454,-86.4236,23.4939
454,-86.6770,24.3450
454,-86.7776,25.0922
454,-86.7879,25.7171
454,-86.7933,26.2032
454,-86.6988,26.4893
454,-86.6102,26.8440
454,-86.4096,27.1614
454,-86.0151,27.3475
454,-85.6205,27.4335
454,-85.1534,27.5002
454,-84.6314,27.5057
454,-84.0863,27.3992
454,-83.5423,27.2778
454,-83.0357,27.2365
454,-82.5531,27.2499
454,-82.0335,27.1860
454,-81.5025,27.1254
454,-80.9600,27.0681
455,-87.1351,27.2900
455,-87.1994,27.6733
455,-87.1733,28.0568
455,-87.1298,28.4752
455,-87.0116,28.9236
455,-86.8479,29.3852
455,-86.5498,29.8905
455,-86.0920,30.4776
455,-85.4880,30.9573
455,-84.7325,31.5966
455,-83.8262,32.3241
455,-82.8456,32.8643
455,-81.7644,33.3909
455,-80.6574,34.0223
456,-84.6966,26.3559
456,-84.3852,26.8663
456,-84.0738,27.3767
456,-83.7971,27.8445
456,-83.5509,28.2975
456,-83.3325,28.7681
456,-83.1281,29.2183
456,-82.9167,29.6287
456,-82.7053,30.1391
456,-82.3813,30.7222
456,-81.9825,31.3599
456,-81.6151,32.0198
456,-81.1597,32.6807
456,-80.5277,33.2764
456,-79.8369,33.9015
456,-79.1874,34.6019
456,-78.6141,35.4223
457,-86.4844,19.0948
457,-86.4716,19.5032
457,-86.4289,19.8816
457,-86.3586,20.2400
457,-86.2733,20.5684
457,-86.2030,20.8768
457,-86.1178,21.1552
457,-86.0124,21.4061
457,-85.8622,21.6420
457,-85.6719,21.8853
457,-85.4067,22.1288
457,-85.1005,22.3925
457,-84.6512,22.6156
457,-84.0234,22.7590
457,-83.5956,22.9024
457,-82.8622,23.0135
457,-82.0401,23.0892
457,-81.4247,23.1397
457,-80.8845,23.1760
457,-80.3342,23.2119
457,-79.8290,23.2629
457,-79.3838,23.3464
457,-78.9735,23.4497
457,-78.4957,23.5181
457,-78.0243,23.5859
457,-77.5594,23.6529
457,-77.1010,23.7192
457,-76.6496,23.7843
457,-76.2047,23.8487
457,-75.7663,23.9122
457,-75.3354,23.9744
457,-74.9111,24.0356
457,-74.4947,24.0958
457,-74.0849,24.1551
457,-73.6644,24.2149
457,-73.2490,24.2739
457,-72.8387,24.3322
457,-72.4347,24.3912
457,-72.0357,24.4496
457,-71.6433,24.5094
457,-71.2560,24.5687
457,-70.8738,24.6275
457,-70.4987,24.6878
457,-70.1287,24.7477
457,-69.7638,24.8072
457,-69.4072,24.8672
457,-69.0557,24.9269
457,-68.7135,24.9862
457,-68.3764,25.0452
457,-68.0444,25.1039
457,-67.7233,25.1631
457,-67.3645,25.2275
457,-67.0094,25.2917
457,-66.6648,25.3571
457,-66.3240,25.4225
457,-65.9869,25.4877
457,-65.6606,25.5529
457,-65.3381,25.6179
457,-65.0193,25.6829
457,-64.7118,25.7487
457,-64.4081,25.8143
457,-64.1081,25.8800
457,-63.8215,25.9424
457,-63.5386,26.0047
457,-63.2595,26.0668
457,-62.9839,26.1289
457,-62.6585,26.1967
457,-62.3356,26.2645
457,-62.0151,26.3323
457,-61.7110,26.3925
457,-61.4093,26.4525
457,-61.1101,26.5124
457,-60.8270,26.5614
457,-60.5464,26.6101
457,-60.2683,26.6586
457,-59.9924,26.7069
457,-59.7305,26.7415
457,-59.4708,26.7757
457,-59.2134,26.8095
457,-58.9582,26.8430
457,-58.7178,26.8638
457,-58.4795,26.8841
457,-58.2433,26.9040
457,-58.0090,26.9235
458,-84.5234,21.4429
458,-84.5279,21.8129
458,-84.5024,22.1529
458,-84.4494,22.4730
458,-84.3814,22.7630
458,-84.3284,23.0330
458,-84.2604,23.2731
458,-84.1724,23.4856
458,-84.0394,23.6832
458,-83.8664,23.8881
458,-83.6185,24.0932
458,-83.3296,24.3185
458,-82.8975,24.5033
458,-82.2870,24.6084
458,-81.8765,24.7134
458,-81.1603,24.7861
458,-80.3555,24.8235
458,-79.7574,24.8355
458,-79.2345,24.8335
458,-78.7015,24.8310
458,-78.2135,24.8436
458,-77.7856,24.8888
458,-77.3925,24.9537
458,-76.9320,24.9837
458,-76.4758,25.0139
458,-76.0237,25.0442
458,-75.5766,25.0744
458,-75.1340,25.1045
458,-74.6958,25.1347
458,-74.2515,25.1657
458,-73.8098,25.1969
458,-73.3731,25.2279
458,-72.9394,25.2591
458,-72.5104,25.2911
458,-72.0846,25.3233
458,-71.6634,25.3574
458,-71.2454,25.3920
458,-70.8305,25.4268
458,-70.4213,25.4640
458,-70.0154,25.5016
458,-69.6158,25.5404
458,-69.2196,25.5797
458,-68.8268,25.6195
458,-68.4413,25.6606
458,-68.0594,25.7022
458,-67.6864,25.7452
458,-67.3171,25.7888
458,-66.9514,25.8330
458,-66.5951,25.8788
458,-66.2426,25.9251
458,-65.8937,25.9721
458,-65.5548,26.0196
458,-65.2196,26.0676
458,-64.8882,26.1162
458,-64.5671,26.1661
458,-64.1990,26.2261
458,-63.8332,26.2868
458,-63.4788,26.3458
458,-63.1268,26.4054
458,-62.7774,26.4658
458,-62.4402,26.5210
458,-62.1056,26.5769
458,-61.7860,26.6265
458,-61.4691,26.6764
458,-61.1549,26.7268
458,-60.8433,26.7776
458,-60.5469,26.8189
458,-60.2532,26.8604
458,-59.9622,26.9020
458,-59.6843,26.9316
458,-59.4092,26.9612
458,-59.1367,26.9908
458,-58.8667,27.0204
458,-58.6111,27.0385
458,-58.3581,27.0565
458,-58.1075,27.0743
458,-57.8730,27.0784
458,-57.6410,27.0823
458,-57.4114,27.0858
458,-57.1841,27.0891
458,-56.9590,27.0921
458,-56.7501,27.0810
458,-56.5433,27.0696
458,-56.3387,27.0578
458,-56.1360,27.0457
458,-55.9352,27.0333
458,-55.7500,27.0100
458,-55.5665,26.9863
458,-55.3847,26.9624
458,-55.2045,26.9381
458,-55.0258,26.9135
458,-54.8614,26.8779
458,-54.6983,26.8420
458,-54.5364,26.8058
458,-54.3756,26.7694
458,-54.2157,26.7328
458,-54.0566,26.6960
458,-53.9081,26.6499
458,-53.7603,26.6037
458,-53.6129,26.5573
458,-53.4659,26.5109
458,-53.3191,26.4644
458,-53.1725,26.4179
459,-93.6364,27.8629
459,-93.1496,28.1005
459,-92.5761,28.4243
459,-92.0767,28.6665
459,-91.6158,28.8858
459,-91.2074,29.1161
459,-90.7554,29.3472
459,-90.1632,29.6079
459,-89.4951,29.8086
459,-88.8147,29.8797
459,-88.1348,29.8701
459,-87.4796,30.0008
459,-86.8325,30.1290
459,-86.1903,30.2550
459,-85.5546,30.3788
459,-84.9249,30.5013
459,-84.3013,30.6230
459,-83.6839,30.7428
459,-83.0725,30.8624
459,-82.4668,30.9818
459,-81.8671,31.0997
459,-81.2732,31.2179
459,-80.6644,31.3340
459,-80.0589,31.4503
459,-79.4572,31.5672
459,-78.8593,31.6829
459,-78.2646,31.8010
459,-77.6736,31.9183
459,-77.0861,32.0390
459,-76.5031,32.1644
459,-75.8901,32.2907
459,-75.2813,32.4212
459,-74.6743,32.5517
459,-74.0726,32.6857
459,-73.4773,32.8240
459,-72.8840,32.9626
459,-72.2976,33.1043
459,-71.7133,33.2464
459,-71.0794,33.3911
459,-70.4500,33.5328
459,-69.8208,33.6748
459,-69.1978,33.8141
459,-68.5752,33.9536
459,-67.9605,34.0899
459,-67.3549,34.2198
459,-66.6714,34.3578
459,-65.9936,34.4894
459,-65.3224,34.6157
459,-64.6500,34.7419
459,-63.9861,34.8617
459,-63.3307,34.9754
459,-62.6746,35.0887
459,-62.0273,35.1953
459,-61.2872,35.3057
459,-60.5446,35.4158
459,-59.8119,35.5206
459,-59.0881,35.6208
459,-58.3729,35.7124
460,-87.7473,28.9902
460,-87.2327,29.8082
460,-86.7793,30.6085
460,-86.3724,31.0872
460,-85.7866,31.7265
460,-85.1122,32.3662
461,-89.2144,28.9641
461,-89.5439,29.1505
461,-89.7980,29.3368
461,-90.0035,29.5160
461,-90.1815,29.7095
461,-90.3658,29.9308
461,-90.5650,30.1822
461,-90.7993,30.4461
461,-91.0485,30.7549
461,-91.2829,31.1187
461,-91.5320,31.5276
461,-91.8164,31.9415
461,-92.1155,32.4003
461,-92.4002,32.9066
461,-92.6990,33.4730
461,-93.0408,34.0869
461,-93.3825,34.7457
461,-93.7115,35.4321
461,-93.9660,36.1184
461,-94.1105,36.7771
461,-94.1495,37.3911
462,-83.9993,23.0491
462,-84.4674,23.3642
462,-84.8382,23.6241
462,-85.1636,23.9235
462,-85.5892,24.3380
462,-86.0597,24.7828
462,-86.5655,25.1775
462,-87.0558,25.5421
462,-87.4474,25.8787
462,-87.8519,26.2014
462,-88.3777,26.5386
462,-88.9481,26.8608
462,-89.5473,27.1576
462,-90.0442,27.4201
462,-90.3423,27.6497
462,-90.9403,28.0794
462,-91.3472,28.4029
462,-91.6365,28.6387
462,-91.9723,28.8334
462,-92.2326,28.9980
462,-92.3611,29.1850
462,-92.4287,29.3573
462,-92.5567,29.5021
462,-92.6249,29.6167
462,-92.5235,29.7037
462,-92.4210,29.7760
462,-92.5111,29.8858
462,-92.6171,29.9353
462,-92.5954,29.8374
463,-88.7760,28.5521
463,-88.8249,29.1147
463,-89.1685,29.5408
463,-89.6423,30.0191
463,-90.1610,30.5294
463,-90.5723,31.1034
463,-90.9535,31.6180
463,-91.3353,31.9720
463,-91.7460,32.2066
463,-92.2127,32.3732
463,-92.7385,32.4953
463,-93.3191,32.6327
464,-83.9195,26.6716
464,-83.7197,27.1855
464,-83.5199,27.6994
464,-83.3548,28.1707
464,-83.2203,28.6271
464,-83.1135,29.1011
464,-83.0207,29.5548
464,-82.9209,29.9687
464,-82.8211,30.4826
464,-82.6087,31.0692
464,-82.3215,31.7103
464,-82.0657,32.3737
465,-88.5149,29.8483
465,-88.9625,30.1060
465,-89.1609,30.3861
465,-89.1164,30.7057
465,-89.2009,30.9905
465,-89.2704,31.3053
465,-89.3420,31.7051
465,-89.3244,32.1050
465,-89.1464,32.4123
465,-88.8783,32.7046
465,-88.6201,33.0469
465,-88.3323,33.4043
465,-88.0464,33.7688
466,-85.1646,26.6908
466,-84.9394,27.2022
466,-84.7142,27.7136
466,-84.5237,28.1825
466,-84.3637,28.6365
466,-84.2315,29.1081
466,-84.1133,29.5593
466,-83.9880,29.9707
466,-83.8628,30.4821
466,-83.6250,31.0663
466,-83.3124,31.7050
466,-83.0312,32.3659
466,-82.6619,33.0278
466,-82.1161,33.6245
466,-81.5115,34.2507
466,-80.9482,34.9521
466,-80.4610,35.7735
466,-80.2066,36.7828
467,-77.3858,26.9506
467,-77.6435,26.9727
467,-77.8728,26.9985
467,-77.9538,26.9712
467,-78.0598,26.9464
467,-78.1692,26.9610
467,-78.2468,26.9943
467,-78.2553,27.0182
467,-78.2338,27.0422
467,-78.2348,27.0661
467,-78.2208,27.0901
467,-78.1718,27.1140
467,-78.1078,27.1380
467,-78.0439,27.1319
467,-77.9948,27.1859
467,-77.9733,27.3798
467,-77.9818,27.6338
467,-78.0030,27.8427
467,-78.0688,28.0816
467,-78.1973,28.3906
467,-78.3558,28.7295
467,-78.5217,29.0610
467,-78.6428,29.3774
467,-78.6665,29.6588
467,-78.6298,29.9253
467,-78.5883,30.1918
467,-78.5168,30.4732
467,-78.4401,30.7896
467,-78.3038,31.1211
467,-78.0626,31.4526
467,-77.7908,31.7690
467,-77.6285,32.0425
467,-77.3778,32.3169
467,-76.8741,32.6336
467,-76.2649,32.9648
467,-75.7223,33.2658
467,-75.1519,33.6127
467,-74.5067,34.0402
467,-73.8389,34.5605
467,-73.6824,34.6345
467,-72.9034,35.0734
467,-71.6694,35.5824
467,-70.3800,36.1257
467,-69.0564,36.7303
467,-67.8101,37.4008
467,-66.6434,38.1782
467,-65.5832,39.0626
467,-64.5304,40.0261
467,-63.3000,40.9633
467,-62.1174,41.9739
467,-61.1123,43.1171
467,-60.3044,44.3218
468,-84.5329,22.4920
468,-84.3475,22.7954
468,-84.3571,22.9941
468,-84.6516,22.9553
468,-85.0813,22.7961
468,-85.5409,22.6473
468,-85.8054,22.4982
468,-85.5776,22.3920
468,-85.2296,22.3003
468,-85.1542,22.2012
468,-85.1538,22.1023
468,-85.1159,22.0033
468,-85.0780,21.9044
468,-85.0551,21.8054
468,-85.0022,21.7064
468,-84.8793,21.6075
468,-84.7264,21.5085
468,-84.5885,21.4170
468,-84.4505,21.3105
468,-84.3201,21.1690
468,-84.1747,21.0126
468,-83.9968,20.8612
468,-83.7989,20.7147
468,-83.6360,20.5657
468,-83.4787,20.4225
468,-83.3270,20.2852
468,-83.1808,20.1537
468,-83.0402,20.0280
468,-82.9105,19.9084
468,-82.7873,19.7947
468,-82.6706,19.6868
468,-82.5605,19.5847
468,-82.4570,19.4884
468,-82.3599,19.3979
468,-82.2692,19.3132
468,-82.1850,19.2342
468,-82.1072,19.1609
468,-82.0334,19.0905
468,-81.9858,19.0290
468,-81.9456,18.9732
468,-81.9128,18.9229
468,-81.8872,18.8783
468,-81.8689,18.8391
468,-81.8578,18.8054
468,-81.8539,18.7772
468,-81.8570,18.7543
468,-81.8671,18.7368
468,-81.8842,18.7246
468,-81.9082,18.7176
468,-81.9389,18.7158
468,-81.9764,18.7191
468,-82.0205,18.7274
468,-82.0713,18.7408
468,-82.1285,18.7591
468,-82.1948,18.7865
469,-89.3552,28.4744
469,-89.0939,29.0993
469,-88.9325,29.4241
469,-88.3712,29.9490
469,-87.7098,30.4738
469,-87.2132,30.8391
469,-86.7871,31.1236
469,-86.2903,31.4482
469,-85.7644,31.7733
469,-85.2901,32.0517
469,-84.6417,32.4230
469,-83.6298,33.0333
469,-82.4190,33.6727
470,-82.7841,24.0211
470,-82.4004,24.8223
470,-81.8765,25.8606
470,-81.4293,26.7876
470,-80.9690,27.7002
470,-80.3618,28.7188
470,-79.7614,29.7397
470,-79.0804,30.7597
470,-78.0538,31.7793
470,-76.9398,32.8644
470,-75.7462,34.0188
470,-74.6759,35.1736
470,-73.5387,36.2584
470,-72.2053,37.1826
470,-70.7311,37.9979
470,-69.4773,38.9927
470,-68.2237,39.9707
470,-66.9644,40.9325
470,-65.6927,41.8794
470,-64.4041,42.8107
471,-77.5268,33.8687
471,-77.4141,34.2067
471,-77.3052,34.5304
471,-77.2826,34.8813
471,-76.9835,35.0921
471,-76.7057,35.3047
471,-76.4619,35.5538
471,-76.1735,35.8346
471,-75.8403,36.1155
471,-75.4518,36.3538
471,-75.0187,36.5773
471,-74.5651,36.8005
471,-74.0971,37.0390
471,-73.6582,37.3044
471,-73.1754,37.6007
471,-72.6379,37.8932
471,-71.9538,38.2624
471,-71.0463,38.7711
471,-70.0322,39.3241
471,-69.0697,39.8043
471,-68.1106,40.2858
471,-67.2348,40.7760
472,-76.0963,25.5608
472,-76.4986,25.5946
472,-76.8724,25.6321
472,-77.0979,25.6164
472,-77.3485,25.6033
472,-77.6024,25.6295
472,-77.8245,25.6745
472,-77.9776,25.7101
472,-78.1006,25.7457
472,-78.2461,25.7813
472,-78.3767,25.8169
472,-78.4722,25.8525
472,-78.5528,25.8881
472,-78.6333,25.8937
472,-78.7288,25.9593
472,-78.8519,26.1649
472,-79.0049,26.4306
472,-79.1706,26.6511
472,-79.3810,26.9018
472,-79.6540,27.2224
472,-79.9571,27.5730
472,-80.2675,27.9161
472,-80.5331,28.2442
472,-80.7014,28.5373
472,-80.8092,28.8154
472,-80.9122,29.0935
472,-80.9853,29.3866
472,-81.0531,29.7147
472,-81.0614,30.0579
472,-80.9646,30.4010
472,-80.8374,30.7291
472,-80.8196,31.0143
472,-80.7135,31.3003
472,-80.3543,31.6287
472,-79.8896,31.9715
472,-79.4916,32.2842
472,-79.0657,32.6427
472,-78.5650,33.0819
472,-78.0417,33.6139
472,-78.0298,33.6995
472,-77.3953,34.1501
472,-76.3058,34.6708
472,-75.1610,35.2257
472,-73.9819,35.8420
472,-72.8802,36.5242
472,-71.8580,37.3132
472,-70.9424,38.2093
472,-70.0341,39.1844
472,-68.9482,40.1333
472,-67.9101,41.1556
473,-77.5627,33.5841
473,-77.4184,33.7794
473,-77.2779,33.9606
473,-77.2238,34.1689
473,-76.8932,34.2370
473,-76.5838,34.3071
473,-76.3084,34.4135
473,-75.9884,34.5517
473,-75.6236,34.6900
473,-75.2035,34.7857
473,-74.7389,34.8665
473,-74.2537,34.9472
473,-73.7541,35.0430
473,-73.2837,35.1659
473,-72.7693,35.3195
473,-72.2002,35.4694
473,-71.4845,35.6960
473,-70.5455,36.0621
473,-69.4998,36.4725
473,-68.5057,36.8100
473,-67.5150,37.1489
473,-66.6077,37.4965
473,-65.5302,37.9254
473,-64.0509,38.4915
473,-62.3454,39.1019
473,-60.7083,39.6345
473,-58.8607,40.1784
473,-56.5433,40.8535
473,-54.1759,41.3549
473,-52.2530,41.4788
473,-50.4911,41.3314
473,-48.7546,40.9760
473,-46.8063,40.6079
473,-44.2632,40.5392
473,-41.6216,40.3844
473,-39.3782,39.8846
473,-37.4368,39.1608
473,-35.0944,38.7991
473,-32.7836,38.4422
473,-30.5050,38.0893
473,-28.2670,37.7398
473,-26.0643,37.3937
473,-23.8952,37.0490
473,-21.7699,36.7073
473,-19.6766,36.3689
473,-17.6131,36.0352
473,-15.5794,35.7169
473,-13.5644,35.4167
473,-11.5646,35.1441
474,-86.7607,28.5508
474,-86.2402,29.3559
474,-85.7809,30.1434
474,-85.3682,30.6091
474,-84.7765,31.2355
474,-84.0962,31.8623
474,-83.3886,32.4735
474,-82.6242,33.1155
474,-81.8480,33.8708
474,-80.9522,34.5687
474,-79.8889,35.0470
474,-78.6802,35.4220
474,-77.4919,35.7255
474,-76.0082,36.1752
474,-73.9586,36.9639
474,-71.6363,37.9284
474,-69.4100,38.8858
474,-67.1643,39.8816
474,-64.9669,40.8709
474,-62.5923,41.8348
474,-59.9100,42.6803
474,-56.8203,43.4880
475,-86.0698,29.1814
475,-86.3893,29.5148
475,-86.7348,29.8957
475,-87.1315,30.2582
475,-87.4997,30.6100
475,-87.7127,31.0093
475,-87.8646,31.4243
475,-88.0547,31.8314
475,-88.2295,32.2385
475,-88.4067,32.6607
475,-88.4944,33.0528
475,-88.4223,33.3823
475,-88.2593,33.6671
476,-88.3076,29.0477
476,-88.0483,29.7491
476,-87.8889,30.1505
476,-87.3296,30.7519
476,-86.6702,31.3533
476,-86.1756,31.7951
476,-85.7515,32.1560
476,-85.2568,32.5572
476,-84.7328,32.9588
476,-84.2605,33.3137
476,-83.6141,33.7615
476,-82.6043,34.4484
477,-86.1120,28.1431
477,-85.6525,28.7376
477,-85.2543,29.3144
477,-84.9026,29.5695
477,-84.3720,29.9853
477,-83.7527,30.4014
477,-83.1061,30.8020
477,-82.4028,31.2334
477,-81.6876,31.7780
477,-80.8529,32.2653
477,-79.8506,32.5329
477,-78.7030,32.6973
477,-77.5757,32.7901
477,-76.1531,33.0292
477,-74.1645,33.6073
477,-71.9032,34.3612
477,-69.7380,35.1079
477,-67.5533,35.8931
477,-65.4169,36.6718
477,-63.1034,37.4250
477,-60.4821,38.0599
477,-57.4535,38.6570
477,-53.9040,39.2600
477,-50.1036,39.7889
477,-46.4281,40.2016
477,-42.7537,40.5209
477,-38.9874,40.7389
477,-35.3037,40.8528
477,-31.7158,40.8883
477,-28.4538,40.7847
477,-25.6301,40.5524
477,-23.2039,40.1167
477,-20.9397,39.4336
477,-19.0540,38.5486
477,-17.5164,37.5403
477,-16.3041,36.4806
477,-15.1975,35.4955
477,-14.3542,34.5125
477,-13.7462,33.4850
477,-13.4043,32.4445
477,-13.2741,31.4082
477,-13.2544,30.3764
477,-12.9795,29.3424
477,-12.6937,28.3294
477,-12.3972,27.3385
477,-12.0906,26.3708
477,-11.7744,25.4271
477,-11.4520,24.5069
478,-85.9967,24.0082
478,-86.7498,24.1836
478,-87.4563,24.3296
478,-88.1012,24.5748
478,-88.7158,24.8509
478,-89.3458,25.1188
478,-89.9754,25.3722
478,-90.6131,25.5826
478,-91.2350,25.7935
478,-91.8224,26.0538
478,-92.3946,26.3148
478,-92.9744,26.5552
478,-93.5542,26.7361
478,-94.1718,26.8194
478,-94.7138,26.8574
478,-95.0814,26.9027
478,-95.3734,26.9787
478,-95.7255,27.1319
478,-96.0330,27.3000
478,-96.1983,27.3953
478,-96.3926,27.5213
478,-96.7847,27.7596
478,-97.2521,28.0427
478,-97.6894,28.3182
478,-98.1117,28.5640
478,-98.4769,28.7467
478,-98.8713,28.8853
479,-85.7342,25.2339
479,-85.4245,25.6467
479,-85.1147,26.0594
479,-84.8397,26.4296
479,-84.5952,26.7849
479,-84.3785,27.1578
479,-84.1757,27.5104
479,-83.9660,27.8231
479,-83.7562,28.2359
479,-83.4339,28.7214
479,-83.0367,29.2614
479,-82.6710,29.8236
479,-82.2172,30.3868
479,-81.5869,30.8849
479,-80.8977,31.4123
479,-80.2499,32.0151
479,-79.6783,32.7378
479,-79.3393,33.6485
479,-78.8588,34.5633
479,-77.8394,35.2652
479,-76.6393,35.8888
479,-75.6120,36.5503
479,-74.6198,37.2143
479,-73.6481,37.9501
479,-72.6003,38.5398
479,-71.3590,38.7777
479,-70.0808,38.8653
479,-68.8976,39.0266
479,-67.7613,39.1908
479,-66.6283,39.3527
479,-65.5418,39.5163
479,-64.5161,39.6805
479,-63.5223,39.8418
479,-62.4626,40.0045
479,-61.3950,40.1672
479,-60.3134,40.3297
479,-59.2210,40.4920
479,-58.1176,40.6538
479,-57.0036,40.8146
479,-55.8791,40.9738
479,-54.7449,41.1309
479,-53.5758,41.2872
479,-52.3939,41.4402
479,-51.2004,41.5898
479,-49.9961,41.7359
479,-48.7868,41.8769
480,-78.1137,33.7701
480,-78.0725,33.8915
480,-77.6606,35.0506
480,-77.0705,36.3871
480,-76.3367,37.8687
480,-75.5250,39.4975
480,-74.6128,41.1869
480,-73.5725,42.8342
481,-83.4559,26.3911
481,-83.3303,26.7884
481,-83.3997,27.0811
481,-83.7541,27.1363
481,-84.2436,27.0711
481,-84.7631,27.0163
481,-85.0874,26.9612
481,-84.9195,26.9489
481,-84.6313,26.9512
481,-84.6156,26.9461
481,-84.6751,26.9412
481,-84.6970,26.9362
481,-84.7190,26.9312
481,-84.7559,26.9262
481,-84.7628,26.9212
481,-84.6997,26.9163
481,-84.6066,26.9113
481,-84.5286,26.9137
481,-84.4505,26.9013
481,-84.3799,26.8537
481,-84.2943,26.7913
481,-84.1763,26.7339
481,-84.0382,26.6813
481,-83.9351,26.6263
481,-83.8298,26.5729
481,-83.7224,26.5210
481,-83.6127,26.4707
481,-83.5009,26.4220
481,-83.3869,26.3748
481,-83.2708,26.3292
481,-83.1525,26.2852
481,-83.0320,26.2427
481,-82.9069,26.2015
481,-82.7795,26.1620
481,-82.6496,26.1239
481,-82.5300,26.0911
481,-82.4091,26.0602
481,-82.2869,26.0310
481,-82.1633,26.0037
481,-82.0385,25.9781
481,-81.9074,25.9534
481,-81.7747,25.9305
481,-81.6404,25.9092
481,-81.5046,25.8896
481,-81.3673,25.8717
481,-81.2285,25.8554
481,-81.0882,25.8408
481,-80.9418,25.8273
481,-80.7939,25.8154
481,-80.6443,25.8051
481,-80.4931,25.7963
481,-80.3404,25.7891
481,-80.1860,25.7834
481,-80.0301,25.7792
481,-79.8694,25.7777
481,-79.7070,25.7778
481,-79.5431,25.7793
481,-79.3776,25.7822
482,-85.6118,27.1192
482,-85.3732,27.6490
482,-85.0156,28.1341
482,-84.5438,28.7519
482,-84.0195,29.3489
482,-83.4714,29.9063
482,-83.0233,30.5637
482,-82.5157,31.1948
482,-81.9271,31.7786
483,-79.1832,32.5175
483,-79.4489,33.2486
483,-79.4903,34.1853
483,-79.3804,35.2108
483,-79.2757,36.1568
483,-79.1119,37.0730
483,-78.8941,37.9618
483,-78.6433,38.8352
483,-78.4591,39.7413
483,-78.2521,40.6267
483,-78.0175,41.4905
483,-77.7505,42.3330
483,-77.4488,43.1525
483,-77.1104,43.9482
483,-76.7356,44.7243
483,-76.3231,45.4764
483,-75.8738,46.2043
483,-75.3879,46.9110
484,-85.6000,27.4619
484,-85.2467,27.9283
484,-84.7744,28.3500
484,-84.1878,28.9045
484,-83.5488,29.4381
484,-82.8860,29.9321
484,-82.3232,30.5262
484,-81.7009,31.0938
484,-80.9976,31.6143
484,-80.2214,32.0730
484,-79.3719,32.5024
484,-78.5031,32.9456
484,-77.5463,33.3904
484,-76.4845,33.8189
484,-75.3207,34.2785
484,-74.0859,34.7770
484,-72.7951,35.3666
484,-71.5112,36.0867
484,-70.1695,36.8547
484,-68.6691,37.5648
484,-67.2439,38.2428
484,-66.0959,38.9000
484,-65.1182,39.5309
484,-64.1948,40.1162
484,-63.2926,40.7190
484,-62.3374,41.3967
485,-75.9291,25.9696
485,-76.7858,25.8921
485,-77.7426,25.8147
485,-78.6871,25.7245
485,-79.6561,25.6598
485,-80.6928,25.6822
485,-80.7696,25.6048
485,-81.7263,25.6274
485,-82.7285,25.6365
485,-83.7398,25.6725
485,-84.7614,25.7797
485,-85.7533,25.9175
485,-86.6906,26.0246
485,-87.5668,26.1626
485,-88.3961,26.3696
485,-89.1803,26.6077
485,-89.9822,26.8228
485,-90.6938,27.0528
485,-91.2459,27.3173
485,-91.7073,27.5979
485,-92.2057,27.8421
485,-92.6207,28.1429
485,-92.9147,28.5411
485,-93.1342,28.8880
485,-93.2116,29.2299
485,-93.1477,29.5331
485,-92.9920,29.7707
485,-92.7612,29.9782
485,-92.5475,30.1930
485,-92.2747,30.4233
485,-91.9260,30.6806
485,-91.4882,30.9683
485,-91.0043,31.2828
485,-90.4017,31.6134
485,-89.7188,31.9192
485,-88.8152,32.2585
486,-81.9400,21.6434
486,-81.6877,21.9378
486,-81.0004,22.4277
486,-80.3281,22.8489
486,-79.7609,23.2120
486,-78.9216,23.7818
486,-78.0214,24.3962
486,-77.2157,24.9600
486,-76.3819,25.4805
486,-75.4344,25.9600
486,-74.4424,26.3648
486,-73.5464,26.6920
486,-72.5029,26.9491
486,-71.1265,27.0811
486,-69.5634,27.3334
486,-67.9562,27.9236
486,-66.3239,28.7177
486,-64.7791,29.1598
486,-63.2440,29.5927
486,-61.7195,30.0160
486,-60.2078,30.4287
486,-58.6985,30.8332
486,-57.2031,31.2278
486,-55.7055,31.6158
486,-54.2236,31.9953
486,-52.7540,32.3661
486,-51.2827,32.7335
486,-49.8252,33.0929
486,-48.3897,33.4423
486,-46.9423,33.7889
486,-45.5186,34.1232
486,-44.1121,34.4480
486,-42.6985,34.7685
486,-41.3021,35.0777
486,-39.9238,35.3747
486,-38.5302,35.6653
486,-37.1536,35.9448
486,-35.7933,36.2138
486,-34.4114,36.4759
486,-33.0475,36.7212
486,-31.7145,36.9399
486,-30.4016,37.1407
486,-29.0497,37.3312
486,-27.7236,37.4834
486,-26.4131,37.6090
486,-25.1179,37.7085
486,-23.8476,37.7683
486,-22.5930,37.8044
486,-21.3530,37.8202
486,-20.1277,37.8163
486,-18.9176,37.7942
486,-17.7273,37.7518
486,-16.5490,37.6942
486,-15.3812,37.6209
486,-14.2240,37.5316
486,-13.0763,37.4252
486,-11.9375,37.3002
486,-10.8085,37.1649
486,-9.6866,37.0238
486,-8.5721,36.8898
486,-7.4546,36.7554
486,-6.3306,36.6230
486,-5.1935,36.4932
487,-86.2137,27.0264
487,-86.0251,27.6630
487,-85.8365,28.2997
487,-85.6826,28.8937
487,-85.5592,29.4729
487,-85.4636,30.0697
487,-85.3820,30.6462
487,-85.2934,31.1828
488,-85.4790,25.9013
488,-85.6363,26.2665
488,-85.7032,26.6319
488,-85.7527,27.0322
488,-85.7274,27.4626
488,-85.6568,27.9060
488,-85.4517,28.3932
488,-85.0869,28.9622
488,-84.5759,29.4238
488,-83.9134,30.0450
488,-83.1001,30.7544
488,-82.2125,31.2765
488,-81.2243,31.7850
489,-88.4903,23.4415
489,-88.8511,23.2972
489,-89.2864,23.1372
489,-89.5918,23.0199
489,-89.8824,22.9330
489,-90.2455,22.8585
489,-90.5785,22.8287
489,-90.7398,22.8085
489,-90.9746,22.9245
489,-91.5192,23.2853
489,-92.1706,23.7203
489,-92.7260,24.0853
489,-93.2667,24.3160
489,-93.8304,24.3238
489,-94.3627,24.2118
489,-94.8859,24.1022
489,-95.2588,24.0075
489,-95.3817,23.9826
489,-95.3548,24.0033
489,-95.3478,24.0436
489,-95.2509,24.0990
489,-95.0290,24.1470
489,-94.7470,24.1948
489,-94.5175,24.2500
489,-94.2430,24.2905
489,-93.8486,24.3111
489,-93.4391,24.2863
489,-93.1071,24.2141
489,-92.8351,24.0821
489,-92.5881,23.9099
489,-92.4312,23.6778
489,-92.3994,23.3682
489,-92.4273,23.0736
489,-92.4352,22.8865
489,-92.4233,22.7693
489,-92.4214,22.5422
489,-92.4095,22.3219
489,-92.3878,22.1083
489,-92.3644,21.9009
489,-92.3340,21.7002
489,-92.2965,21.5060
489,-92.2520,21.3184
489,-92.2006,21.1373
489,-92.1422,20.9628
489,-92.1002,20.7928
489,-92.0559,20.6285
489,-92.0076,20.4703
489,-91.9551,20.3183
490,-86.3638,30.0637
490,-87.0561,30.2833
490,-87.8070,30.5033
490,-88.4526,30.7155
490,-89.3502,31.1429
490,-90.3678,31.7019
490,-90.9934,32.0826
490,-91.7470,32.6169
490,-92.4366,33.1222
491,-85.3960,25.1425
491,-85.1945,25.5303
491,-84.8741,25.8734
491,-84.4393,26.3494
491,-83.9521,26.8044
491,-83.4411,27.2198
491,-83.0301,27.7353
491,-82.5596,28.2244
491,-82.0081,28.6662
491,-81.3838,29.0465
491,-80.6862,29.3972
491,-79.9691,29.7619
491,-79.1642,30.1281
491,-78.2542,30.4780
491,-77.2422,30.8591
491,-76.1592,31.2790
491,-75.0203,31.7900
491,-73.8882,32.4315
491,-72.6983,33.1209
491,-71.3498,33.7524
491,-70.0763,34.3519
491,-69.0802,34.9304
491,-68.2543,35.4828
491,-67.4827,35.9895
491,-66.7324,36.5137
491,-65.9290,37.1128
491,-65.0104,37.7447
491,-63.9077,38.3598
491,-62.6884,38.9756
491,-61.4549,39.5972
491,-60.1665,40.2066
491,-58.8085,40.7563
491,-57.4445,41.3375
491,-56.1430,42.0056
491,-54.8225,42.7684
492,-88.3753,30.2007
492,-88.7869,30.5879
492,-89.2246,31.0225
492,-89.7135,31.4388
492,-90.1739,31.8444
492,-90.4791,32.2975
492,-90.7232,32.7663
492,-91.0055,33.2272
492,-91.2724,33.6881
492,-91.5418,34.1641
493,-91.7001,29.5381
493,-91.7236,30.2265
493,-91.6867,30.9273
493,-91.5455,31.6733
493,-91.2868,32.4817
493,-90.9674,33.3200
493,-90.6856,34.1883
494,-80.7853,21.2773
494,-80.5093,21.2923
494,-80.1886,21.3224
494,-79.8498,21.3721
494,-79.3919,21.4674
494,-78.7460,21.6176
494,-77.9952,21.8125
494,-77.2689,22.0271
494,-76.4984,22.2575
494,-75.7167,22.4790
494,-74.8017,22.7026
494,-73.6922,22.9094
494,-72.4050,23.1476
494,-71.0237,23.4615
494,-69.5083,23.7926
494,-67.8814,24.0722
494,-66.2116,24.3377
494,-64.5957,24.6101
494,-63.0149,24.8827
494,-61.3916,25.1553
494,-59.7906,25.4198
494,-58.2129,25.6763
494,-56.6586,25.9249
494,-55.1291,26.1661
494,-53.6161,26.4008
494,-52.1280,26.6279
494,-50.6636,26.8472
494,-49.2248,27.0586
494,-47.8103,27.2628
494,-46.4113,27.4621
494,-45.0367,27.6532
494,-43.6896,27.8347
494,-42.3675,28.0067
494,-41.0706,28.1688
494,-39.7892,28.3229
494,-38.5345,28.4675
494,-37.3063,28.6034
494,-36.1040,28.7316
494,-34.9282,28.8523
494,-33.7756,28.9648
494,-32.6450,29.0687
494,-31.5365,29.1630
494,-30.4356,29.2479
494,-29.3561,29.3216
494,-28.2970,29.3842
494,-27.2563,29.4351
494,-26.2317,29.4738
494,-25.2209,29.5006
494,-24.2225,29.5160
494,-23.2338,29.5202
494,-22.2517,29.5132
495,-87.4662,30.0199
495,-87.3884,30.0963
495,-87.2506,30.2939
495,-87.0345,30.5905
495,-86.7752,30.8890
495,-86.5022,31.1439
495,-86.1997,31.3840
495,-85.8917,31.6314
495,-85.5242,31.8791
495,-85.0959,32.1187
495,-84.5488,32.3742
495,-83.8561,32.6718
495,-83.0733,32.9693
495,-82.2927,33.2315
496,-84.9043,23.9250
496,-84.6155,24.3756
496,-84.5217,24.7216
496,-84.7128,24.8300
496,-85.0391,24.8181
496,-85.3953,24.8165
496,-85.5565,24.8147
496,-85.2253,24.8557
496,-84.7738,24.9112
496,-84.5950,24.9594
496,-84.4912,25.0078
496,-84.3499,25.0561
496,-84.2086,25.1044
496,-84.0823,25.1526
496,-83.9260,25.2009
496,-83.6997,25.2492
496,-83.4433,25.2975
496,-83.2020,25.3533
496,-82.9607,25.3941
496,-82.7269,25.3998
496,-82.4781,25.3906
496,-82.1968,25.3865
496,-81.8955,25.3872
496,-81.6291,25.3855
496,-81.3644,25.3845
496,-81.1013,25.3843
496,-80.8391,25.3848
496,-80.5784,25.3860
496,-80.3190,25.3880
496,-80.0610,25.3907
496,-79.8036,25.3944
497,-71.2022,23.2270
497,-71.9734,23.2806
497,-72.6989,23.3490
497,-73.2624,23.4943
497,-73.7956,23.6710
497,-74.4516,23.8247
497,-75.0924,23.9931
497,-75.6360,24.1814
497,-76.0891,24.4151
497,-76.4693,24.6465
497,-76.7859,25.0372
497,-77.1074,25.5413
497,-77.4826,25.9592
497,-77.9034,26.4588
497,-78.2794,26.9812
497,-78.5232,27.4771
497,-78.6761,28.0033
497,-78.8339,28.5842
497,-78.8729,29.2253
497,-78.7388,29.9138
497,-78.4696,30.6473
497,-78.0339,31.4617
497,-77.7664,32.1694
497,-77.7647,32.2304
497,-77.4112,32.9230
497,-76.5615,34.0525
497,-75.8441,35.1229
497,-75.0582,36.2745
497,-74.1523,37.5959
497,-73.2550,38.7965
497,-72.5258,39.6112
497,-71.8517,40.2186
497,-71.1211,40.8239
497,-70.3485,41.3406
498,-85.5715,26.5880
498,-85.1809,27.1313
498,-84.7902,27.6745
498,-84.4343,28.1751
498,-84.1089,28.6609
498,-83.8113,29.1643
498,-83.5277,29.6474
498,-83.2370,30.0906
498,-82.9464,30.6339
498,-82.5432,31.2499
498,-82.0652,31.9203
498,-81.6185,32.6131
498,-81.0839,33.3068
498,-80.3727,33.9353
498,-79.6026,34.5933
498,-78.8739,35.3265
499,-79.2971,21.1644
499,-79.8659,21.6479
499,-80.3513,22.1054
499,-80.4284,22.1259
499,-80.7671,22.3178
499,-81.2826,22.5669
499,-81.7205,22.8214
499,-82.1368,23.1079
499,-82.5715,23.4634
499,-82.9910,23.8489
499,-83.3760,24.2193
499,-83.7452,24.5899
499,-84.1228,24.9453
499,-84.4994,25.3309
499,-84.8991,25.7715
499,-85.2537,26.2719
499,-85.4965,26.8197
499,-85.7079,27.4129
499,-85.9544,27.9521
499,-86.2621,28.6539
499,-86.6394,29.5012
499,-87.0163,30.0949
499,-87.4296,30.5829
499,-87.7705,31.0359
499,-87.9360,31.5837
499,-88.0247,32.1769
499,-88.1665,32.8125
500,-83.5501,29.3900
500,-84.2290,29.4202
500,-84.9664,29.4507
500,-85.5987,29.4734
500,-86.4828,29.7115
500,-87.4870,30.0809
500,-88.0991,30.2722
500,-88.8392,30.6170
500,-89.5154,30.9329
500,-90.0625,31.0702
500,-90.5317,31.1936
500,-91.0422,31.4141
500,-91.4481,31.7544
500,-91.6813,32.2395
500,-91.7644,32.8151
500,-91.7972,33.4102
500,-91.6807,33.9758
500,-91.3843,34.4363
500,-90.9970,34.8365
501,-89.0074,26.7504
501,-89.1116,27.2258
501,-89.5104,27.5646
501,-90.0393,27.9558
501,-90.6133,28.3788
501,-91.0799,28.8656
501,-91.5162,29.2930
501,-91.9532,29.5598
501,-92.4191,29.7072
501,-92.9411,29.7866
501,-93.5220,29.8214
501,-94.1579,29.8716
501,-94.8250,29.9356
501,-95.4264,29.9927
501,-96.0118,30.0475
501,-96.5810,30.1001
501,-97.1347,30.1503
501,-97.6686,30.1974
501,-98.1856,30.2420
501,-98.6864,30.2850
501,-99.1706,30.3256
502,-89.0229,22.4662
502,-89.2588,22.2039
502,-89.1948,21.9416
502,-89.1443,21.7657
502,-89.0666,21.6170
502,-88.9325,21.3597
502,-88.7385,21.1924
502,-88.4820,21.2777
502,-88.2103,21.4678
502,-87.9663,21.5830
502,-87.7822,21.7433
502,-87.6956,21.9935
502,-87.6541,22.3187
502,-87.5974,22.7139
502,-87.5259,23.0941
502,-87.4344,23.3168
502,-87.2978,23.5695
502,-87.0914,23.9972
502,-86.8696,24.5449
502,-86.6610,25.1601
502,-86.5415,25.8204
502,-86.6117,26.4807
502,-86.7134,27.0958
502,-86.6944,27.5834
502,-86.5852,28.0712
502,-86.3865,28.6564
502,-86.1571,29.3466
502,-86.0149,30.2068
503,-91.6058,29.1041
503,-92.1457,29.4868
503,-92.4365,29.8919
503,-92.4844,30.3365
503,-92.6613,30.7463
503,-92.8232,31.1862
503,-92.9871,31.7110
503,-93.0619,32.2359
504,-78.3353,17.7034
504,-78.7329,17.7574
504,-79.1602,17.8415
504,-79.5726,18.0123
504,-79.9852,18.1795
504,-80.4127,18.2847
504,-80.9101,18.4176
504,-81.2971,18.5789
504,-81.6351,18.7556
504,-82.0052,18.9171
504,-82.3600,19.0937
504,-82.6801,19.3051
504,-82.9850,19.5317
504,-83.3383,19.7406
504,-83.6099,19.9698
504,-83.7224,20.2388
504,-84.0349,20.6078
504,-84.3244,20.9374
504,-84.5598,21.3459
504,-84.7719,21.6273
504,-84.9848,21.8839
504,-85.2399,22.1730
504,-85.5097,22.5220
504,-85.7796,22.9760
504,-86.0347,23.4601
504,-86.2476,23.8715
504,-86.4596,24.2981
504,-86.7295,24.7947
504,-86.9846,25.3362
504,-87.1845,25.9127
504,-87.3095,26.4742
504,-87.3670,26.9507
504,-87.3345,27.4123
504,-87.1735,27.8783
504,-87.0594,28.4503
504,-87.0719,28.6194
504,-87.0325,29.1091
504,-86.8968,29.7574
504,-86.8077,30.2852
504,-86.6218,30.7955
504,-86.2228,31.4298
504,-85.7467,32.0335
505,-78.0008,33.1630
505,-77.8119,33.2383
505,-77.6383,33.2386
505,-77.4920,33.2415
505,-77.3758,33.2143
505,-77.2570,33.1596
505,-77.2133,33.0900
505,-77.2872,33.0128
505,-77.4508,32.9657
505,-77.6439,33.0050
505,-77.8883,33.0414
505,-78.1113,33.0484
505,-78.2258,33.1171
505,-78.3223,33.2401
505,-78.3633,33.3928
505,-78.3844,33.5230
505,-78.3008,33.6684
505,-78.0871,33.8561
505,-77.7383,34.0441
505,-77.3019,34.1894
505,-76.7758,34.3198
505,-76.2461,34.4345
505,-75.6134,34.5955
505,-74.8263,34.8308
505,-73.9509,35.1712
505,-73.1274,35.6049
505,-72.1884,36.1469
505,-71.1405,36.6673
505,-69.7259,37.4225
505,-67.6775,38.5745
505,-65.3634,39.8982
505,-63.2584,41.1316
505,-61.2009,42.3739
505,-59.1432,43.6193
505,-57.0384,44.8496
506,-76.8790,26.4650
506,-77.2518,26.4752
506,-77.5962,26.4892
506,-77.7923,26.4500
506,-78.0134,26.4133
506,-78.2379,26.4161
506,-78.4306,26.4375
506,-78.5543,26.4496
506,-78.6478,26.4617
506,-78.7639,26.4738
506,-78.8651,26.4859
506,-78.9312,26.4980
506,-78.9823,26.5101
506,-79.0334,26.4922
506,-79.0995,26.5343
506,-79.1931,26.7164
506,-79.3167,26.9585
506,-79.4530,27.1555
506,-79.6339,27.3827
506,-79.8775,27.6798
506,-80.1511,28.0069
506,-80.4321,28.3265
506,-80.6683,28.6310
506,-80.8071,28.9006
507,-84.3169,28.4005
507,-84.9911,28.6235
507,-85.7237,28.8469
507,-86.3512,29.0624
507,-87.2306,29.4933
507,-88.2300,30.0557
507,-88.8374,30.4397
507,-89.5727,30.9774
507,-90.2442,31.4862
507,-90.7865,31.8164
507,-91.2510,32.1326
507,-91.7567,32.5460
507,-92.1578,33.0790
507,-92.3862,33.7570
507,-92.4646,34.5255
507,-92.4927,35.3135
507,-92.3714,36.0719
507,-92.0702,36.7253
507,-91.6782,37.3183
508,-83.1778,20.7961
508,-83.6968,21.3911
508,-84.1185,21.9310
508,-84.4947,22.5104
508,-84.9712,23.2050
508,-85.4926,23.9297
508,-86.0492,24.6044
508,-86.5905,25.2490
508,-87.0329,25.8656
508,-87.4884,26.4683
508,-88.0650,27.0855
508,-88.6863,27.6876
508,-89.3363,28.2645
508,-89.8842,28.8069
508,-90.2331,29.3166
508,-90.8821,30.0262
508,-91.3398,30.6297
508,-91.6800,31.1456
508,-92.0666,31.6202
508,-92.3779,32.0649
508,-92.5572,32.5318
508,-92.6758,32.9842
508,-92.8546,33.4089
508,-92.9737,33.8035
509,-82.9165,25.1476
509,-82.5569,25.6696
509,-82.1973,26.1915
509,-81.8724,26.6708
509,-81.5781,27.1353
509,-81.3115,27.6174
509,-81.0589,28.0791
509,-80.7993,28.5011
509,-80.5397,29.0230
509,-80.1675,29.6176
509,-79.7205,30.2668
509,-79.3049,30.9383
509,-78.8013,31.6107
509,-78.1211,32.2179
509,-77.3821,32.8545
509,-76.6844,33.5664
509,-76.0629,34.3983
509,-75.6741,35.4182
509,-75.1437,36.4422
509,-74.0745,37.2533
509,-72.8245,37.9860
509,-71.7474,38.7567
509,-70.7053,39.5299
509,-69.6838,40.3748
509,-68.5862,41.0737
510,-87.1491,26.5114
510,-87.2827,27.1539
510,-87.4310,27.7816
510,-87.6070,28.3391
510,-87.8129,28.8518
510,-88.0538,29.3594
510,-88.2948,29.8220
510,-88.4634,30.2519
510,-88.6767,30.5922
510,-88.9999,30.8370
510,-89.4585,30.9624
510,-90.0850,30.9704
510,-90.7404,30.9326
510,-91.2542,30.9148
510,-91.7223,31.0028
510,-92.2049,31.2808
510,-92.7042,31.6730
510,-93.1952,31.8581
511,-77.8166,29.5787
511,-78.0562,30.3233
511,-78.2946,31.0832
511,-78.6057,31.8706
511,-78.8726,32.6877
511,-79.0141,33.3874
511,-79.0506,34.3922
511,-79.0396,34.7445
511,-79.2601,35.6219
511,-79.7175,36.3490
511,-79.8868,37.2594
511,-79.9955,38.1535
511,-80.1699,38.9782
511,-80.3735,39.7581
512,-91.8209,28.3562
512,-91.1713,29.5769
512,-90.3217,30.5975
512,-89.1731,31.8611
512,-87.6224,33.2388
512,-85.7401,34.5128
513,-86.4480,29.2358
513,-85.9833,30.0003
513,-85.5799,30.7471
513,-85.2229,31.1722
513,-84.6871,31.7581
513,-84.0625,32.3442
513,-83.4107,32.9147
513,-82.7021,33.5162
513,-81.9817,34.2308
513,-81.1417,34.8882
514,-88.7455,24.2024
514,-88.7894,24.6387
514,-88.8479,25.0600
514,-88.9343,25.4113
514,-89.0504,25.7176
514,-89.2015,26.0189
514,-89.3528,26.2751
514,-89.4317,26.4987
514,-89.5552,26.6327
514,-89.7887,26.6712
514,-90.1576,26.5902
514,-90.6943,26.3919
514,-91.2600,26.1478
514,-91.6841,25.9237
514,-92.0624,25.8053
514,-92.4552,25.8771
514,-92.8648,26.0629
514,-93.2660,26.0417
514,-93.6648,26.0212
514,-94.0612,26.0014
514,-94.4552,25.9824
514,-94.8484,25.9644
514,-95.2396,25.9472
514,-95.6309,25.9312
514,-96.0205,25.9161
514,-96.4085,25.9018
514,-96.7975,25.8893
514,-97.1850,25.8777
514,-97.5739,25.8674
514,-97.9616,25.8580
514,-98.3483,25.8496
514,-98.7345,25.8414
514,-99.1196,25.8341
515,-90.2318,28.2108
515,-90.6402,28.5991
515,-90.7996,29.0099
515,-90.7160,29.4601
515,-90.7614,29.8756
515,-90.7918,30.3211
515,-90.8243,30.8515
515,-90.7675,31.3820
516,-88.2054,26.9232
516,-88.1835,27.6280
516,-88.4561,28.1962
516,-88.8590,28.8168
516,-89.3068,29.4692
516,-89.6473,30.1854
516,-89.9575,30.8422
516,-90.2684,31.3384
516,-90.6083,31.7152
516,-91.0041,32.0240
516,-91.4590,32.2882
517,-84.6720,25.3289
517,-84.2656,25.9101
517,-83.8591,26.4913
517,-83.4874,27.0299
517,-83.1462,27.5536
517,-82.8328,28.0950
517,-82.5334,28.6160
517,-82.2269,29.0972
517,-81.9205,29.6783
517,-81.5015,30.3323
517,-81.0076,31.0407
517,-80.5452,31.7714
517,-79.9947,32.5031
517,-79.2677,33.1696
518,-85.5957,23.2991
518,-86.0461,23.9699
518,-86.5719,24.7599
518,-87.0121,25.7253
518,-87.3482,26.7207
518,-87.5315,27.6122
518,-87.6245,28.3815
518,-87.7126,29.0119
518,-87.7007,29.4423
518,-87.6949,29.9413
518,-87.5770,30.4030
518,-87.2652,30.7334
518,-86.9533,30.9638
518,-86.5688,31.1749
518,-86.1296,31.3246
518,-85.6672,31.3625
518,-85.2059,31.3854
518,-84.7820,31.4884
519,-78.1780,22.1262
519,-78.7434,22.6828
519,-79.2254,23.2136
519,-79.2991,23.3072
519,-79.6344,23.5723
519,-80.1466,23.8946
519,-80.5811,24.2222
519,-80.9940,24.5820
519,-81.4253,25.0106
519,-81.8415,25.4694
519,-82.2230,25.9129
519,-82.5889,26.3568
519,-82.9631,26.7854
519,-83.3363,27.2442
519,-83.7326,27.7579
519,-84.0838,28.3315
519,-84.3233,28.9525
519,-84.5312,29.6189
519,-84.7744,30.2313
519,-85.0787,31.0063
519,-85.4527,31.9267
519,-85.8261,32.5937
519,-86.2361,33.1548
519,-86.5736,33.6811
519,-86.7357,34.3020
520,-87.2723,26.4498
520,-87.5328,26.9210
520,-87.7180,27.4525
520,-87.8879,27.9740
520,-87.9637,28.5552
520,-87.9027,29.2138
520,-87.8093,29.9579
520,-87.7341,30.7766
520,-87.6550,31.6607
520,-87.3779,32.4782
520,-87.0007,33.2634
520,-86.6804,34.0647
520,-86.3464,34.8661
521,-53.5584,22.5038
521,-54.3784,22.8512
521,-55.1682,23.1692
521,-55.9309,23.4316
521,-56.6781,23.6347
521,-57.4256,23.7970
521,-58.1879,23.9001
521,-58.9779,23.9550
521,-59.7978,23.9656
521,-60.6450,23.9705
521,-61.5076,23.9310
521,-62.3625,23.8359
521,-63.2174,23.6965
521,-64.0798,23.5365
521,-64.9273,23.3619
521,-65.7394,23.2017
521,-66.5371,23.0274
521,-67.3495,22.8099
521,-68.1469,22.5928
521,-68.9091,22.4102
521,-69.6568,22.2583
521,-70.4117,22.1182
521,-71.1666,22.0237
521,-71.9288,21.9913
521,-72.6765,21.9892
521,-73.2254,21.9573
521,-74.0863,21.9546
521,-75.0723,21.9829
521,-75.4962,22.0201
521,-76.1497,22.1069
521,-76.9060,22.1855
521,-77.7292,22.2181
521,-78.4158,22.2510
521,-79.1617,22.2765
521,-79.9257,22.3164
521,-80.6882,22.3765
521,-81.4355,22.4819
521,-82.1555,22.6344
521,-82.8454,22.8473
521,-83.5152,23.1223
521,-84.1552,23.4128
521,-84.7089,23.6282
521,-85.3651,23.8782
521,-86.1287,24.1614
521,-86.4749,24.2436
521,-86.9276,24.4607
521,-87.3847,24.7091
521,-87.7973,24.8917
521,-88.1946,25.0745
521,-88.5995,25.2997
521,-89.0044,25.5400
521,-89.4095,25.7652
521,-89.8143,26.0054
521,-90.2117,26.2881
521,-90.6241,26.5709
521,-91.0567,26.8110
521,-91.5339,27.0363
521,-92.0738,27.2766
521,-92.6438,27.5018
521,-93.1839,27.6917
521,-93.7536,27.8672
521,-94.3936,28.0499
521,-95.0635,28.2327
521,-95.7187,28.4002
521,-96.3733,28.5981
521,-97.0358,28.8582
521,-97.6831,29.1636
521,-98.3108,29.4737
521,-98.8930,29.8290
521,-99.4280,30.2466
521,-99.9028,30.6945
521,-100.3202,31.0731
521,-100.7127,31.5599
522,-89.8672,29.1670
522,-89.9119,29.7526
522,-90.2513,30.2017
522,-90.7210,30.7032
522,-91.2355,31.2365
523,-78.8413,26.7935
523,-79.3398,26.9829
523,-79.7812,27.2134
523,-80.1370,27.4933
523,-80.4308,27.8033
523,-80.6343,28.2037
523,-80.7407,28.7436
523,-80.8315,29.3140
523,-81.0154,29.7692
523,-81.2288,30.2244
523,-81.4939,30.7347
523,-81.6260,31.3348
523,-81.4509,32.1124
523,-81.1232,32.8451
523,-80.8585,33.2876
523,-80.5205,33.6555
523,-80.0928,34.1153
523,-79.5177,34.6659
524,-86.1274,21.5337
524,-86.6380,22.1520
524,-87.2241,22.8896
524,-87.7244,23.8025
524,-88.1207,24.7454
524,-88.3641,25.5844
524,-88.5173,26.3012
524,-88.6656,26.8791
524,-88.7140,27.2570
524,-88.7683,27.7036
524,-88.7106,28.1128
524,-88.4589,28.3907
524,-88.2072,28.5686
524,-87.8829,28.7271
524,-87.5038,28.8244
524,-87.1017,28.8098
524,-86.7005,28.7802
524,-86.3368,28.8308
524,-85.9971,28.9360
524,-85.6204,28.9640
524,-85.2246,28.9941
524,-84.8095,29.0263
524,-84.3764,29.0604
524,-83.9246,29.0966
524,-83.4559,29.1343
524,-82.9512,29.1757
524,-82.4279,29.2193
524,-81.8838,29.2650
524,-81.3224,29.3129
524,-80.7406,29.3629
524,-80.1419,29.4138
524,-79.5232,29.4668
524,-78.8883,29.5203
524,-78.2384,29.5750
524,-77.5693,29.6315
524,-76.8859,29.6886
524,-76.1887,29.7443
524,-75.4732,29.8017
524,-74.7468,29.8567
524,-74.0108,29.9093
524,-73.2664,29.9595
524,-72.5054,30.0107
524,-71.7379,30.0590
524,-70.9651,30.1038
524,-70.1873,30.1445
524,-69.3210,30.1969
524,-68.4498,30.2447
524,-67.5744,30.2866
524,-66.6977,30.3210
524,-65.8210,30.3473
524,-64.9449,30.3665
524,-64.0705,30.3796
524,-63.1997,30.3863
524,-62.3162,30.3925
524,-61.4393,30.3907
524,-60.5695,30.3824
524,-59.7083,30.3704
524,-58.8561,30.3557
524,-58.0140,30.3383
524,-57.1836,30.3179
524,-56.3446,30.2966
524,-55.5178,30.2752
524,-54.7022,30.2549
524,-53.8986,30.2336
524,-53.1094,30.2114
524,-52.3366,30.1868
524,-51.5580,30.1614
524,-50.7977,30.1324
524,-50.0547,30.1028
524,-49.4125,30.0545
524,-48.7672,30.0052
524,-48.1360,29.9544
524,-47.5022,29.9027
524,-46.8817,29.8461
524,-46.2763,29.7842
524,-45.6690,29.7214
524,-45.0773,29.6540
524,-44.5015,29.5801
524,-43.9244,29.5054
524,-43.3629,29.4224
524,-42.8004,29.3386
524,-42.2525,29.2444
524,-41.7041,29.1494
524,-41.1715,29.0458
524,-40.6967,28.9270
524,-40.2361,28.8018
524,-39.7756,28.6759
524,-39.3309,28.5432
524,-38.8866,28.4098
524,-38.4560,28.2730
524,-38.0259,28.1356
524,-37.6068,27.9980
524,-37.2244,27.8518
524,-36.8425,27.7052
524,-36.4661,27.5608
524,-36.0903,27.4161
524,-35.7183,27.2738
524,-35.3468,27.1313
524,-34.9759,26.9888
525,-76.8113,23.9711
525,-77.6160,23.9665
525,-78.5207,23.9619
525,-79.4131,23.9445
525,-80.3301,23.9527
525,-81.3148,24.0480
525,-81.3395,24.0434
525,-82.2442,24.1388
525,-83.1943,24.2208
525,-84.1536,24.3296
525,-85.1231,24.5096
525,-86.0630,24.7203
525,-86.9482,24.9002
525,-87.7724,25.1111
525,-88.5497,25.3910
525,-89.2818,25.7019
525,-90.0317,25.9898
525,-90.6912,26.2926
526,-85.8927,22.7787
526,-86.2826,23.5358
526,-86.7480,24.4121
526,-87.1276,25.4638
526,-87.4032,26.5455
526,-87.5260,27.5234
526,-87.5585,28.3790
526,-87.5861,29.0957
526,-87.5137,29.6124
526,-87.4474,30.1978
526,-87.2690,30.7459
526,-86.8966,31.1626
526,-86.5242,31.4793
526,-86.0793,31.7766
526,-85.5795,32.0127
526,-85.0566,32.1370
526,-84.5348,32.2462
526,-84.0504,32.4355
526,-83.5900,32.6796
526,-83.0926,32.8463
526,-82.5671,33.0133
527,-86.4277,27.4669
527,-86.2071,28.0155
527,-85.8675,28.5194
527,-85.4137,29.1561
527,-84.9073,29.7719
527,-84.3772,30.3481
527,-83.9471,31.0244
527,-83.4575,31.6742
527,-82.8870,32.2769
527,-82.2435,32.8178
527,-81.5268,33.3293
527,-80.7906,33.8548
527,-79.9666,34.3818
527,-79.0374,34.8924
527,-78.0064,35.4343
528,-85.8406,21.9750
528,-86.5722,22.1360
528,-87.2571,22.2675
528,-87.8805,22.4983
528,-88.4735,22.7600
528,-89.0820,23.0135
528,-89.6900,23.2525
528,-90.3062,23.4485
528,-90.9065,23.6450
528,-91.4723,23.8909
528,-92.0229,24.1375
528,-92.5812,24.3635
528,-93.1394,24.5299
528,-93.7354,24.5988
528,-94.2558,24.6224
528,-94.6018,24.6532
528,-94.8723,24.7149
528,-95.2029,24.8537
528,-95.4888,25.0074
528,-95.6325,25.0883
528,-95.8052,25.1999
528,-96.1757,25.4238
528,-96.6217,25.6924
528,-97.0374,25.9535
528,-97.4381,26.1848
528,-97.7817,26.3532
528,-98.1546,26.4773
528,-98.6482,26.5662
528,-99.1710,26.6698
528,-99.6367,26.8583
528,-100.0875,27.0623
528,-100.5430,27.2240
528,-101.0040,27.3548
528,-101.4622,27.5260
528,-101.9172,27.6935
528,-102.3689,27.8571
529,-86.2263,25.3580
529,-86.7111,25.2490
529,-87.2705,25.1243
529,-87.7001,25.0423
529,-88.1147,24.9907
529,-88.6019,24.9515
529,-89.0590,24.9571
529,-89.3444,24.9721
529,-89.7032,25.1234
529,-90.3719,25.5195
529,-91.1474,25.9898
529,-91.8269,26.3901
529,-92.4917,26.6561
529,-93.1795,26.6992
529,-93.8359,26.6225
529,-94.4832,26.5483
529,-94.9801,26.4889
529,-95.2271,26.4993
529,-95.3243,26.5552
529,-95.4414,26.6308
529,-95.4686,26.7216
529,-95.3707,26.8048
529,-95.2128,26.8879
529,-95.1074,26.9785
529,-94.9570,27.0543
529,-94.6867,27.1101
529,-94.4013,27.1207
529,-94.1933,27.0838
529,-94.0455,26.9870
529,-93.9225,26.8502
529,-93.8897,26.6534
529,-93.9820,26.3790
529,-94.1339,26.1197
529,-94.2660,25.9679
529,-94.3782,25.8861
529,-94.5003,25.6943
529,-94.6004,25.5094
529,-94.6785,25.3314
529,-94.7348,25.1603
529,-94.7694,24.9962
529,-94.7966,24.8378
529,-94.8050,24.6860
529,-94.7947,24.5409
529,-94.7659,24.4024
529,-94.7185,24.2705
529,-94.6528,24.1452
529,-94.5688,24.0265
529,-94.5023,23.9116
529,-94.4206,23.8030
529,-94.3239,23.7007
529,-94.2121,23.6046
529,-94.0854,23.5147
529,-93.9477,23.4284
529,-93.7956,23.3481
529,-93.6291,23.2737
529,-93.4483,23.2052
529,-93.2534,23.1424
529,-93.0446,23.0854
529,-92.8911,23.0284
529,-92.7266,22.9768
529,-92.5512,22.9305
529,-92.3651,22.8896
529,-92.1684,22.8539
529,-91.9612,22.8234
529,-91.7481,22.7947
529,-91.5248,22.7711
529,-91.2916,22.7523
530,-85.4375,23.1709
530,-85.8983,23.7088
530,-86.4345,24.3660
530,-86.8849,25.1985
530,-87.2314,26.0611
530,-87.4250,26.8198
530,-87.5284,27.4562
530,-87.6269,27.9538
530,-87.6253,28.2513
530,-87.6298,28.6176
530,-87.5223,28.9464
530,-87.2208,29.1440
530,-86.9193,29.2416
530,-86.5451,29.3198
530,-86.1162,29.3367
530,-85.6642,29.2417
530,-85.2132,29.1318
530,-84.7996,29.1020
530,-84.4101,29.1269
530,-83.9836,29.0745
530,-83.5397,29.0256
530,-83.0783,28.9802
530,-82.6008,28.9383
530,-82.1064,28.8999
530,-81.5973,28.8647
530,-81.0717,28.8329
530,-80.5321,28.8038
530,-79.9766,28.7780
530,-79.4078,28.7545
530,-78.8235,28.7342
530,-78.2275,28.7161
530,-77.6165,28.7011
530,-76.9950,28.6879
530,-76.3639,28.6753
530,-75.7187,28.6655
530,-75.0655,28.6557
530,-74.4045,28.6454
530,-73.7303,28.6374
530,-73.0496,28.6284
530,-72.3641,28.6175
530,-71.6665,28.6086
530,-70.9654,28.5975
530,-70.2607,28.5830
530,-69.5450,28.5700
530,-68.8281,28.5524
531,-87.0474,24.0813
531,-87.1340,24.6993
531,-87.2354,25.3022
531,-87.3646,25.8351
531,-87.5235,26.3231
531,-87.7174,26.8061
531,-87.9115,27.2440
531,-88.0333,27.6492
531,-88.1996,27.9649
531,-88.4759,28.1850
531,-88.8876,28.2858
531,-89.4672,28.2691
531,-90.0757,28.2066
531,-90.5425,28.1642
531,-90.9637,28.2275
531,-91.3993,28.4809
531,-91.8518,28.8484
531,-92.2958,29.0088
531,-92.7328,29.1649
531,-93.1608,29.3155
531,-93.5824,29.4614
531,-93.9965,29.6024
532,-86.0508,22.0974
532,-86.8797,22.4772
532,-87.6619,22.8275
532,-88.3826,23.2770
532,-89.0730,23.7575
532,-89.7788,24.2298
532,-90.4842,24.6876
532,-91.1977,25.1024
532,-91.8953,25.5176
532,-92.5585,25.9823
532,-93.2064,26.4477
532,-93.8620,26.8924
532,-94.5175,27.2777
532,-95.2109,27.5654
532,-95.8287,27.8077
532,-96.2720,28.0574
532,-96.6398,28.3378
532,-97.0677,28.6954
532,-97.4509,29.0678
532,-97.6920,29.3675
533,-88.4341,29.8625
533,-88.3211,29.8805
533,-88.2289,29.8261
533,-88.0262,29.7080
533,-87.8237,29.5897
533,-87.7062,29.5490
533,-87.6186,29.5534
533,-87.5085,29.5777
533,-87.4134,29.6170
533,-87.3458,29.6488
533,-87.3082,29.6806
533,-87.2981,29.7050
533,-87.3031,29.7443
533,-87.3079,29.8111
533,-87.2979,29.9079
533,-87.2826,30.0322
533,-87.1927,30.1715
533,-86.9478,30.2735
533,-86.6875,30.4352
533,-86.5772,30.7744
533,-86.4824,31.0988
534,-71.9773,24.6589
534,-72.8303,24.7246
534,-73.6375,24.8050
534,-74.2827,24.9624
534,-74.8977,25.1512
534,-75.6354,25.3170
534,-76.3579,25.4974
534,-76.9832,25.6978
534,-77.5181,25.9436
534,-77.9800,26.1871
534,-78.3783,26.5898
534,-78.7816,27.1060
534,-79.2385,27.5360
534,-79.7411,28.0477
534,-80.1987,28.5822
534,-80.5243,29.0901
534,-80.7590,29.6284
534,-80.9984,30.2214
534,-81.1192,30.8746
534,-81.0668,31.5751
534,-80.8794,32.3208
534,-80.5254,33.1472
534,-80.3396,33.8670
534,-80.4197,33.9401
534,-80.1478,34.6447
534,-79.3799,35.7863
534,-78.7442,36.8687
534,-78.0401,38.0324
534,-77.2159,39.3659
534,-76.4003,40.5786
534,-75.7528,41.4054
535,-79.8851,31.7188
535,-80.0421,32.4883
535,-79.9747,33.4634
535,-79.7560,34.5272
535,-79.5425,35.5116
535,-79.2699,36.4661
535,-78.9434,37.3933
535,-78.5839,38.3051
535,-78.2908,39.2495
535,-77.9774,40.1725
536,-86.4663,19.5370
536,-86.8656,19.9880
536,-87.2643,20.3501
536,-87.6296,20.6433
536,-87.9990,21.0784
536,-88.2937,21.4985
536,-88.4783,21.8061
536,-88.5577,22.0538
536,-88.5548,22.3040
536,-88.5218,22.5091
536,-88.5238,22.6742
536,-88.5858,22.7643
536,-88.7378,22.7719
536,-88.9499,22.7196
536,-89.1518,22.6622
536,-89.4139,22.5748
536,-89.7810,22.4675
536,-90.1780,22.3301
536,-90.5065,22.1849
536,-90.8420,21.9853
536,-91.2240,21.7130
536,-91.5061,21.4406
536,-91.7076,21.1313
536,-91.8701,20.7959
536,-92.1271,20.4985
536,-92.3814,20.2067
536,-92.6329,19.9205
536,-92.8865,19.6397
536,-93.1389,19.3644
536,-93.3903,19.0941
536,-93.6486,18.8286
536,-93.9070,18.5683
536,-94.1655,18.3133
536,-94.4247,18.0624
536,-94.6955,17.8169
536,-94.9676,17.5765
536,-95.2409,17.3411
536,-95.5159,17.1088
536,-95.8065,16.8833
536,-96.0994,16.6629
536,-96.3944,16.4474
537,-87.2128,23.3748
537,-87.5592,23.4113
537,-87.9397,23.4888
537,-88.3458,23.5457
537,-88.7666,23.6028
537,-89.1803,23.6521
537,-89.5935,23.7167
537,-90.0071,23.8086
537,-90.4204,23.9307
537,-90.8341,24.0725
537,-91.2473,24.2446
537,-91.6685,24.4366
537,-92.0742,24.6586
537,-92.4529,24.9080
537,-92.8011,25.1725
537,-93.1503,25.3954
537,-93.4280,25.6865
537,-93.6613,26.0875
537,-93.9549,26.5004
537,-94.0249,26.9080
537,-93.9818,27.3144
537,-93.9750,27.7288
537,-93.9087,28.1284
537,-93.7964,28.4925
537,-93.5356,28.8423
537,-93.0517,29.1921
537,-92.4625,29.5563
537,-91.9399,29.9478
537,-91.3894,30.3702
537,-90.8222,30.7210
537,-90.1163,31.2842
537,-89.1674,32.2666
537,-88.0432,33.4981
537,-87.2067,34.2801
537,-86.3733,35.0456
537,-85.5424,35.7952
537,-84.7071,36.5293
537,-83.8623,37.2482
537,-83.0027,37.9519
537,-82.1354,38.6417
537,-81.2463,39.3149
538,-69.9936,24.2901
538,-70.5928,24.7549
538,-71.2072,25.2046
538,-71.7722,25.5691
538,-72.3208,25.9191
538,-72.8781,26.3037
538,-73.4344,26.7337
538,-74.0284,27.2261
538,-74.5480,27.7482
538,-74.8786,28.2326
538,-75.1616,28.7627
538,-75.6194,29.3679
538,-75.9752,30.0773
538,-76.0180,30.8748
538,-75.8888,31.7918
538,-75.8430,32.6237
538,-75.5024,34.0064
538,-75.0819,35.4831
538,-74.6160,36.8209
538,-73.7670,38.3811
538,-73.0296,40.2354
538,-71.8070,42.0951
538,-70.3431,43.7500
538,-69.3256,45.1665
539,-90.4620,26.2984
539,-91.0002,26.9489
539,-91.5709,27.5807
539,-91.9640,27.9951
539,-92.2799,28.5630
539,-92.5268,29.2675
539,-92.5888,29.7453
539,-92.5168,30.3552
539,-92.2977,31.0276
540,-86.4108,29.8307
540,-85.7757,30.6426
540,-85.2019,31.4369
540,-84.6745,31.9095
540,-83.9683,32.5428
540,-83.1733,33.1765
540,-82.3511,33.7945
540,-81.4721,34.4434
540,-80.5813,35.2055
541,-78.6558,18.5075
541,-79.4065,18.8922
541,-80.1716,19.2621
541,-80.8947,19.6391
541,-81.5873,20.0167
541,-82.2530,20.3936
541,-82.9031,20.7713
541,-83.5615,21.1334
541,-84.2188,21.5260
541,-84.9200,22.1093
541,-85.5346,22.4806
541,-85.5425,22.5579
541,-86.0807,22.9550
541,-86.8582,23.7125
541,-87.5001,24.1776
541,-88.0740,24.5671
541,-88.5898,24.9515
541,-89.0897,25.3218
541,-89.6477,25.7065
541,-90.2055,26.0764
541,-90.7286,26.4184
541,-91.2212,26.7310
541,-91.6943,27.0231
541,-92.1370,27.2856
541,-92.5674,27.5278
541,-92.9527,27.7402
541,-93.2832,27.9249
541,-93.5685,28.0948
541,-93.8040,28.2718
541,-94.0842,28.4495
541,-94.5194,28.6419
541,-95.0000,28.8041
541,-95.4305,28.8963
541,-95.8157,28.9587
541,-96.1536,29.0359
541,-96.4315,29.1133
541,-96.6543,29.1907
541,-96.8472,29.2679
541,-97.1051,29.3453
541,-97.3613,29.4208
541,-97.6170,29.4946
541,-97.8717,29.5667
541,-98.1253,29.6371
541,-98.3803,29.7058
541,-98.6348,29.7728
541,-98.8887,29.8381
542,-86.1315,19.8801
542,-86.3292,20.4445
542,-86.5262,20.9199
542,-86.6899,21.3264
542,-86.8577,21.8750
542,-86.9507,22.4084
542,-86.9337,22.8294
542,-86.8115,23.1904
542,-86.6070,23.5540
542,-86.3723,23.8724
542,-86.1726,24.1509
542,-86.0331,24.3544
542,-85.9834,24.4754
542,-85.9938,24.5364
542,-85.9942,24.5924
542,-86.0546,24.6184
542,-86.2200,24.6245
542,-86.4154,24.6004
542,-86.5422,24.5686
542,-86.6762,24.4824
542,-86.8566,24.3234
542,-86.9369,24.1644
542,-86.9369,23.9685
542,-86.8977,23.7464
542,-86.9531,23.5624
542,-87.0039,23.3818
542,-87.0501,23.2045
542,-87.0918,23.0305
542,-87.1363,22.8600
542,-87.1785,22.6917
542,-87.2181,22.5267
542,-87.2551,22.3647
542,-87.2895,22.2059
542,-87.3213,22.0502
542,-87.3693,21.8979
542,-87.4164,21.7487
542,-87.4629,21.6026
542,-87.5085,21.4596
542,-87.5535,21.3197
542,-87.5977,21.1828
542,-87.6412,21.0490
542,-87.7136,20.9184
542,-87.7869,20.7908
542,-87.8611,20.6663
542,-87.9362,20.5447
542,-88.0122,20.4260
542,-88.0891,20.3103
542,-88.1668,20.1974
542,-88.2459,20.0872
542,-88.3643,19.9814
542,-88.4848,19.8785
542,-88.6076,19.7783
542,-88.7325,19.6810
543,-77.4406,30.2780
543,-77.5913,30.8771
543,-77.7406,31.4914
543,-77.9627,32.1332
543,-78.1406,32.8047
543,-78.1932,33.3589
543,-78.1406,34.2181
543,-78.0406,34.4248
543,-78.1722,35.1566
543,-78.5406,35.7381
543,-78.6209,36.5029
543,-78.6406,37.2515
543,-78.7260,37.9306
543,-78.8406,38.5648
544,-78.0450,33.0829
544,-78.0504,33.3243
544,-78.0596,33.5515
544,-78.1552,33.8058
544,-77.9743,33.9200
544,-77.8146,34.0361
544,-77.6889,34.1886
544,-77.5187,34.3727
544,-77.3036,34.5571
544,-77.0332,34.6988
544,-76.7182,34.8257
544,-76.3828,34.9524
544,-76.0329,35.0942
544,-75.7122,35.2631
544,-75.3475,35.4628
544,-74.9282,35.6587
544,-74.3622,35.9313
544,-73.5728,36.3434
544,-72.6768,36.7998
544,-71.8325,37.1834
544,-70.9915,37.5684
544,-70.2339,37.9620
544,-69.3061,38.4369
544,-67.9765,39.0490
544,-66.4208,39.7055
544,-64.9333,40.2841
544,-63.2354,40.8740
544,-61.0677,41.5951
544,-58.8501,42.1426
544,-57.0769,42.3125
544,-55.4647,42.2111
544,-53.8779,41.9018
544,-52.0794,41.5797
544,-49.6859,41.5571
544,-47.1940,41.4482
544,-45.1003,40.9945
544,-43.3087,40.3168
544,-41.1160,40.0010
544,-38.9467,39.6915
544,-36.8020,39.3869
544,-34.6835,39.0860
544,-32.6047,38.7862
544,-30.5562,38.4879
544,-28.5380,38.1913
544,-26.5497,37.8961
544,-24.6100,37.6021
544,-22.7001,37.3068
544,-20.8186,37.0109
544,-18.9787,36.7225
544,-17.1599,36.4401
544,-15.3653,36.1649
544,-13.5843,35.9095
544,-11.8100,35.7010
545,-88.8505,25.2016
545,-89.2444,25.3185
545,-89.6724,25.4765
545,-90.1259,25.6138
545,-90.5942,25.7513
545,-91.0554,25.8811
545,-91.5161,26.0262
545,-91.9772,26.1985
545,-92.4380,26.4010
545,-92.8992,26.6233
545,-93.3599,26.8759
545,-93.8285,27.1483
545,-94.2818,27.4507
545,-94.7079,27.7806
545,-95.1036,28.1256
545,-95.5004,28.4289
545,-95.8255,28.8004
545,-96.1063,29.2819
545,-96.4474,29.7753
545,-96.5648,30.2633
545,-96.5693,30.7501
545,-96.6099,31.2450
545,-96.5912,31.7250
546,-77.4948,29.3515
546,-77.7102,29.7625
546,-77.9243,30.1886
546,-78.2112,30.6423
546,-78.4539,31.1257
546,-78.5713,31.4917
546,-78.5835,32.1628
546,-78.5483,32.1813
546,-78.7446,32.7250
546,-79.1779,33.1184
546,-79.3229,33.6951
546,-79.4075,34.2555
546,-79.5576,34.7465
546,-79.7371,35.1926
546,-79.9447,35.6186
546,-80.1667,36.0297
547,-90.1617,28.7625
547,-89.7079,29.8397
547,-89.0540,30.7170
547,-88.1012,31.8372
547,-86.7462,33.0715
547,-85.0597,34.2021
547,-82.9385,35.3260
548,-88.5268,28.6698
548,-88.4619,28.8405
548,-88.3371,29.1324
548,-88.1338,29.5233
548,-87.8875,29.9161
548,-87.6275,30.2654
548,-87.3379,30.5999
548,-87.0428,30.9415
548,-86.6883,31.2836
548,-86.2729,31.6175
548,-85.7387,31.9673
548,-85.0590,32.3592
548,-84.2891,32.7511
549,-87.8358,27.9955
549,-88.0347,28.8440
549,-88.0452,29.6282
549,-87.9995,30.5020
549,-87.6545,31.1609
549,-87.1593,31.9515
549,-86.6639,32.9936
549,-86.2037,33.9793
550,-88.3239,23.0603
550,-88.7411,23.0722
550,-89.2327,23.0685
550,-89.5946,23.1073
550,-89.9415,23.1767
550,-90.3610,23.2584
550,-90.7503,23.3849
550,-90.9680,23.5209
550,-91.2591,23.7931
550,-91.8601,24.3101
550,-92.5679,24.9013
550,-93.1796,25.4225
550,-93.7767,25.8095
550,-94.3968,25.9735
550,-94.9855,26.0177
550,-95.5651,26.0644
550,-95.9943,26.1259
550,-96.1736,26.2572
550,-96.2031,26.4341
550,-96.2524,26.6306
550,-96.2119,26.8423
550,-96.0463,27.0464
550,-95.8207,27.2505
550,-95.6475,27.4619
550,-95.4295,27.6587
550,-95.0915,27.8354
550,-94.7383,27.9669
550,-94.4626,28.0509
550,-94.2471,28.0751
550,-94.0564,28.0591
550,-93.9559,27.9833
550,-93.9804,27.8299
550,-94.0647,27.6915
550,-94.1290,27.6606
550,-94.1735,27.6997
550,-94.2278,27.6288
550,-94.2556,27.5629
550,-94.2567,27.5020
550,-94.2312,27.4462
550,-94.1792,27.3954
550,-94.1008,27.3496
550,-93.9971,27.3080
550,-93.8672,27.2713
550,-93.7113,27.2395
550,-93.5295,27.2125
550,-93.3218,27.1903
550,-93.0884,27.1728
550,-92.8314,27.1585
550,-92.5491,27.1488
550,-92.2416,27.1437
550,-91.9090,27.1432
550,-91.5542,27.1446
550,-91.1748,27.1504
550,-90.7710,27.1604
550,-90.3474,27.1719
550,-89.9000,27.1874
550,-89.4341,27.2041
550,-88.9449,27.2247
550,-88.4385,27.2466
550,-87.9093,27.2722
550,-87.3641,27.2987
550,-86.7969,27.3287
550,-86.2152,27.3593
550,-85.6122,27.3934
550,-84.9974,27.4275
550,-84.3732,27.4613
550,-83.7291,27.4982
550,-83.0763,27.5355
550,-82.4148,27.5737
551,-76.6499,26.1621
551,-77.2974,26.1611
551,-78.0450,26.1601
551,-78.7803,26.1463
551,-79.5401,26.1581
551,-80.3677,26.2570
551,-80.2353,26.2560
551,-80.9828,26.3550
551,-81.7758,26.4406
551,-82.5779,26.5530
551,-83.3904,26.7366
551,-84.1731,26.9509
551,-84.9012,27.1344
551,-85.5682,27.3489
551,-86.1884,27.6324
551,-86.7633,27.9469
551,-87.3561,28.2384
551,-87.8585,28.5448
551,-88.2015,28.8858
551,-88.4536,29.2428
551,-88.7429,29.5635
551,-88.9488,29.9408
551,-89.0336,30.4154
551,-89.0439,30.8387
552,-90.5344,25.7462
552,-91.0265,26.4507
552,-91.5512,27.1366
552,-91.8981,27.6050
552,-92.1679,28.2269
552,-92.3688,28.9854
552,-92.3847,29.5172
552,-92.2667,30.1812
552,-92.0015,30.9075
552,-91.6900,31.6348
553,-85.5056,19.9160
553,-85.4868,20.2379
553,-85.4379,20.5299
553,-85.3616,20.8018
553,-85.2702,21.0438
553,-85.1937,21.2657
553,-85.1024,21.4577
553,-84.9910,21.6221
553,-84.8347,21.7716
553,-84.6382,21.9285
553,-84.3669,22.0855
553,-84.0546,22.2627
553,-83.5992,22.3995
553,-82.9653,22.4564
553,-82.5314,22.5134
553,-81.7919,22.5380
553,-80.9637,22.5273
553,-80.3422,22.4913
553,-79.7959,22.4412
553,-79.2395,22.3906
553,-78.7282,22.3551
553,-78.2769,22.3522
553,-77.8604,22.3690
553,-77.3766,22.3510
553,-76.9012,22.3339
553,-76.4345,22.3175
553,-75.9763,22.3020
553,-75.5268,22.2870
553,-75.0859,22.2728
553,-74.6535,22.2592
553,-74.2297,22.2463
553,-73.8143,22.2342
553,-73.4081,22.2236
553,-73.0104,22.2138
553,-72.6219,22.2057
553,-72.2420,22.1986
553,-71.8706,22.1923
553,-71.5079,22.1879
553,-71.1537,22.1844
553,-70.8079,22.1818
553,-70.4708,22.1804
553,-70.1420,22.1799
553,-69.8214,22.1804
553,-69.5099,22.1826
553,-69.2065,22.1857
553,-68.9112,22.1897
553,-68.6249,22.1959
553,-68.3466,22.2030
553,-68.0761,22.2111
553,-67.8150,22.2217
553,-67.5616,22.2333
553,-67.3158,22.2458
553,-67.0776,22.2593
553,-66.8485,22.2729
553,-66.6268,22.2874
553,-66.4124,22.3028
553,-66.2051,22.3192
553,-66.0050,22.3363
553,-65.8154,22.3499
553,-65.6327,22.3641
553,-65.4569,22.3791
553,-65.2877,22.3948
553,-65.1251,22.4113
553,-64.9690,22.4284
553,-64.8258,22.4422
553,-64.6890,22.4567
553,-64.5583,22.4717
553,-64.4337,22.4873
553,-64.3149,22.5034
553,-64.2019,22.5201
553,-64.0945,22.5373
553,-64.0002,22.5493
553,-63.9113,22.5617
553,-63.8277,22.5745
553,-63.7491,22.5877
553,-63.6755,22.6013
553,-63.6067,22.6152
553,-63.5424,22.6295
553,-63.4827,22.6442
553,-63.4271,22.6592
553,-63.3757,22.6745
553,-63.3283,22.6900
553,-63.2846,22.7059
553,-63.2445,22.7221
553,-63.2078,22.7385
553,-63.1743,22.7552
553,-63.1439,22.7721
553,-63.1164,22.7893
553,-63.0996,22.7961
553,-63.0854,22.8031
553,-63.0736,22.8102
553,-63.0639,22.8174
553,-63.0563,22.8247
553,-63.0505,22.8322
553,-63.0463,22.8397
553,-63.0435,22.8473
553,-63.0420,22.8549
553,-63.0415,22.8626
553,-63.0420,22.8704
553,-63.0430,22.8782
553,-63.0446,22.8860
553,-63.0464,22.8938
553,-63.0484,22.9017
554,-83.8287,26.3966
554,-83.5694,26.9830
554,-83.3100,27.5694
554,-83.0855,28.1133
554,-82.8914,28.6423
554,-82.7251,29.1888
554,-82.5727,29.7151
554,-82.4134,30.2015
554,-82.2541,30.7879
554,-81.9821,31.4471
554,-81.6354,32.1608
554,-81.3201,32.8967
554,-80.9167,33.6336
554,-80.3368,34.3053
554,-79.6981,35.0065
554,-79.1007,35.7829
554,-78.5794,36.6793
554,-78.2908,37.7636
554,-77.8608,38.8522
554,-76.8918,39.7277
554,-75.7421,40.5250
554,-74.7652,41.3602
554,-73.8234,42.1979
554,-72.9021,43.1073
554,-71.9048,43.8707
554,-70.7139,44.2823
554,-69.4861,44.5435
555,-86.3355,24.4964
555,-86.4326,24.9818
555,-86.5445,25.4523
555,-86.6842,25.8527
555,-86.8536,26.2082
555,-87.0580,26.5587
555,-87.2626,26.8641
555,-87.3948,27.1368
555,-87.5716,27.3200
555,-87.8584,27.4076
555,-88.2806,27.3759
555,-88.8707,27.2267
555,-89.4897,27.0317
555,-89.9670,26.8568
555,-90.3987,26.7876
555,-90.8448,26.9085
555,-91.3077,27.1435
555,-91.7622,27.1715
555,-92.2102,27.1982
555,-92.6524,27.2237
555,-93.0886,27.2479
555,-93.5186,27.2709
555,-93.9451,27.2927
555,-94.3659,27.3133
555,-94.7847,27.3334
555,-95.1983,27.3524
555,-95.6111,27.3720
555,-96.0193,27.3906
555,-96.4229,27.4083
555,-96.8270,27.4275
555,-97.2270,27.4460
555,-97.6282,27.4662
555,-98.0257,27.4859
555,-98.4195,27.5050
555,-98.8147,27.5251
555,-99.2066,27.5447
555,-99.5988,27.5627
555,-99.9878,27.5802
556,-92.2466,27.9569
556,-91.8524,28.0012
556,-91.4437,28.2011
556,-91.0423,28.5548
556,-90.6407,28.9454
556,-90.6880,29.4083
556,-91.0378,29.7896
556,-91.1894,29.8367
556,-91.2348,29.7339
556,-91.1207,29.6560
556,-90.9319,29.5781
556,-90.7955,29.5502
556,-90.6289,29.5224
556,-90.4074,29.4445
556,-90.1260,29.3666
556,-89.8271,29.3310
557,-91.0207,27.3274
557,-90.5502,28.5317
557,-89.8797,29.5359
557,-88.9103,30.7832
557,-87.5387,32.1444
557,-85.8356,33.4020
557,-83.6978,34.6529
557,-81.2207,35.9622
557,-78.3568,37.1614
557,-75.2195,38.1145
557,-71.9158,38.8699
557,-68.9703,39.9242
557,-66.0407,40.9631
557,-63.1224,41.9875
557,-60.2112,42.9976
557,-57.3020,43.9930
558,-82.2771,22.0629
558,-82.0230,22.4166
558,-81.3339,22.9659
558,-80.6596,23.4465
558,-80.0906,23.8690
558,-79.2493,24.4982
558,-78.3473,25.1720
558,-77.5398,25.7951
558,-76.7040,26.3751
558,-75.7547,26.9139
558,-74.7608,27.3781
558,-73.8629,27.7648
558,-72.8175,28.0812
558,-71.4392,28.2726
558,-69.8742,28.5842
558,-68.2652,29.2339
558,-66.6309,30.0873
558,-65.0843,30.5888
558,-63.5442,31.0804
558,-62.0115,31.5618
558,-60.4805,32.0334
558,-58.9568,32.4948
558,-57.4314,32.9485
558,-55.9133,33.3923
558,-54.3909,33.8312
558,-52.8766,34.2616
558,-51.3548,34.6899
558,-49.8417,35.1095
558,-48.3446,35.5187
558,-46.8260,35.9252
558,-45.3266,36.3196
558,-43.8009,36.7134
558,-42.2954,37.0949
558,-40.8017,37.4648
558,-39.2861,37.8292
558,-37.7822,38.1811
558,-36.2546,38.5284
558,-34.7370,38.8628
558,-33.2417,39.1745
558,-31.7002,39.4782
558,-30.1812,39.7505
558,-28.6736,40.0012
558,-27.1909,40.2121
558,-25.6559,40.4079
558,-24.1488,40.5607
558,-22.6576,40.6867
558,-21.1986,40.7783
558,-19.7593,40.8507
558,-18.3553,40.8972
558,-16.9688,40.9208
558,-15.6121,40.9170
558,-14.2721,40.8951
558,-12.9497,40.8553
558,-11.6612,40.7942
558,-10.3927,40.7236
558,-9.1449,40.6425
558,-7.9151,40.5471
558,-6.7011,40.4364
558,-5.5018,40.3163
558,-4.3103,40.1830
559,-79.1540,25.0603
559,-79.8174,25.0810
559,-80.4236,25.1428
559,-80.9442,25.2540
559,-81.4028,25.3953
559,-81.7710,25.6269
559,-82.0422,25.9982
559,-82.2978,26.3999
559,-82.6465,26.6864
559,-83.0246,26.9729
559,-83.4546,27.3145
559,-83.7514,27.7459
559,-83.7411,28.3548
559,-83.5782,28.9189
559,-83.4782,29.1926
559,-83.3050,29.3918
559,-83.0422,29.6829
559,-82.6318,30.0648
559,-82.1264,30.5247
559,-81.3586,31.1378
559,-80.1732,31.9992
559,-78.8854,32.8108
560,-88.7313,29.9389
560,-89.2027,30.1887
560,-89.4251,30.4608
560,-89.4045,30.7725
560,-89.5129,31.0494
560,-89.6062,31.3564
560,-89.7017,31.7482
560,-89.7079,32.1402
561,-86.5629,26.8565
561,-86.7199,27.2192
561,-86.8917,27.5670
561,-87.0913,27.8447
561,-87.3206,28.0775
561,-87.5850,28.3053
561,-87.8494,28.4880
561,-88.0416,28.6381
561,-88.2783,28.6985
561,-88.6250,28.6635
561,-89.1072,28.5091
561,-89.7571,28.2373
561,-90.4360,27.9196
561,-90.9733,27.6219
561,-91.4649,27.4301
561,-91.9709,27.4283
561,-92.4938,27.5406
561,-93.0082,27.4459
561,-93.5153,27.3523
561,-94.0161,27.2600
561,-94.5101,27.1689
561,-94.9993,27.0794
561,-95.4876,26.9936
561,-95.9732,26.9105
561,-96.4541,26.8293
561,-96.9330,26.7512
561,-97.4074,26.6752
561,-97.8804,26.6023
561,-98.3492,26.5316
561,-98.8160,26.4638
561,-99.2788,26.3982
562,-79.5789,31.9619
562,-79.5563,32.0776
562,-79.1630,33.2310
562,-78.5916,34.5619
562,-77.8764,36.0379
562,-77.0834,37.6610
562,-76.1898,39.3449
562,-75.1681,40.9865
562,-74.2032,42.5518
562,-73.4834,43.9921
563,-90.3580,25.4846
563,-90.6922,25.8946
563,-90.9512,26.3650
563,-91.1948,26.8253
563,-91.3444,27.3454
563,-91.3572,27.9428
563,-91.3377,28.6258
563,-91.3362,29.3833
563,-91.3309,30.2062
563,-91.1276,30.9626
563,-90.8242,31.6866
563,-90.5777,32.4267
563,-90.3174,33.1671
563,-90.0505,33.9145
564,-88.3880,27.7903
564,-87.7530,28.0926
564,-87.1182,28.4252
564,-86.5266,28.7043
564,-85.8485,29.0602
564,-84.9519,29.5980
564,-83.9787,30.1951
564,-83.1079,30.7414
564,-82.2090,31.2300
564,-81.1648,31.5828
564,-80.1392,31.9649
564,-79.2954,32.5359
564,-78.4695,33.1998
564,-77.5379,33.9188
564,-76.4997,34.5347
564,-75.4707,34.7898
564,-74.1300,35.0696
564,-72.2872,35.6786
564,-69.9603,36.5046
564,-67.1621,37.4032
564,-64.2905,38.4395
564,-61.9079,39.6083
564,-59.6208,40.8744
564,-56.8587,42.1372
564,-54.4510,43.3093
564,-53.0542,44.3799
564,-52.2813,45.2442
565,-89.5574,28.6597
565,-89.5910,29.1509
565,-89.9191,29.5055
565,-90.3775,29.9125
565,-90.8808,30.3514
565,-91.2768,30.8540
565,-91.6425,31.2973
565,-92.0089,31.5799
565,-92.4042,31.7431
565,-92.8556,31.8383
565,-93.3659,31.8890
565,-93.9311,31.9551
565,-94.5276,32.0348
565,-95.0585,32.1078
565,-95.5719,32.1777
565,-96.0656,32.2439
565,-96.5407,32.3068
565,-96.9975,32.3665
565,-97.4358,32.4229
565,-97.8559,32.4770
565,-98.2577,32.5279
565,-98.6415,32.5773
566,-75.9306,29.9718
566,-76.1581,30.3849
566,-76.3843,30.8132
566,-76.6833,31.2691
566,-76.9380,31.7546
566,-77.0674,32.1228
566,-77.0917,32.7960
566,-77.0686,32.8168
566,-77.2769,33.3626
566,-77.7223,33.7582
566,-77.8793,34.3370
566,-77.9759,34.8996
566,-78.1382,35.3928
566,-78.3296,35.8410
566,-78.5493,36.2692
566,-78.7833,36.6824
566,-79.0397,37.1332
567,-76.1774,32.7654
567,-75.8404,32.8978
567,-75.5184,33.0153
567,-75.2088,33.1127
567,-74.9593,33.1652
567,-74.8298,33.1624
567,-74.7003,33.1150
567,-74.4281,33.0326
567,-74.1412,32.9649
567,-73.9540,32.9297
567,-73.7822,33.0148
567,-73.5897,33.2721
567,-73.3232,33.6647
567,-72.9314,34.1247
567,-72.4641,34.6146
567,-72.0201,35.0090
567,-71.5051,35.4644
567,-70.8852,36.1090
567,-70.1461,36.8143
567,-69.3454,37.4230
567,-68.3870,38.0642
567,-67.2098,38.8170
567,-65.9280,39.6141
567,-64.6882,40.3880
567,-63.4689,41.1640
567,-62.3083,41.9516
567,-61.1099,42.7138
567,-59.8305,43.4153
568,-80.5910,21.2306
568,-80.2701,21.4327
568,-79.9044,21.6499
568,-79.5207,21.8868
568,-79.0177,22.1692
568,-78.3269,22.5064
568,-77.5311,22.8885
568,-76.7599,23.2903
568,-75.9445,23.7078
568,-75.1178,24.1164
568,-74.1578,24.5271
568,-73.0033,24.9211
568,-71.6712,25.3463
568,-70.2449,25.8474
568,-68.6845,26.3656
568,-67.0127,26.8323
568,-65.2979,27.2849
568,-63.6370,27.7444
568,-62.0113,28.2042
568,-60.3429,28.6638
568,-58.6914,29.1127
568,-57.0582,29.5508
568,-55.4380,29.9795
568,-53.8353,30.3980
568,-52.2426,30.8084
568,-50.6677,31.2088
568,-49.1006,31.6030
568,-47.5566,31.9867
568,-46.0321,32.3601
568,-44.5133,32.7264
568,-43.0149,33.0831
568,-41.5430,33.4260
568,-40.0693,33.7628
568,-38.6243,34.0864
568,-37.2003,34.3989
568,-35.7635,34.7061
568,-34.3552,34.9940
568,-32.9692,35.2654
568,-31.5753,35.5221
568,-30.2036,35.7626
568,-28.8537,35.9857
568,-27.5295,36.1786
568,-26.1763,36.3524
568,-24.8394,36.5024
568,-23.5234,36.6149
568,-22.2239,36.7048
568,-20.9403,36.7749
568,-19.6736,36.8213
568,-18.4206,36.8516
568,-17.1814,36.8663
568,-15.9551,36.8666
569,-89.3830,29.1289
569,-89.6242,29.2953
569,-89.7900,29.4617
569,-89.9072,29.6210
569,-89.9969,29.7946
569,-90.0930,29.9960
569,-90.2039,30.2275
569,-90.3500,30.4714
569,-90.5109,30.7604
569,-90.6571,31.1043
570,-76.1509,25.4144
570,-76.9891,25.3601
570,-77.9274,25.3057
570,-78.8534,25.2387
570,-79.8039,25.1971
570,-80.8222,25.2427
570,-80.8804,25.1885
570,-81.8187,25.2342
570,-82.8024,25.2664
570,-83.7952,25.3255
570,-84.7983,25.4559
570,-85.7717,25.6169
570,-86.6905,25.7471
570,-87.5482,25.9083
570,-88.3591,26.1384
570,-89.1247,26.3997
570,-89.9082,26.6379
570,-90.6012,26.8910
570,-91.1349,27.1787
570,-91.5777,27.4824
570,-92.0577,27.7498
570,-92.4542,28.0738
570,-92.7297,28.4951
570,-92.9307,28.8651
570,-92.9896,29.2302
570,-92.9072,29.5565
570,-92.7330,29.8172
570,-92.4837,30.0479
571,-79.3571,30.7219
571,-79.5256,31.3613
571,-79.4697,32.2064
571,-79.2625,33.1402
571,-79.0605,33.9946
571,-78.7994,34.8191
571,-78.4844,35.6162
571,-78.1363,36.3980
571,-77.8548,37.2124
571,-77.5576,38.0092
572,-70.7919,23.7505
572,-71.4647,23.9002
572,-72.0919,24.0646
572,-72.5570,24.3060
572,-72.9918,24.5788
572,-73.5494,24.8285
572,-74.0917,25.0929
572,-74.5369,25.3773
572,-74.8917,25.7071
572,-75.1735,26.0345
572,-75.3916,26.5212
572,-75.6147,27.1215
572,-75.8916,27.6354
572,-76.2139,28.2311
572,-76.4915,28.8495
572,-76.6369,29.4415
572,-76.6914,30.0637
572,-76.7508,30.7407
572,-76.6914,31.4778
572,-76.4589,32.2624
572,-76.0913,33.0920
572,-75.5572,34.0024
572,-75.1913,34.8061
572,-75.0912,34.9632
572,-74.6393,35.7519
572,-73.6912,36.9774
572,-72.8753,38.1438
572,-71.9911,39.3915
572,-70.9868,40.8089
572,-69.9910,42.1057
572,-69.1634,43.0164
572,-68.3910,43.7198
573,-82.7828,22.3499
573,-83.3116,22.8389
573,-83.7430,23.2727
573,-84.1289,23.7461
573,-84.6152,24.3346
573,-85.1462,24.9533
573,-85.7126,25.5220
573,-86.2636,26.0606
573,-86.7158,26.5711
573,-87.1809,27.0678
573,-87.7673,27.5789
573,-88.3983,28.0750
573,-89.0581,28.5458
573,-89.6156,28.9822
573,-89.9743,29.3858
573,-90.6330,29.9894
573,-91.1005,30.4869
573,-91.4503,30.8967
573,-91.8467,31.2653
573,-92.1677,31.6039
573,-92.3568,31.9648
574,-91.6931,29.5249
574,-91.7543,30.2958
574,-91.6958,30.9503
574,-91.5498,31.4548
574,-91.4198,32.0418
574,-91.2453,32.6139
574,-91.0376,33.1582
574,-90.7409,33.6729
574,-90.3336,34.1749
574,-89.8364,34.6320
574,-89.3138,35.0412
574,-88.7319,35.3910
575,-86.1159,21.9782
575,-86.2491,22.2954
575,-86.3816,22.5237
575,-86.4808,22.6831
575,-86.5840,22.9845
575,-86.6125,23.2708
575,-86.5310,23.4446
575,-86.3443,23.5584
575,-86.0752,23.6748
575,-85.7760,23.7461
575,-85.5118,23.7775
575,-85.3077,23.7338
575,-85.1936,23.6076
575,-85.1395,23.4215
575,-85.0753,23.2302
575,-85.0712,23.0091
575,-85.1721,22.7680
575,-85.3029,22.4968
575,-85.3653,22.2178
575,-85.4347,21.8845
575,-85.5505,21.4783
575,-85.5664,21.0721
575,-85.5018,20.6290
575,-85.3981,20.1598
575,-85.3890,19.7286
575,-85.3838,19.3060
575,-85.3826,18.8918
575,-85.3895,18.4858
575,-85.4017,18.0882
575,-85.4248,17.6984
575,-85.4541,17.3168
575,-85.4898,16.9435
575,-85.5373,16.5776
575,-85.5917,16.2199
575,-85.6529,15.8703
575,-85.7251,15.5275
575,-85.8044,15.1926
575,-85.8907,14.8656
575,-85.9878,14.5462
576,-92.3803,27.6299
576,-92.0935,27.6076
576,-91.7922,27.7408
576,-91.4983,28.0278
576,-91.2042,28.3516
576,-91.3589,28.7479
576,-91.8161,29.0625
576,-92.0752,29.0429
576,-92.2281,28.8733
576,-92.2214,28.7287
576,-92.1400,28.5842
576,-92.1111,28.4896
576,-92.0520,28.3950
576,-91.9379,28.2504
576,-91.7639,28.1059
576,-91.5725,28.0035
576,-91.2759,27.9167
576,-90.8336,27.7771
576,-90.2878,27.7276
576,-89.7233,27.8427
576,-89.0997,28.1384
576,-88.3688,28.5619
576,-87.7117,29.1492
576,-87.2847,29.8517
576,-87.0236,30.6601
576,-86.8341,31.5004
576,-86.7356,32.3709
577,-83.7071,25.2572
577,-83.4829,25.7070
577,-83.2586,26.1567
577,-83.0691,26.5639
577,-82.9100,26.9562
577,-82.7788,27.3661
577,-82.6615,27.7557
577,-82.5373,28.1054
577,-82.4130,28.5551
577,-82.1762,29.0776
577,-81.8645,29.6546
577,-81.5842,30.2539
577,-81.2160,30.8541
578,-84.6449,26.0544
578,-84.2895,26.4713
578,-83.9340,26.8882
578,-83.6133,27.2625
578,-83.3231,27.6220
578,-83.0606,27.9991
578,-82.8121,28.3558
578,-82.5567,28.6727
578,-82.3012,29.0896
578,-81.9332,29.5793
578,-81.4903,30.1234
578,-81.0789,30.6898
578,-80.5794,31.2572
578,-79.9033,31.7594
578,-79.1685,32.2910
578,-78.4750,32.8980
578,-77.8576,33.6248
579,-91.8124,21.9636
579,-91.8431,22.0996
579,-91.9339,22.2508
579,-92.0297,22.3594
579,-92.1555,22.4380
579,-92.3087,22.4891
579,-92.4770,22.5252
579,-92.6303,22.5687
579,-92.7985,22.6124
579,-93.0018,22.6485
579,-93.2201,22.6996
579,-93.4308,22.7932
579,-93.6416,22.8868
579,-93.8449,22.9378
579,-94.0632,22.9740
579,-94.3014,23.0250
579,-94.5847,23.0612
579,-94.9083,23.0322
579,-95.3062,23.0484
579,-95.8046,23.2137
579,-96.3278,23.4356
579,-96.8104,23.6493
579,-97.1493,23.7228
579,-97.4529,23.7594
579,-97.7709,23.8100
579,-98.1316,23.9036
579,-98.4895,23.9948
579,-98.8444,24.0837
579,-99.1964,24.1701
579,-99.5404,24.2543
579,-99.8803,24.3362
579,-100.2159,24.4157
579,-100.5466,24.4936
580,-86.9688,24.5293
580,-87.3720,24.6407
580,-87.8092,24.7932
580,-88.2720,24.9250
580,-88.7495,25.0570
580,-89.2199,25.1813
580,-89.6899,25.3209
580,-90.1602,25.4877
580,-90.6302,25.6847
580,-91.1006,25.9016
580,-91.5706,26.1486
580,-92.0484,26.4155
580,-92.5109,26.7125
580,-92.9463,27.0368
580,-93.3513,27.3763
580,-93.7572,27.6741
580,-94.0916,28.0402
580,-94.3816,28.5162
580,-94.7319,29.0041
580,-94.8586,29.4866
580,-94.8723,29.9679
580,-94.9221,30.4573
580,-94.9126,30.9318
580,-94.8570,31.3708
581,-85.2797,20.4661
581,-85.4927,20.9498
581,-85.7052,21.3447
581,-85.8843,21.6706
581,-86.0674,22.1385
581,-86.1758,22.5914
581,-86.1742,22.9317
581,-86.0674,23.2122
581,-85.8783,23.4951
581,-85.6589,23.7330
581,-85.4747,23.9309
581,-85.3505,24.0538
581,-85.3162,24.0941
581,-85.3421,24.0745
581,-85.3578,24.0499
581,-85.4336,23.9953
581,-85.6145,23.9208
581,-85.8252,23.8161
581,-85.9674,23.7037
581,-86.1167,23.5369
581,-86.3125,23.2973
581,-86.4083,23.0577
581,-86.4236,22.7811
581,-86.3999,22.4785
581,-86.4707,22.2139
581,-86.5384,21.9542
581,-86.6070,21.6996
581,-86.6745,21.4500
581,-86.7409,21.2053
581,-86.8061,20.9656
581,-86.8812,20.7308
581,-86.9570,20.5009
581,-87.0335,20.2758
581,-87.1106,20.0557
581,-87.2044,19.8399
581,-87.3002,19.6277
581,-87.3981,19.4202
581,-87.4983,19.2173
581,-87.6005,19.0191
581,-87.7271,18.8253
581,-87.8572,18.6361
581,-87.9907,18.4515
581,-88.1277,18.2713
581,-88.2678,18.0964
581,-88.4333,17.9238
582,-88.8713,30.2314
582,-88.6724,30.2409
582,-88.4944,30.1781
582,-88.2058,30.0515
582,-87.9175,29.9248
582,-87.7141,29.8756
582,-87.5406,29.8715
582,-87.3447,29.8874
582,-87.1637,29.9182
582,-87.0103,29.9416
582,-86.8868,29.9649
582,-86.7909,29.9808
582,-86.7099,30.0116
582,-86.6290,30.0700
582,-86.5330,30.1583
582,-86.4319,30.2741
582,-86.2561,30.4050
582,-85.9253,30.4985
582,-85.5792,30.6517
583,-90.0833,26.3366
583,-90.7489,26.9706
583,-91.4471,27.5860
583,-91.9675,27.9840
583,-92.4109,28.5354
583,-92.7852,29.2235
583,-92.9747,29.6849
583,-93.0301,30.2784
583,-92.9384,30.9343
583,-92.8004,31.5911
583,-92.5022,32.3837
583,-92.0002,33.3947
583,-91.3660,34.5331
584,-89.2638,28.8909
584,-88.7178,30.1879
584,-87.9717,31.2849
584,-86.9268,32.6249
584,-85.4796,34.0789
584,-83.7009,35.4292
584,-81.4875,36.7728
585,-86.1971,28.9489
585,-85.5785,29.7187
585,-85.0211,30.4708
585,-84.5103,30.9012
585,-83.8205,31.4924
585,-83.0421,32.0838
585,-82.2363,32.6597
585,-81.3738,33.2664
586,-87.8294,26.7095
586,-88.0410,26.9417
586,-88.2867,27.2149
586,-88.5579,27.4676
586,-88.8439,27.7203
586,-89.1228,27.9654
586,-89.4012,28.2257
586,-89.6800,28.5133
586,-89.9584,28.8311
586,-90.2373,29.1687
586,-90.5157,29.5365
586,-90.8020,29.9242
586,-91.0730,30.3419
586,-91.3168,30.7870
586,-91.5302,31.2473
586,-91.7446,31.6659
586,-91.8875,32.1527
586,-91.9859,32.7495
587,-55.5211,22.9317
587,-56.3062,23.3546
587,-57.0612,23.7481
587,-57.7891,24.0859
587,-58.5014,24.3644
587,-59.2141,24.6022
587,-59.9416,24.7807
587,-60.6968,24.9111
587,-61.4818,24.9971
587,-62.2942,25.0775
587,-63.1220,25.1134
587,-63.9420,25.0937
587,-64.7622,25.0297
587,-65.5897,24.9451
587,-66.4024,24.8461
587,-67.1796,24.7613
587,-67.9425,24.6624
587,-68.7201,24.5203
587,-69.4827,24.3787
587,-70.2101,24.2715
587,-70.9229,24.1951
587,-71.6430,24.1305
587,-72.3631,24.1114
587,-73.0904,24.1544
587,-73.8033,24.2277
587,-74.3174,24.2713
587,-75.1435,24.3441
587,-76.0947,24.4477
587,-76.4837,24.5604
587,-77.1024,24.7226
587,-77.8238,24.8767
587,-78.6122,24.9847
587,-79.2640,25.0931
587,-79.9751,25.1940
587,-80.7042,25.3094
587,-81.4319,25.4449
587,-82.1444,25.6257
587,-82.8296,25.8537
587,-83.4846,26.1420
587,-84.1196,26.4925
587,-84.7248,26.8584
587,-85.2436,27.1492
587,-85.8650,27.4747
587,-86.5937,27.8333
587,-86.9051,27.9911
587,-87.3231,28.2835
587,-87.7453,28.6074
587,-88.1231,28.8654
587,-88.4855,29.1237
587,-88.8556,29.4243
587,-89.2257,29.7400
587,-89.5959,30.0407
587,-89.9659,30.3564
587,-90.3285,30.7144
587,-90.7061,31.0727
587,-91.1039,31.3882
587,-91.5463,31.6890
587,-92.0513,32.0047
587,-92.5864,32.3054
587,-93.0918,32.5708
588,-78.1759,31.4432
588,-78.0564,31.3799
588,-77.9523,31.2416
588,-77.8754,31.1058
588,-77.8287,30.9400
588,-77.7793,30.7467
588,-77.8050,30.5384
588,-77.9484,30.3226
588,-78.1814,30.1369
588,-78.4440,30.0376
588,-78.7578,29.9353
588,-79.0502,29.8037
588,-79.2342,29.7337
588,-79.4001,29.7181
588,-79.5106,29.7321
588,-79.6011,29.7237
588,-79.5870,29.7305
588,-79.4427,29.7796
588,-79.1634,29.8289
588,-78.7964,29.8356
588,-78.3397,29.8274
588,-77.8795,29.8034
588,-77.3161,29.8258
588,-76.5986,29.9225
588,-75.7925,30.1242
588,-75.0385,30.4192
588,-74.1689,30.8226
588,-73.1905,31.2044
588,-71.8453,31.8210
588,-69.8664,32.8343
588,-67.6217,34.0194
588,-65.5861,35.1142
588,-63.5981,36.2178
588,-61.6099,37.3246
588,-59.5745,38.4163
588,-57.5626,39.5155
588,-55.5627,40.5954
588,-53.5678,41.6558
588,-51.5712,42.6959
588,-49.5669,43.7159
589,-89.5092,25.7727
589,-90.1105,26.5222
589,-90.7443,27.2531
589,-91.2003,27.7665
589,-91.5793,28.4335
589,-91.8892,29.2370
589,-92.0143,29.8139
589,-92.0053,30.5229
589,-91.8493,31.2943
589,-91.6469,32.0665
589,-91.2843,32.9746
589,-90.7179,34.1011
590,-83.8545,26.3845
590,-83.6436,26.8878
590,-83.3137,27.3465
590,-82.8695,27.9380
590,-82.3728,28.5086
590,-81.8524,29.0396
590,-81.4319,29.6706
590,-80.9520,30.2753
590,-80.3911,30.8327
590,-79.7573,31.3285
590,-79.0502,31.7948
590,-78.3237,32.2750
590,-77.5093,32.7568
590,-76.5899,33.2222
590,-75.5685,33.7189
590,-74.4760,34.2543
590,-73.3276,34.8809
590,-72.1861,35.6379
590,-70.9867,36.4430
590,-69.6288,37.1900
590,-68.3459,37.9050
590,-67.3403,38.5992
590,-66.5050,39.2671
590,-65.7239,39.8894
590,-64.9641,40.5292
590,-64.1513,41.2438
591,-88.8730,28.7320
591,-89.1743,28.8536
591,-89.4001,28.9752
591,-89.5774,29.0896
591,-89.7272,29.2184
591,-89.8833,29.3750
591,-90.0542,29.5616
591,-90.2603,29.7607
591,-90.4813,30.0049
591,-90.6875,30.3039
591,-90.9083,30.6481
592,-91.3665,28.8046
592,-91.1640,29.5558
592,-90.8419,30.1907
592,-90.4323,30.6756
592,-90.0386,31.2429
592,-89.6005,31.7954
592,-89.1292,32.3201
592,-88.5688,32.8152
592,-87.8979,33.2976
592,-87.1371,33.7351
592,-86.3508,34.1246
592,-85.5053,34.4549
592,-84.6115,34.7370
592,-83.6736,34.9747
592,-82.7148,35.1918
592,-81.7418,35.3945
592,-80.7682,35.6041
592,-79.8101,35.8143
592,-78.8866,36.0312
592,-77.9784,36.2341
592,-77.0621,36.4011
592,-76.1466,36.5540
592,-75.2304,36.7060
593,-86.0814,26.2878
593,-86.2647,26.6845
593,-86.3576,27.0813
593,-86.4331,27.5130
593,-86.4339,27.9749
593,-86.3893,28.4498
593,-86.2102,28.9684
593,-85.8715,29.5689
593,-85.3865,30.0619
593,-84.7501,30.7146
593,-83.9628,31.4554
593,-83.1012,32.0090
593,-82.1391,32.5489
594,-90.3322,30.1709
594,-90.6649,30.4920
594,-90.8976,30.8131
594,-91.1304,31.0875
594,-91.3629,31.3552
594,-91.6031,31.6688
594,-91.8283,31.9974
595,-75.9064,31.6080
595,-76.0324,32.2703
595,-76.1571,32.9479
595,-76.3546,33.6529
595,-76.5078,34.3877
595,-76.5357,35.0051
595,-76.4586,35.9275
595,-76.3339,36.1974
595,-76.4408,36.9925
595,-76.7846,37.6372
595,-76.8402,38.4653
595,-76.8354,39.2771
595,-76.8961,40.0194
595,-76.9861,40.7169
595,-77.1042,41.3943
595,-77.2368,42.0567
595,-77.3916,42.7567
595,-77.4875,43.3965
595,-77.4584,43.8963
595,-77.3382,44.3364
595,-77.1935,44.8063
595,-76.9889,45.2762
595,-76.7221,45.7612
595,-76.4397,46.2160
595,-76.2589,46.6006
595,-75.9904,46.9559
595,-75.5057,47.3330
595,-74.8411,47.6957
595,-74.0761,48.0303
595,-73.1918,48.3355
595,-72.2535,48.6049
595,-71.2425,48.8753
595,-70.1685,49.2027
595,-69.0932,49.5152
595,-68.0651,49.7498
595,-67.1440,49.9550
595,-66.3729,50.1440
595,-65.6947,50.3948
595,-65.0249,50.7755
596,-81.7588,20.2092
596,-82.3384,20.7987
596,-82.8346,21.3622
596,-82.9225,21.4887
596,-83.2719,21.7867
596,-83.7982,22.1418
596,-84.2469,22.5022
596,-84.6740,22.8948
596,-85.1195,23.3562
596,-85.5498,23.8478
596,-85.9455,24.3241
596,-86.3256,24.8008
596,-86.7139,25.2622
596,-87.1013,25.7538
596,-87.5117,26.3004
596,-87.8771,26.9068
596,-88.1307,27.5606
596,-88.3529,28.2598
596,-88.6103,28.9050
596,-88.9287,29.7129
596,-89.3168,30.6661
596,-89.7044,31.3659
596,-90.1286,31.9598
596,-90.4802,32.5189
596,-90.6565,33.1727
596,-90.7560,33.8719
596,-90.9086,34.6134
596,-91.0318,35.3249
596,-91.1072,35.9539
597,-86.7383,22.9530
597,-87.2298,23.6364
597,-87.7968,24.4391
597,-88.2781,25.4171
597,-88.6554,26.4252
597,-88.8797,27.3294
597,-89.0139,28.1113
597,-89.1431,28.7543
597,-89.1724,29.1974
597,-89.2077,29.7091
597,-89.1309,30.1835
597,-88.8602,30.5265
598,-87.4772,28.0609
598,-87.0235,28.9281
598,-86.6310,29.7777
598,-86.2851,30.3056
598,-85.7602,30.9942
598,-85.1467,31.6830
598,-84.5059,32.3563
598,-83.8083,33.0605
598,-83.0988,33.8779
598,-82.2699,34.6380
598,-81.2733,35.1784
598,-80.1315,35.6155
598,-79.0099,35.9811
598,-77.5931,36.4929
598,-75.6103,37.3438
598,-73.3547,38.3704
598,-71.1952,39.3899
598,-69.0163,40.4479
598,-66.8857,41.4993
599,-73.7548,22.0637
599,-73.8765,21.8352
599,-74.0579,21.6215
599,-74.1970,21.4004
599,-74.2610,21.1792
599,-74.2075,20.9431
599,-74.0641,20.7370
599,-73.8732,20.6009
599,-73.6673,20.4947
599,-73.5337,20.3285
599,-73.3704,20.2525
599,-73.0646,20.3415
599,-72.7735,20.6102
599,-72.6376,21.1070
599,-72.5767,21.5680
599,-72.5064,21.9944
599,-72.4798,22.6257
599,-72.6673,22.9957
599,-72.9829,23.2835
599,-73.2975,23.5896
599,-73.6860,23.9412
599,-74.1355,24.3972
599,-74.6892,24.8990
599,-75.3612,25.3704
599,-76.0923,25.8567
599,-76.8165,26.3855
599,-77.4954,26.9145
599,-78.1448,27.3484
599,-78.5986,27.8722
599,-78.6971,28.6555
599,-78.7017,29.5300
599,-79.0034,30.2941
599,-79.2048,31.0877
599,-78.9870,31.9311
599,-78.6079,32.9455
599,-78.2575,34.1048
599,-77.8111,35.2032
599,-77.1742,36.2387
599,-76.3142,37.2609
599,-75.2693,38.3539
599,-74.0173,39.4187
599,-72.6749,40.3673
599,-71.1205,41.2764
600,-89.1012,29.8938
600,-89.5451,30.1340
600,-89.7399,30.3966
600,-89.6917,30.6986
600,-89.7726,30.9660
600,-89.8384,31.2633
600,-89.9063,31.6456
601,-85.3681,28.8212
601,-86.0109,28.8232
601,-86.7122,28.8256
601,-87.3083,28.8201
601,-88.1563,29.0300
601,-89.1244,29.3714
601,-89.7004,29.5345
601,-90.4044,29.8512
601,-91.0445,30.1389
601,-91.5555,30.2481
601,-91.9886,30.3434
601,-92.4630,30.5357
601,-92.8327,30.8478
601,-93.0298,31.3048
601,-93.0768,31.8522
601,-93.0735,32.4192
601,-92.9209,32.9567
601,-92.5884,33.3890
602,-86.2991,23.1882
602,-86.7721,23.8364
602,-87.3206,24.6037
602,-87.7833,25.5465
602,-88.1421,26.5193
602,-88.3479,27.3882
602,-88.4635,28.1349
602,-88.5743,28.7426
602,-88.5850,29.1504
602,-88.6018,29.6269
602,-88.5065,30.0660
602,-88.2172,30.3738
602,-87.9280,30.5815
602,-87.5661,30.7700
602,-87.1495,30.8971
602,-86.7097,30.9124
602,-86.2710,30.9127
602,-85.8697,30.9931
602,-85.4924,31.1282
602,-85.0782,31.1860
602,-84.6369,31.2460
602,-84.1685,31.3082
602,-83.6730,31.3726
602,-83.1513,31.4391
602,-82.6025,31.5078
602,-82.0284,31.5787
602,-81.4298,31.6520
602,-80.8047,31.7276
603,-75.2526,33.2193
603,-75.3857,33.4584
603,-75.7605,33.4881
603,-76.2865,33.5907
603,-76.7685,33.5569
603,-76.9780,33.3085
603,-76.9764,32.9258
603,-76.8327,32.5402
603,-76.5843,32.0946
603,-76.3228,31.5641
603,-76.0923,31.0634
603,-75.9439,30.7328
603,-75.9002,30.4323
603,-75.9668,30.0242
603,-76.1081,29.6011
603,-76.2089,29.2503
603,-76.4160,28.8700
603,-76.8182,28.3470
603,-77.3240,27.8388
603,-77.7901,27.4702
603,-78.3319,27.2076
603,-79.0208,27.0048
603,-79.7398,26.8765
603,-80.3171,26.7351
603,-80.9478,26.7453
603,-81.7517,26.9797
603,-82.6557,27.6141
603,-83.1159,28.4774
603,-82.9636,29.5830
603,-82.1633,30.8735
603,-80.9715,32.2518
603,-80.5505,33.4112
604,-87.8965,29.6924
604,-87.8108,29.7918
604,-87.6652,30.0123
604,-87.4411,30.3318
604,-87.1739,30.6532
604,-86.8931,30.9312
604,-86.5827,31.1942
604,-86.2668,31.4645
604,-85.8914,31.7352
605,-88.9221,25.1738
605,-89.0971,25.6621
605,-89.1968,26.2107
605,-89.2812,26.7493
605,-89.2715,27.3476
605,-89.1250,28.0233
605,-88.9461,28.7845
605,-88.7854,29.6203
605,-88.6208,30.5214
605,-88.2582,31.3560
605,-87.7955,32.1583
605,-87.3897,32.9767
606,-86.5370,25.9514
606,-86.7202,26.4869
606,-86.9182,27.0075
606,-87.1439,27.4580
606,-87.3993,27.8636
606,-87.6898,28.2641
606,-87.9804,28.6196
606,-88.1987,28.9425
606,-88.4616,29.1757
606,-88.8344,29.3134
606,-89.3427,29.3318
606,-90.0188,29.2327
606,-90.7239,29.0878
606,-91.2873,28.9630
606,-91.8050,28.9439
606,-92.3372,29.1149
606,-92.8861,29.4000
606,-93.4267,29.4780
606,-93.9578,29.5528
606,-94.4796,29.6244
606,-94.9934,29.6933
606,-95.4983,29.7591
606,-95.9968,29.8226
607,-79.9705,25.1674
607,-79.3275,25.3703
607,-78.5116,25.6723
607,-77.6415,26.0760
607,-76.8903,26.5482
607,-76.1554,27.0818
607,-75.3616,27.6045
607,-74.5694,28.1875
607,-73.8160,28.8634
607,-73.0834,29.5933
607,-72.3154,30.2211
607,-71.5453,30.8385
607,-70.7736,31.4456
607,-69.9940,32.0438
607,-69.2120,32.6327
607,-68.4133,33.2137
607,-67.5938,33.7881
607,-66.7678,34.3533
607,-65.9125,34.9131
607,-65.0487,35.4643
607,-64.1481,36.0105
607,-63.2320,36.5486
607,-62.2692,37.0828
607,-61.2928,37.6081
607,-60.2617,38.1302
607,-59.1719,38.6491
607,-58.0624,39.1584
607,-56.8924,39.6630
607,-55.6998,40.1572
607,-54.4300,40.6458
607,-53.1341,41.1205
607,-51.8135,41.5813
607,-50.4195,42.0280
607,-48.9996,42.4599
608,-84.5762,25.7698
608,-84.3566,26.2330
608,-84.1368,26.6962
608,-83.9519,27.1169
608,-83.7975,27.5227
608,-83.6708,27.9461
608,-83.5581,28.3491
608,-83.4384,28.7123
608,-83.3187,29.1755
608,-83.0864,29.7115
608,-82.7794,30.3020
608,-82.5037,30.9147
608,-82.1400,31.5284
609,-89.7502,28.4949
609,-90.0225,28.5113
609,-90.2193,28.5278
609,-90.3677,28.5371
609,-90.4884,28.5607
609,-90.6156,28.6122
609,-90.7575,28.6937
609,-90.9347,28.7876
609,-91.1267,28.9266
609,-91.3039,29.1205
609,-91.4958,29.3595
609,-91.7230,29.6035
609,-91.9649,29.8925
609,-92.1924,30.2289
609,-92.4340,30.6254
609,-92.7186,31.0694
609,-93.0031,31.5583
609,-93.2749,32.0748
610,-87.4512,30.3781
610,-87.3275,30.5726
610,-87.2245,30.6948
610,-87.0111,30.7532
610,-86.7979,30.8115
610,-86.6696,30.9474
611,-86.2719,28.0708
611,-86.1090,28.6540
611,-85.8270,29.1925
611,-85.4308,29.8639
611,-84.9822,30.5143
611,-84.5098,31.1251
611,-84.1373,31.8360
611,-83.7054,32.5205
611,-83.1925,33.1577
611,-82.6067,33.7334
611,-81.9476,34.2795
612,-83.8411,23.8346
612,-83.5933,24.3252
612,-83.5404,24.7111
612,-83.7724,24.8595
612,-84.1396,24.8876
612,-84.5368,24.9260
612,-84.7389,24.9641
612,-84.4486,25.0450
612,-84.0381,25.1405
612,-83.9002,25.2287
612,-83.8373,25.3170
612,-83.7369,25.4052
612,-83.6366,25.4935
612,-83.5512,25.5817
612,-83.4358,25.6699
612,-83.2504,25.7582
612,-83.0351,25.8464
612,-82.8347,25.9421
612,-82.6343,26.0229
612,-82.4414,26.0686
612,-82.2335,26.0994
612,-81.9932,26.1352
612,-81.7328,26.1758
612,-81.5074,26.2141
612,-81.2818,26.2520
612,-81.0560,26.2897
612,-80.8295,26.3273
612,-80.6027,26.3646
613,-80.0229,21.1750
613,-79.6153,21.4792
613,-79.4231,21.6600
613,-79.4288,21.7323
613,-79.3232,21.9450
613,-79.4354,22.0925
613,-79.6234,22.2300
613,-79.7810,22.3801
613,-79.9236,22.5151
613,-80.0387,22.6075
613,-80.1238,22.7001
613,-80.1814,22.8351
613,-80.2239,22.9851
613,-80.2740,23.1426
613,-80.3241,23.2701
613,-80.3742,23.3426
613,-80.4243,23.3551
613,-80.4593,23.3276
613,-80.5244,23.2401
613,-80.6445,23.0975
613,-80.8246,22.9251
613,-81.0521,22.7826
613,-81.3248,22.6101
613,-81.6099,22.3600
613,-81.9250,22.0951
613,-82.2375,21.8574
613,-82.6251,21.6801
613,-83.1378,21.5776
613,-83.7253,21.5651
613,-84.3179,21.6200
613,-84.9255,21.7501
613,-85.5183,21.9049
613,-86.1256,22.1351
613,-86.7757,22.4550
613,-87.4258,22.8201
613,-88.0414,23.1399
613,-88.6260,23.5051
613,-89.1913,23.9600
613,-89.7262,24.4901
613,-90.2639,25.0226
613,-90.7263,25.6751
613,-91.1082,26.5000
613,-91.3265,27.4601
613,-91.3382,28.4877
613,-91.2267,29.5451
613,-91.3518,30.5126
614,-80.7129,21.4195
614,-81.3335,21.8230
614,-81.8708,22.2005
614,-81.9997,22.1410
614,-82.3902,22.2530
614,-82.9577,22.4221
614,-83.4474,22.5965
614,-83.9156,22.8031
614,-84.4021,23.0786
614,-84.8735,23.3842
614,-85.3103,23.6745
614,-85.7314,23.9652
614,-86.1609,24.2407
614,-86.5894,24.5463
614,-87.0408,24.9069
614,-87.4473,25.3273
614,-87.7420,25.7951
614,-88.0052,26.3084
614,-88.3036,26.7676
614,-88.6631,27.3894
614,-89.0924,28.1567
614,-89.5210,28.6705
614,-89.9863,29.0784
614,-90.3790,29.4515
614,-90.5963,29.9193
614,-90.7369,30.4326
614,-90.9306,30.9881
615,-80.6147,19.0511
615,-81.0062,19.0285
615,-81.4275,19.0360
615,-81.8337,19.1302
615,-82.2402,19.2208
615,-82.6616,19.2495
615,-83.1529,19.3057
615,-83.5338,19.3905
615,-83.8657,19.4906
615,-84.2296,19.5756
615,-84.5784,19.6755
615,-84.8923,19.8104
615,-85.1911,19.9604
615,-85.5383,20.0927
615,-85.8038,20.2453
615,-85.9102,20.4378
615,-86.2166,20.7302
615,-86.5000,20.9832
615,-86.7293,21.3151
615,-86.9352,21.5199
615,-87.1420,21.7000
615,-87.3911,21.9124
615,-87.6547,22.1849
615,-87.9185,22.5623
615,-88.1675,22.9698
615,-88.3743,23.3046
615,-88.5802,23.6547
615,-88.8439,24.0747
615,-89.0929,24.5396
615,-89.2868,25.0395
615,-89.4057,25.5245
615,-89.4570,25.9243
615,-89.4184,26.3093
615,-89.2513,26.6988
615,-89.1311,27.1942
615,-89.1375,27.2867
615,-89.0920,27.6999
615,-88.9502,28.2716
615,-88.8550,28.7228
615,-88.6629,29.1565
615,-88.2578,29.7142
615,-87.7757,30.2414
615,-87.4403,30.6277
615,-86.9884,30.9263
615,-86.2118,31.1768
615,-85.3011,31.4112
615,-84.4642,31.6954
615,-83.6138,31.9960
615,-82.7419,32.2951
616,-75.1180,25.2183
616,-75.8144,25.2838
616,-76.6108,25.3492
616,-77.3950,25.4020
616,-78.2037,25.4802
616,-79.0801,25.6456
616,-78.9965,25.7112
616,-79.7929,25.8767
616,-80.6348,26.0287
616,-81.4857,26.2076
616,-82.3470,26.4578
616,-83.1785,26.7386
616,-83.9555,26.9885
616,-84.6713,27.2695
616,-85.3404,27.6195
616,-85.9642,28.0005
616,-86.6058,28.3585
616,-87.1570,28.7314
616,-87.5488,29.1389
616,-87.8498,29.5624
616,-88.1879,29.9496
616,-88.4426,30.3934
616,-88.5763,30.9345
616,-88.6355,31.4243
616,-88.5525,31.9091
617,-87.1835,29.3713
617,-87.1885,29.3712
617,-87.1337,29.4922
617,-87.0004,29.7123
617,-86.8240,29.9342
617,-86.6340,30.1127
617,-86.4143,30.2762
617,-86.1892,30.4470
617,-85.9046,30.6182
617,-85.5592,30.7813
617,-85.0949,30.9602
617,-84.4852,31.1813
617,-83.7852,31.4022
617,-83.0875,31.5879
617,-82.3755,31.7443
617,-81.6688,31.8736
617,-80.9658,31.9863
617,-80.2610,32.1323
617,-79.5593,32.2767
617,-78.8607,32.4199
617,-78.1651,32.5624
617,-77.4725,32.7038
617,-76.7831,32.8456
617,-76.0972,32.9883
617,-75.4152,33.1321
617,-74.7205,33.2764
618,-84.8953,29.3467
618,-84.3868,30.2521
618,-83.9716,30.7682
618,-83.1319,31.4171
618,-82.3399,31.9528
618,-81.4769,32.4821
618,-80.4788,33.0920
618,-79.4219,33.7471
618,-78.3722,34.4518
618,-77.3670,35.1122
618,-76.4440,35.6764
618,-75.6120,36.0772
618,-74.8675,36.2537
618,-74.1570,36.3422
618,-73.3719,36.5096
618,-72.6021,36.7072
618,-71.9023,36.9467
619,-84.8613,26.6321
619,-84.6336,27.1933
619,-84.2870,27.7100
619,-83.8261,28.3594
619,-83.3128,28.9878
619,-82.7756,29.5768
619,-82.3385,30.2657
619,-81.8419,30.9283
619,-81.2643,31.5436
619,-80.6138,32.0973
619,-79.8900,32.6215
619,-79.1468,33.1597
619,-78.3158,33.6994
619,-77.3796,34.2227
619,-76.3415,34.7773
619,-75.2324,35.3707
619,-74.0673,36.0552
619,-72.9090,36.8701
619,-71.6930,37.7331
619,-70.3183,38.5380
619,-69.0187,39.3110
619,-67.9965,40.0630
619,-67.1445,40.7889
620,-84.9453,24.1768
620,-84.7516,24.6861
620,-84.7529,25.0908
620,-85.0391,25.2580
620,-85.4605,25.3048
620,-85.9118,25.3620
620,-86.1681,25.4188
620,-85.9320,25.5186
620,-85.5757,25.6328
620,-85.4919,25.7397
620,-85.4833,25.8468
620,-85.4371,25.9538
620,-85.3909,26.0608
620,-85.3596,26.1678
620,-85.2984,26.2748
620,-85.1672,26.3818
620,-85.0060,26.4888
620,-84.8598,26.6033
620,-84.7136,26.7028
620,-84.5749,26.7672
620,-84.4212,26.8168
620,-84.2350,26.8713
620,-84.0288,26.9308
620,-83.8576,26.9878
620,-83.6855,27.0441
620,-83.5126,27.0998
620,-83.3388,27.1548
620,-83.1589,27.2079
620,-82.9768,27.2600
620,-82.7913,27.3114
620,-82.6034,27.3618
620,-82.4131,27.4114
620,-82.2205,27.4600
620,-82.0254,27.5076
620,-81.8262,27.5551
620,-81.6244,27.6018
620,-81.4201,27.6476
620,-81.2133,27.6926
620,-81.0040,27.7367
620,-80.7911,27.7811
620,-80.5756,27.8247
620,-80.3575,27.8676
620,-80.1370,27.9097
620,-79.9139,27.9511
620,-79.6862,27.9922
620,-79.4560,28.0327
620,-79.2232,28.0724
620,-78.9879,28.1115
620,-78.7469,28.1497
620,-78.4691,28.1827
620,-78.1875,28.2148
620,-77.9022,28.2461
620,-77.6109,28.2771
621,-77.2008,31.5266
621,-76.8150,31.8664
621,-76.2501,32.1773
621,-75.4825,32.4685
621,-74.6993,32.7279
621,-74.0988,32.9902
621,-73.6486,33.1785
621,-73.2901,33.2411
621,-73.0979,33.2292
621,-73.0323,33.2267
621,-73.1471,33.1798
621,-73.4420,33.0553
621,-73.7964,32.9305
621,-74.0734,32.9133
621,-74.2457,32.8811
621,-74.2351,32.6840
621,-74.1949,32.5318
621,-74.2820,32.6345
621,-74.4442,32.7824
621,-74.6838,32.7953
621,-74.8935,32.7330
621,-74.9481,32.6308
621,-74.9427,32.4837
621,-74.9523,32.3090
621,-74.9920,32.1343
621,-75.0941,32.0171
621,-75.2413,31.8850
621,-75.4159,31.6978
621,-75.5905,31.4356
621,-75.7226,31.0834
621,-75.8398,30.6863
621,-75.9871,30.2966
621,-76.0891,29.9369
621,-76.0785,29.6322
621,-76.0383,29.3875
621,-76.0330,29.1753
621,-76.0876,29.0382
621,-76.2173,28.9834
621,-76.4369,28.9888
621,-76.7169,28.9765
621,-77.0861,29.0395
621,-77.5454,29.2349
621,-78.0354,29.4901
621,-78.4366,29.7151
621,-78.8847,29.9407
621,-79.4593,30.1661
621,-79.8339,30.2914
621,-80.3145,30.4496
621,-80.8832,30.6420
621,-81.5295,30.8977
621,-82.1325,31.0927
621,-82.5528,31.1126
621,-82.8817,31.0433
622,-83.4264,21.2814
622,-84.0390,21.7462
622,-84.5544,22.1560
622,-85.0243,22.6053
622,-85.5945,23.1696
622,-86.2096,23.7643
622,-86.8599,24.3088
622,-87.4948,24.8233
622,-88.0310,25.3097
622,-88.5801,25.7823
622,-89.2504,26.2693
622,-89.9654,26.7414
622,-90.7091,27.1881
622,-91.3506,27.6004
622,-91.7933,27.9799
622,-92.5359,28.5594
622,-93.0874,29.0328
622,-93.5212,29.4184
622,-94.0015,29.7630
622,-94.4064,30.0775
622,-94.6795,30.4142
622,-94.8917,30.7365
622,-95.1642,31.0310
622,-95.3770,31.2955
623,-78.8591,27.2441
623,-79.3571,27.5196
623,-79.7979,27.8362
623,-80.1532,28.2022
623,-80.4464,28.5983
623,-80.6493,29.0847
623,-80.7552,29.7108
623,-80.8454,30.3673
623,-81.0288,30.9086
623,-81.2415,31.4499
623,-81.5062,32.0463
623,-81.6376,32.7324
623,-81.4620,33.5962
624,-89.0672,27.6966
624,-89.3410,27.8957
624,-89.5393,28.0949
624,-89.6891,28.2869
624,-89.8113,28.4932
624,-89.9400,28.7273
624,-90.0834,28.9916
624,-90.2620,29.2682
624,-90.4554,29.5899
624,-90.6342,29.9665
624,-90.8275,30.3882
624,-91.0562,30.8149
625,-90.8589,28.5649
625,-91.2672,28.9134
625,-91.5756,29.2618
625,-91.8841,29.5636
625,-92.1923,29.8587
625,-92.5082,30.1996
625,-92.8090,30.5556
625,-93.0899,30.8965
625,-93.3258,31.2525
625,-93.5067,31.6434
625,-93.6425,32.0494
625,-93.7584,32.4328
625,-93.8592,32.8462
625,-93.9675,33.3372
625,-94.0759,33.8431
625,-94.1916,34.2991
625,-94.2926,34.7400
625,-94.3659,35.1885
625,-94.4093,35.6369
626,-84.4378,26.6796
626,-83.9969,27.1973
626,-83.5560,27.7149
626,-83.1499,28.1900
626,-82.7743,28.6503
626,-82.4264,29.1281
626,-82.0925,29.5856
626,-81.7516,30.0033
626,-81.4108,30.5210
626,-80.9573,31.1114
626,-80.4290,31.7563
626,-79.9321,32.4235
626,-79.3472,33.0917
626,-78.5858,33.6947
626,-77.7655,34.3270
626,-76.9865,35.0347
626,-76.2837,35.8624
626,-75.8136,36.8780
626,-75.2020,37.8977
626,-74.0515,38.7046
626,-72.7202,39.4331
626,-71.5618,40.1995
626,-70.4385,40.9684
627,-79.1905,28.3844
627,-79.7174,28.4885
627,-80.1872,28.6336
627,-80.5714,28.8281
627,-80.8936,29.0528
627,-81.1254,29.3677
627,-81.2603,29.8223
627,-81.3794,30.3073
627,-81.5917,30.6772
627,-81.8334,31.0470
627,-82.1270,31.4719
627,-82.2874,31.9866
627,-82.1407,32.6788
627,-81.8415,33.3262
627,-81.6051,33.6833
627,-81.2955,33.9659
627,-80.8962,34.3402
627,-80.3495,34.8055
627,-79.7076,35.3486
628,-86.1896,26.9710
628,-85.9742,27.4278
628,-85.6398,27.8401
628,-85.1912,28.3851
628,-84.6900,28.9092
628,-84.1651,29.3937
628,-83.7402,29.9782
628,-83.2558,30.5364
628,-82.6904,31.0473
628,-82.0522,31.4966
628,-81.3406,31.9164
628,-80.6097,32.3502
628,-79.7908,32.7855
628,-78.8669,33.2045
628,-77.8410,33.6546
628,-76.7441,34.1436
628,-75.5912,34.7237
628,-74.4452,35.4342
628,-73.2414,36.1928
628,-71.8790,36.8934
628,-70.5916,37.5619
628,-69.5816,38.2095
628,-68.7418,38.8310
628,-67.9563,39.4068
628,-67.1920,40.0001
628,-66.3747,40.6683
629,-79.5936,31.4870
629,-79.7434,32.2495
629,-79.6689,33.2177
629,-79.4431,34.2746
629,-79.2225,35.2520
629,-78.9428,36.1996
629,-78.6091,37.1199
629,-78.2425,38.0247
629,-77.9423,38.9623
629,-77.6237,39.8792
629,-77.2814,40.7748
629,-76.9111,41.6481
630,-84.1095,29.5213
630,-83.5475,30.4827
630,-83.0787,31.0548
630,-82.1854,31.7597
630,-81.3398,32.3514
630,-80.4232,32.9367
630,-79.3715,33.6026
630,-78.2611,34.3137
630,-77.1579,35.0744
630,-76.0990,35.7907
630,-75.1225,36.4110
630,-74.2369,36.8677
630,-73.4388,37.1002
630,-72.6748,37.2447
630,-71.8361,37.4682
630,-71.0127,37.7217
630,-70.2593,38.0172
630,-69.5506,38.2987
630,-68.8542,38.5094
630,-68.1885,38.6757
630,-67.5121,38.8143
630,-66.9264,38.9527
630,-66.4777,39.1034
630,-66.1643,39.3297
630,-65.9161,39.6731
630,-65.8022,40.1067
630,-65.7961,40.5950
630,-65.9400,41.0837
630,-66.2062,41.5097
630,-66.5779,41.8607
631,-89.0693,29.0240
631,-89.2339,29.9266
631,-89.2101,30.7648
631,-89.1302,31.6927
632,-90.6741,28.9222
632,-91.2663,29.3127
632,-91.6094,29.7256
632,-91.7096,30.1779
632,-91.9388,30.5955
632,-92.1529,31.0432
632,-92.3692,31.5757
632,-92.4962,32.1084
633,-87.6113,28.8827
633,-87.1382,29.6679
633,-86.7265,30.4355
633,-86.3612,30.8815
633,-85.8171,31.4881
633,-85.1842,32.0950
633,-84.5241,32.6863
633,-83.8072,33.3086
633,-83.0785,34.0440
633,-82.2302,34.7221
633,-81.2144,35.1805
633,-80.0532,35.5357
633,-78.9124,35.8193
633,-77.4762,36.2492
634,-77.5116,29.0410
634,-77.7291,29.6198
634,-77.9453,30.2138
634,-78.2342,30.8353
634,-78.4789,31.4866
634,-78.5983,32.0204
634,-78.6126,32.8593
634,-78.5794,33.0457
634,-78.7778,33.7572
634,-79.2131,34.3185
634,-79.3602,35.0630
634,-79.4468,35.7913
634,-79.5990,36.4501
634,-79.7804,37.0640
635,-82.8308,24.8124
635,-82.6608,25.2661
635,-82.6858,25.6152
635,-82.9957,25.7267
635,-83.4408,25.7179
635,-83.9158,25.7195
635,-84.1957,25.7207
635,-83.9833,25.7649
635,-83.6507,25.8235
635,-83.5906,25.8748
635,-83.6057,25.9263
635,-83.5831,25.9777
635,-83.5606,26.0291
635,-83.5531,26.0805
635,-83.5156,26.1319
635,-83.4081,26.1833
635,-83.2706,26.2347
635,-83.1481,26.2936
635,-83.0255,26.3375
635,-82.9105,26.3463
635,-82.7805,26.3403
635,-82.6180,26.3392
635,-82.4354,26.3431
635,-82.2879,26.3445
635,-82.1388,26.3463
635,-81.9882,26.3485
635,-81.8353,26.3513
635,-81.6807,26.3545
635,-81.5243,26.3581
635,-81.3661,26.3622
635,-81.2062,26.3667
635,-81.0444,26.3716
635,-80.8799,26.3776
635,-80.7134,26.3840
635,-80.5451,26.3910
635,-80.3749,26.3984
635,-80.2028,26.4063
635,-80.0289,26.4148
635,-79.8515,26.4241
635,-79.6721,26.4339
635,-79.4907,26.4442
635,-79.3075,26.4550
635,-79.1224,26.4663
635,-78.9331,26.4784
635,-78.7418,26.4909
635,-78.5486,26.5040
635,-78.3534,26.5175
635,-78.1563,26.5315
635,-77.9572,26.5460
635,-77.7533,26.5609
635,-77.5475,26.5762
635,-77.3397,26.5919
635,-77.1299,26.6082
635,-76.9182,26.6248
635,-76.7033,26.6416
635,-76.4864,26.6588
635,-76.2677,26.6764
635,-76.0471,26.6945
635,-75.8225,26.7135
635,-75.5961,26.7330
635,-75.3678,26.7529
635,-75.1378,26.7732
635,-74.9060,26.7939
635,-74.6683,26.8182
635,-74.4288,26.8429
635,-74.1875,26.8680
635,-73.9445,26.8935
635,-73.6955,26.9253
635,-73.4446,26.9577
635,-73.1921,26.9905
635,-72.9379,27.0238
635,-72.6794,27.0643
635,-72.4191,27.1053
635,-72.1573,27.1469
635,-71.8483,27.1861
635,-71.5333,27.2331
635,-71.2162,27.2806
635,-70.8971,27.3286
635,-70.5729,27.3836
635,-70.2467,27.4391
635,-69.9186,27.4952
635,-69.5849,27.5562
635,-69.2493,27.6178
635,-68.9120,27.6798
635,-68.5691,27.7450
635,-68.2246,27.8106
635,-67.8784,27.8767
635,-67.5288,27.9431
635,-67.1777,28.0099
635,-66.8253,28.0770
635,-66.4727,28.1423
635,-66.0511,28.2104
635,-65.6313,28.2761
635,-65.2102,28.3421
635,-64.7879,28.4083
635,-64.3685,28.4705
635,-63.9482,28.5328
635,-63.5325,28.5907
635,-63.1160,28.6487
635,-62.7058,28.6995
635,-62.2951,28.7503
635,-61.8840,28.8012
635,-61.4811,28.8413
636,-79.7629,31.5843
636,-79.9196,32.3043
636,-79.8520,33.2299
636,-79.6332,34.2442
636,-79.4195,35.1791
637,-86.8320,28.1535
637,-87.4277,28.2477
637,-88.0820,28.3423
637,-88.6311,28.4291
637,-89.4321,28.7311
637,-90.3531,29.1647
637,-90.8821,29.4200
637,-91.5391,29.8289
637,-92.1322,30.2088
637,-92.5961,30.4102
638,-88.1860,26.8116
638,-87.7219,27.6544
638,-87.2666,28.4486
638,-86.7585,29.3775
638,-86.2472,30.3856
638,-85.8452,31.4423
638,-85.5278,32.5225
638,-85.3297,33.5219
638,-84.9084,34.6595
638,-83.8129,36.1964
638,-82.5890,37.6965
638,-81.8908,38.7821
639,-84.5289,19.6548
639,-84.6099,19.9635
639,-84.6609,20.2422
639,-84.6845,20.5009
639,-84.6930,20.7296
639,-84.7164,20.9383
639,-84.7250,21.1170
639,-84.7134,21.2681
639,-84.6570,21.4044
639,-84.5604,21.5480
639,-84.3891,21.6918
639,-84.1767,21.8557
639,-83.8211,21.9792
639,-83.2871,22.0228
639,-82.9531,22.0665
639,-82.3135,22.0779
639,-81.5851,22.0539
639,-81.0636,22.0047
639,-80.6172,21.9413
639,-80.1606,21.8774
639,-79.7492,21.8287
639,-79.3978,21.8125
639,-79.0812,21.8161
639,-78.6972,21.7848
639,-78.3214,21.7547
639,-77.9537,21.7259
639,-77.5944,21.6980
639,-77.2432,21.6713
639,-76.9002,21.6458
639,-76.5654,21.6211
639,-76.2388,21.5974
639,-75.9203,21.5749
639,-75.6098,21.5532
639,-75.3074,21.5325
639,-75.0131,21.5128
639,-74.7265,21.4940
639,-74.4478,21.4762
639,-74.1771,21.4594
639,-73.9142,21.4435
639,-73.6587,21.4293
639,-73.4109,21.4160
639,-73.1708,21.4037
639,-72.9383,21.3925
639,-72.7131,21.3837
639,-72.4953,21.3760
639,-72.2849,21.3693
639,-72.0819,21.3637
639,-71.8859,21.3600
639,-71.6971,21.3573
639,-71.5154,21.3556
639,-71.3407,21.3550
639,-71.1730,21.3554
639,-71.0122,21.3568
639,-70.8578,21.3595
639,-70.7102,21.3632
639,-70.5691,21.3678
639,-70.4345,21.3734
639,-70.3063,21.3799
639,-70.1844,21.3874
639,-70.0687,21.3958
639,-69.9591,21.4069
639,-69.8554,21.4190
639,-69.7576,21.4320
639,-69.6656,21.4459
639,-69.5792,21.4606
639,-69.4983,21.4762
639,-69.4228,21.4927
639,-69.3526,21.5099
639,-69.2875,21.5280
639,-69.2275,21.5468
639,-69.1723,21.5664
639,-69.1220,21.5867
639,-69.0766,21.6108
639,-69.0357,21.6357
639,-68.9992,21.6612
639,-68.9670,21.6875
639,-68.9388,21.7144
639,-68.9146,21.7420
639,-68.8943,21.7702
639,-68.8776,21.7990
639,-68.8644,21.8284
639,-68.8546,21.8583
639,-68.8480,21.8888
639,-68.8445,21.9197
639,-68.8440,21.9512
639,-68.8462,21.9831
639,-68.8510,22.0154
639,-68.8584,22.0481
639,-68.8680,22.0812
639,-68.8798,22.1147
640,-78.9190,28.5769
640,-79.3733,28.7258
640,-79.7705,28.9158
640,-80.0821,29.1551
640,-80.3317,29.4246
640,-80.4909,29.7844
640,-80.5532,30.2838
640,-80.5998,30.8137
640,-80.7395,31.2284
640,-80.9086,31.6430
640,-81.1296,32.1128
640,-81.2174,32.6723
640,-80.9981,33.4094
640,-80.6263,34.1016
640,-80.3173,34.5036
640,-79.9351,34.8309
640,-79.4632,35.2502
640,-78.8439,35.7602
640,-78.1295,36.3482
640,-77.1527,37.0895
641,-86.7254,27.0062
641,-86.4091,27.9215
641,-86.1014,28.7881
641,-85.7410,29.7895
641,-85.3773,30.8699
641,-85.1231,31.9991
641,-84.9533,33.1518
641,-84.9028,34.2236
641,-84.6292,35.4337
641,-83.6814,37.0430
641,-82.6052,38.6155
641,-82.0546,39.7735
641,-81.5812,40.6974
641,-80.8349,41.5405
642,-86.2648,28.7515
642,-86.9805,28.9156
642,-87.7546,29.0800
642,-88.4237,29.2365
642,-89.3445,29.6085
642,-90.3855,30.1118
642,-91.0344,30.4370
642,-91.8113,30.9157
642,-92.5243,31.3655
642,-93.1081,31.6367
642,-93.6142,31.8940
643,-76.6732,25.3811
643,-76.9087,25.3934
643,-77.1158,25.4095
643,-77.1746,25.3724
643,-77.2584,25.3380
643,-77.3456,25.3428
643,-77.4010,25.3664
643,-77.3873,25.3806
643,-77.3436,25.3949
643,-77.3224,25.4091
643,-77.2862,25.4234
643,-77.2150,25.4376
643,-77.1288,25.4518
643,-77.0426,25.4360
643,-76.9714,25.4803
643,-76.9277,25.6645
643,-76.9139,25.9087
643,-76.9129,26.1079
643,-76.9565,26.3372
643,-77.0628,26.6365
643,-77.1991,26.9657
643,-77.3428,27.2874
643,-77.4417,27.5941
643,-77.4432,27.8658
643,-77.3843,28.1226
643,-77.3206,28.3793
643,-77.2269,28.6511
643,-77.1280,28.9577
643,-76.9695,29.2795
643,-76.7061,29.6013
643,-76.4121,29.9080
643,-76.2276,30.1718
643,-75.9547,30.4364
643,-75.4288,30.7435
643,-74.7973,31.0649
643,-74.2326,31.3562
643,-73.6399,31.6934
643,-72.9726,32.1111
643,-72.2825,32.6218
643,-72.1038,32.6861
643,-71.3026,33.1152
643,-70.0464,33.6145
643,-68.7348,34.1481
643,-67.3890,34.7430
643,-66.1205,35.4038
643,-64.9316,36.1714
643,-63.8493,37.0462
643,-62.7742,37.9999
643,-61.5216,38.9274
643,-60.3168,39.9284
643,-59.2895,41.0618
643,-58.4594,42.2568
643,-57.8594,43.4643
643,-57.3020,44.5853
644,-75.3084,18.8176
644,-75.2180,19.4571
644,-74.9566,20.3305
644,-74.7953,21.2040
644,-74.6596,22.0841
644,-74.6727,22.9508
644,-74.9578,23.8269
644,-75.3501,24.5977
644,-75.6467,25.1810
644,-75.9274,25.6445
644,-76.2312,26.0905
644,-76.5048,26.4914
644,-76.7384,26.8798
644,-76.8821,27.2382
644,-76.9084,27.5616
644,-76.8595,27.8851
644,-76.8205,28.2435
644,-76.7369,28.6319
644,-76.6275,29.0326
644,-76.4142,29.4788
644,-76.0407,29.9949
644,-75.5916,30.5256
644,-75.1724,31.0065
644,-74.7689,31.4725
644,-74.4072,31.9531
644,-74.0463,32.4193
644,-73.6494,32.8426
644,-73.2237,33.2662
644,-72.7692,33.7095
644,-72.3010,34.2130
644,-71.8024,34.7917
644,-71.3784,35.4599
644,-71.0556,36.1956
644,-70.9557,37.0068
644,-71.0438,37.8785
644,-71.5331,38.7536
644,-72.6137,39.5842
644,-73.8105,40.3005
644,-74.6491,40.8739
644,-75.1878,41.6473
645,-86.3508,28.4926
645,-85.8459,29.2903
645,-85.4023,30.0704
645,-85.0051,30.5288
645,-84.4291,31.1479
645,-83.7644,31.7673
645,-83.0724,32.3711
645,-82.3237,33.0058
645,-81.5630,33.7537
645,-80.6829,34.4443
645,-79.6352,34.9152
646,-80.4025,21.2441
646,-80.2794,21.5482
646,-80.1114,21.8674
646,-79.9255,22.2062
646,-79.6203,22.5906
646,-79.1273,23.0298
646,-78.5292,23.5138
646,-77.9559,24.0176
646,-77.3382,24.5371
646,-76.7093,25.0477
646,-75.9471,25.5603
646,-74.9904,26.0563
646,-73.8560,26.5835
646,-72.6274,27.1866
646,-71.2649,27.8068
646,-69.7908,28.3754
646,-68.2738,28.9300
646,-66.8107,29.4915
646,-65.3827,30.0533
646,-63.9122,30.6149
646,-62.4472,31.1652
646,-60.9831,31.7048
646,-59.5255,32.2327
646,-58.0635,32.7516
646,-56.6096,33.2592
646,-55.1466,33.7596
646,-53.6888,34.2502
646,-52.2224,34.7371
646,-50.7616,35.2148
646,-49.2873,35.6877
646,-47.8178,36.1505
646,-46.3307,36.6086
646,-44.8491,37.0562
646,-43.3844,37.4917
646,-41.8878,37.9253
646,-40.4085,38.3426
646,-38.8904,38.7580
646,-37.3938,39.1564
646,-35.8556,39.5545
646,-34.3332,39.9308
646,-32.8168,40.2898
646,-31.2604,40.6272
646,-29.7096,40.9434
646,-28.1795,41.2235
646,-26.5907,41.4898
646,-25.0244,41.7128
646,-23.4859,41.8946
646,-21.9607,42.0514
646,-20.4708,42.1778
646,-18.9330,42.2983
646,-17.4334,42.3834
646,-15.9514,42.4457
646,-14.5082,42.4813
646,-13.0856,42.4981
646,-11.7067,42.4992
646,-10.3520,42.4905
646,-9.0185,42.4720
646,-7.7101,42.4315
647,-90.8769,27.7821
647,-91.4742,28.1149
647,-91.8225,28.4701
647,-91.9278,28.8647
647,-92.1621,29.2246
647,-92.3814,29.6145
647,-92.6028,30.0894
647,-92.7350,30.5643
647,-92.7069,30.9468
647,-92.5886,31.3142
647,-92.4802,31.7315
647,-92.3421,32.1640
647,-92.2061,32.6036
648,-76.2593,31.5337
648,-76.5008,32.1812
648,-76.7410,32.8439
648,-77.0539,33.5341
648,-77.3226,34.2540
648,-77.4660,34.8566
648,-77.5042,35.7642
648,-77.4951,36.0193
648,-77.7174,36.7995
648,-78.1767,37.4294
648,-78.3478,38.2426
649,-93.5376,27.0733
649,-93.1713,28.2837
649,-92.6051,29.2942
649,-91.7399,30.5476
649,-90.4726,31.9150
649,-88.8737,33.1788
649,-86.8401,34.4359
649,-84.4673,35.7514
650,-89.9536,29.0810
650,-90.3562,29.3758
650,-90.6588,29.6706
650,-90.9615,29.9188
650,-91.2639,30.1602
650,-91.5740,30.4475
651,-88.5871,27.9650
651,-88.0541,28.9325
651,-87.5298,29.8512
651,-86.9528,30.9047
651,-86.3725,32.0374
651,-85.9016,33.2187
651,-85.5152,34.4236
652,-67.0088,27.5306
652,-67.9702,27.8442
652,-68.8857,28.1732
652,-69.7120,28.5440
652,-70.4627,28.9158
652,-71.1673,29.2217
652,-71.8397,29.5585
652,-72.5211,29.9994
652,-73.2167,30.5011
652,-73.9700,31.0300
652,-74.6936,31.5438
652,-75.3128,31.9946
652,-75.8706,32.3864
652,-76.4170,32.7375
652,-76.9476,33.0290
652,-77.5162,33.2730
652,-78.0245,33.4717
652,-78.3784,33.6651
652,-78.7015,33.8143
652,-79.1264,33.9165
652,-79.5785,33.9569
652,-79.9953,34.0398
652,-80.4555,33.7996
653,-92.9502,27.0146
653,-92.5501,28.2043
653,-91.9501,29.1940
653,-91.0511,30.4267
653,-89.7500,31.7734
653,-88.1173,33.0165
653,-86.0499,34.2528
654,-75.6032,27.8129
654,-75.9814,28.5952
654,-76.2836,29.4077
654,-76.5759,30.2701
654,-76.7640,31.1026
654,-76.8289,31.8073
654,-76.7444,32.4974
654,-76.5297,33.2724
654,-76.2248,34.0922
654,-75.9513,34.9392
654,-75.6052,35.7870
654,-75.1540,36.5915
654,-74.5856,37.3818
654,-73.9482,38.1707
654,-73.1660,38.9766
654,-72.2333,39.7632
654,-71.1464,40.6715
654,-69.8904,41.7911
654,-68.6268,43.0663
655,-88.6404,27.4400
655,-88.9915,28.2978
655,-89.1541,29.0913
655,-89.2607,29.9744
655,-89.0679,30.6426
655,-88.7248,31.4425
655,-88.3817,32.4939
655,-88.0737,33.4889
655,-87.6954,34.5452
655,-87.2019,35.5948
656,-83.8853,19.6280
656,-84.5825,20.1024
656,-85.2793,20.5922
656,-85.9738,21.0626
656,-86.6733,21.5565
656,-87.3239,22.0762
656,-88.2673,22.7207
656,-89.0904,23.1771
656,-89.7614,23.4850
656,-90.5237,23.8595
656,-91.2554,24.2492
656,-91.9326,24.6736
656,-92.5494,25.1135
656,-93.1342,25.5379
656,-93.6434,25.9777
656,-94.0856,26.4522
656,-94.4375,26.9419
656,-94.7222,27.4090
656,-94.9315,27.9062
656,-95.1011,28.4583
656,-95.2255,29.0704
656,-95.3523,29.7375
656,-95.4196,30.4347
656,-95.4211,31.1068
656,-95.3136,31.7989
656,-95.1455,32.4798
656,-94.7076,33.3632
656,-94.3419,34.1744
656,-94.1016,34.8274
656,-93.7559,35.4970
656,-93.3957,36.0917
656,-93.0571,36.6110
656,-92.6897,37.0559
656,-92.2514,37.4605
656,-91.7837,37.8202
656,-91.3379,38.1670
656,-90.8777,38.4844
656,-90.3895,38.7813
656,-89.8718,39.0487
656,-89.3267,39.2889
656,-88.7658,39.5129
656,-88.2378,39.7700
656,-87.6809,40.0211
657,-91.0091,28.4453
657,-90.9986,29.0200
657,-90.8685,29.4784
657,-90.6510,29.7869
657,-90.4493,30.1777
657,-90.2033,30.5537
657,-89.9240,30.9018
657,-89.5556,31.2205
657,-89.0767,31.5263
657,-88.5080,31.7873
657,-87.9138,32.0004
657,-87.2603,32.1541
657,-86.5585,32.2598
657,-85.8126,32.3210
657,-85.0459,32.3616
657,-84.2649,32.3878
657,-83.4834,32.4209
657,-82.7173,32.4546
657,-81.9858,32.4950
657,-81.2696,32.5214
657,-80.5454,32.5119
657,-79.8219,32.4883
657,-79.0977,32.4638
657,-78.3743,32.4551
657,-77.6427,32.4732
657,-76.9266,32.5219
657,-76.2451,32.5973
657,-75.5789,32.6887
657,-74.9048,32.7718
657,-74.2313,32.8556
657,-73.5569,32.9311
657,-72.8836,33.0224
657,-72.2095,33.1479
658,-87.3826,28.2683
658,-86.9814,28.5725
658,-86.5804,28.9071
658,-86.2226,29.1880
658,-85.7783,29.5458
658,-85.1155,30.0855
658,-84.3761,30.6845
658,-83.7391,31.2327
658,-83.0740,31.7232
658,-82.2636,32.0779
658,-81.4719,32.4619
658,-80.8618,33.0348
658,-80.2697,33.7006
658,-79.5719,34.4215
658,-78.7676,35.0393
658,-77.9723,35.2963
658,-76.8654,35.5780
658,-75.2564,36.1889
659,-85.5604,19.4304
659,-85.7598,19.8980
659,-85.9587,20.2766
659,-86.1241,20.5864
659,-86.2936,21.0381
659,-86.3885,21.4748
659,-86.3732,21.7989
659,-86.2528,22.0632
659,-86.0501,22.3300
659,-85.8171,22.5516
659,-85.6192,22.7333
659,-85.4814,22.8400
659,-85.4336,22.8642
659,-85.4458,22.8285
659,-85.4479,22.7876
659,-85.5101,22.7169
659,-85.6773,22.6262
659,-85.8744,22.5053
659,-86.0030,22.3767
659,-86.1387,22.1937
659,-86.3209,21.9379
659,-86.4030,21.6822
659,-86.4047,21.3894
659,-86.3674,21.0706
659,-86.4245,20.7898
659,-86.4827,20.5143
659,-86.5418,20.2441
659,-86.6019,19.9792
659,-86.6694,19.7193
659,-86.7394,19.4646
659,-86.8120,19.2151
659,-86.8870,18.9709
659,-86.9761,18.7316
659,-87.0692,18.4976
659,-87.1660,18.2686
659,-87.2671,18.0436
659,-87.3853,17.8230
659,-87.5084,17.6073
659,-87.6364,17.3965
659,-87.7691,17.1906
659,-87.9066,16.9895
659,-88.0610,16.7917
659,-88.2207,16.5985
659,-88.3864,16.4095
659,-88.5573,16.2251
659,-88.7335,16.0453
659,-88.9271,15.8679
659,-89.1262,15.6949
659,-89.3303,15.5241
659,-89.5399,15.3576
659,-89.7549,15.1952
659,-89.9753,15.0370
659,-90.2118,14.8831
659,-90.4572,14.7326
660,-86.7703,29.0642
660,-86.6751,29.1093
660,-86.6006,29.0821
660,-86.4157,28.9912
660,-86.2310,28.9001
660,-86.1312,28.8866
660,-86.0613,28.9181
660,-85.9690,28.9696
660,-85.8917,29.0361
660,-85.8418,29.0951
660,-85.8220,29.1541
660,-85.8297,29.2056
660,-85.8524,29.2721
660,-85.8750,29.3661
660,-85.8827,29.4900
660,-85.8852,29.6415
660,-85.8130,29.8080
660,-85.5859,29.9372
660,-85.3434,30.1260
660,-85.2508,30.4924
660,-85.1737,30.8440
660,-84.9964,30.9980
660,-84.8041,31.0620
660,-84.6691,31.1209
660,-84.5344,31.1800
661,-78.5596,33.8151
661,-78.4608,33.9357
661,-77.9911,35.0941
661,-77.3434,36.4299
661,-76.5519,37.9109
661,-75.6826,39.5389
661,-74.7126,41.2276
661,-73.6147,42.8742
661,-72.5734,44.4444
662,-91.0440,26.7502
662,-90.9105,27.3545
662,-90.8770,27.6588
662,-90.4435,28.1631
662,-89.9101,28.6673
662,-89.5413,29.0121
662,-89.2431,29.2759
662,-88.8742,29.5800
662,-88.4761,29.8845
662,-88.1296,30.1423
662,-87.6091,30.4931
662,-86.7251,31.0828
662,-85.6421,31.7016
662,-84.5332,32.0987
662,-83.4751,32.5102
662,-82.5977,33.1855
663,-76.8302,31.7030
663,-76.4149,32.0954
663,-75.8204,32.4588
663,-75.0234,32.8026
663,-74.2106,33.1145
663,-73.5806,33.4294
663,-73.1008,33.6703
663,-72.7128,33.7854
663,-72.4910,33.8261
663,-72.3960,33.8762
663,-72.4812,33.8819
663,-72.7466,33.8100
663,-73.0714,33.7377
663,-73.3189,33.7730
663,-73.4616,33.7934
663,-73.4216,33.6489
663,-73.3518,33.5492
663,-73.4094,33.7046
663,-73.5420,33.9050
663,-73.7521,33.9705
663,-73.9322,33.9608
663,-73.9574,33.9111
663,-73.9224,33.8165
663,-73.9025,33.6944
663,-73.9126,33.5723
663,-73.9852,33.5077
663,-74.1028,33.4281
663,-74.2480,33.2935
663,-74.3930,33.0839
663,-74.4956,32.7843
663,-74.5832,32.4397
663,-74.7010,32.1025
663,-74.7734,31.7954
663,-74.7333,31.5434
663,-74.6636,31.3512
663,-74.6288,31.1916
663,-74.6538,31.1070
663,-74.7540,31.1048
663,-74.9440,31.1628
663,-75.1945,31.2030
663,-75.5342,31.3185
663,-75.9640,31.5666
663,-76.4244,31.8743
663,-76.7962,32.1519
663,-77.2146,32.4301
663,-77.7597,32.7080
663,-78.1048,32.8859
663,-78.5558,33.0966
663,-79.0950,33.3417
663,-79.7118,33.6499
663,-80.2852,33.8974
663,-80.6760,33.9699
663,-80.9754,33.9532
663,-81.3007,33.9236
663,-81.5656,33.9090
663,-81.7631,33.9418
663,-81.8558,34.0648
663,-81.8459,34.3051
663,-81.7460,34.6206
663,-81.6504,34.9331
664,-80.7998,31.7894
664,-81.0032,32.5266
664,-80.9822,33.4695
664,-80.8100,34.5010
664,-80.6430,35.4531
665,-91.3245,26.2126
665,-91.7537,26.9877
665,-92.2153,27.7442
665,-92.4992,28.2833
665,-92.7060,28.9758
665,-92.8438,29.8050
665,-92.7967,30.4074
665,-92.6156,31.1420
665,-92.2875,31.9390
665,-91.9130,32.7369
665,-91.3782,33.6706
665,-90.6397,34.8227
666,-86.3230,29.1146
666,-85.9831,30.0580
666,-85.7365,30.6120
666,-85.0653,31.2989
666,-84.4419,31.8725
666,-83.7474,32.4398
666,-82.9179,33.0877
666,-82.0296,33.7807
666,-81.1485,34.5234
666,-80.3118,35.2217
667,-88.5595,26.4423
667,-88.1836,27.4293
667,-87.8163,28.3676
667,-87.3963,29.4408
667,-86.9730,30.5930
667,-86.6592,31.7939
667,-86.4298,33.0183
667,-86.3197,34.1619
667,-85.9865,35.4437
667,-84.9791,37.1248
667,-83.8433,38.7690
667,-83.2331,39.9988
667,-82.7000,40.9944
668,-75.5451,28.9876
668,-75.6507,29.5231
668,-75.7550,30.0739
668,-75.9320,30.6521
668,-76.0648,31.2601
668,-76.0723,31.7507
668,-75.9747,32.5464
668,-75.8296,32.6895
668,-75.9161,33.3578
668,-76.2395,33.8758
668,-76.2747,34.5771
668,-76.2494,35.2621
668,-76.2897,35.8776
668,-76.3593,36.4483
668,-76.4570,36.9989
668,-76.5691,37.5346
668,-76.7036,38.1078
668,-76.7790,38.6208
668,-76.7295,38.9939
669,-76.8320,30.0607
669,-77.0081,30.6349
669,-77.1829,31.2243
669,-77.4304,31.8412
669,-77.6338,32.4878
669,-77.7118,33.0170
669,-77.6847,33.8513
669,-77.6101,34.0331
669,-77.7671,34.7400
669,-78.1610,35.2966
669,-78.2667,36.0366
669,-78.3120,36.7602
